Tahun,Bulan,Provinsi,Jenis_Pendapatan,Realisasi,Tanggal
2021,1,Aceh,Belanja Modal,2199333370928.9,2021-01-01
2021,2,Aceh,Belanja Modal,0.0,2021-02-01
2021,3,Aceh,Belanja Modal,0.0,2021-03-01
2021,4,Aceh,Belanja Modal,0.0,2021-04-01
2021,5,Aceh,Belanja Modal,0.0,2021-05-01
2021,6,Aceh,Belanja Modal,0.0,2021-06-01
2021,7,Aceh,Belanja Modal,0.0,2021-07-01
2021,8,Aceh,Belanja Modal,0.0,2021-08-01
2021,9,Aceh,Belanja Modal,0.0,2021-09-01
2021,10,Aceh,Belanja Modal,0.0,2021-10-01
2021,11,Aceh,Belanja Modal,0.0,2021-11-01
2021,12,Aceh,Belanja Modal,0.0,2021-12-01
2022,1,Aceh,Belanja Modal,2868705757385.0,2022-01-01
2022,2,Aceh,Belanja Modal,0.0,2022-02-01
2022,3,Aceh,Belanja Modal,0.0,2022-03-01
2022,4,Aceh,Belanja Modal,0.0,2022-04-01
2022,5,Aceh,Belanja Modal,0.0,2022-05-01
2022,6,Aceh,Belanja Modal,0.0,2022-06-01
2022,7,Aceh,Belanja Modal,0.0,2022-07-01
2022,8,Aceh,Belanja Modal,0.0,2022-08-01
2022,9,Aceh,Belanja Modal,0.0,2022-09-01
2022,10,Aceh,Belanja Modal,0.0,2022-10-01
2022,11,Aceh,Belanja Modal,0.0,2022-11-01
2022,12,Aceh,Belanja Modal,0.0,2022-12-01
2023,1,Aceh,Belanja Modal,0.0,2023-01-01
2023,2,Aceh,Belanja Modal,1572981291.0,2023-02-01
2023,3,Aceh,Belanja Modal,37028205064.78,2023-03-01
2023,4,Aceh,Belanja Modal,100066713837.39001,2023-04-01
2023,5,Aceh,Belanja Modal,0.0,2023-05-01
2023,6,Aceh,Belanja Modal,92597543640.44998,2023-06-01
2023,7,Aceh,Belanja Modal,104292593535.95001,2023-07-01
2023,8,Aceh,Belanja Modal,182723198909.69,2023-08-01
2023,9,Aceh,Belanja Modal,108061130077.42004,2023-09-01
2023,10,Aceh,Belanja Modal,200105338842.55994,2023-10-01
2023,11,Aceh,Belanja Modal,173082055955.0,2023-11-01
2023,12,Aceh,Belanja Modal,609013574513.1599,2023-12-01
2024,1,Aceh,Belanja Modal,0.0,2024-01-01
2024,2,Aceh,Belanja Modal,0.0,2024-02-01
2024,3,Aceh,Belanja Modal,2438846031.0,2024-03-01
2024,4,Aceh,Belanja Modal,71332547481.0,2024-04-01
2024,5,Aceh,Belanja Modal,19301874488.0,2024-05-01
2024,6,Aceh,Belanja Modal,19919703337.160004,2024-06-01
2024,7,Aceh,Belanja Modal,120253454203.10999,2024-07-01
2024,8,Aceh,Belanja Modal,64129361321.76999,2024-08-01
2024,9,Aceh,Belanja Modal,78513399185.08002,2024-09-01
2024,10,Aceh,Belanja Modal,62005170108.51001,2024-10-01
2024,11,Aceh,Belanja Modal,165787871798.88,2024-11-01
2024,12,Aceh,Belanja Modal,640735443221.69,2024-12-01
2025,1,Aceh,Belanja Modal,9440000.0,2025-01-01
2025,2,Aceh,Belanja Modal,36944500.0,2025-02-01
2025,3,Aceh,Belanja Modal,27907378875.0,2025-03-01
2025,4,Aceh,Belanja Modal,733302900.0,2025-04-01
2025,5,Aceh,Belanja Modal,68765377363.71,2025-05-01
2025,6,Aceh,Belanja Modal,49114147455.999985,2025-06-01
2025,7,Aceh,Belanja Modal,55994401568.51001,2025-07-01
2025,8,Aceh,Belanja Modal,105031835066.87997,2025-08-01
2025,9,Aceh,Belanja Modal,77846627169.0,2025-09-01
2025,10,Aceh,Belanja Modal,64549894644.23004,2025-10-01
2025,11,Aceh,Belanja Modal,102414167986.29999,2025-11-01
2025,12,Aceh,Belanja Modal,324909412662.06995,2025-12-01
2021,1,Aceh,Pendapatan Asli Daerah (PAD),2505887909031.1,2021-01-01
2021,2,Aceh,Pendapatan Asli Daerah (PAD),0.0,2021-02-01
2021,3,Aceh,Pendapatan Asli Daerah (PAD),0.0,2021-03-01
2021,4,Aceh,Pendapatan Asli Daerah (PAD),0.0,2021-04-01
2021,5,Aceh,Pendapatan Asli Daerah (PAD),0.0,2021-05-01
2021,6,Aceh,Pendapatan Asli Daerah (PAD),0.0,2021-06-01
2021,7,Aceh,Pendapatan Asli Daerah (PAD),0.0,2021-07-01
2021,8,Aceh,Pendapatan Asli Daerah (PAD),0.0,2021-08-01
2021,9,Aceh,Pendapatan Asli Daerah (PAD),0.0,2021-09-01
2021,10,Aceh,Pendapatan Asli Daerah (PAD),0.0,2021-10-01
2021,11,Aceh,Pendapatan Asli Daerah (PAD),0.0,2021-11-01
2021,12,Aceh,Pendapatan Asli Daerah (PAD),0.0,2021-12-01
2022,1,Aceh,Pendapatan Asli Daerah (PAD),2917145003052.0,2022-01-01
2022,2,Aceh,Pendapatan Asli Daerah (PAD),0.0,2022-02-01
2022,3,Aceh,Pendapatan Asli Daerah (PAD),0.0,2022-03-01
2022,4,Aceh,Pendapatan Asli Daerah (PAD),0.0,2022-04-01
2022,5,Aceh,Pendapatan Asli Daerah (PAD),0.0,2022-05-01
2022,6,Aceh,Pendapatan Asli Daerah (PAD),0.0,2022-06-01
2022,7,Aceh,Pendapatan Asli Daerah (PAD),0.0,2022-07-01
2022,8,Aceh,Pendapatan Asli Daerah (PAD),0.0,2022-08-01
2022,9,Aceh,Pendapatan Asli Daerah (PAD),0.0,2022-09-01
2022,10,Aceh,Pendapatan Asli Daerah (PAD),0.0,2022-10-01
2022,11,Aceh,Pendapatan Asli Daerah (PAD),0.0,2022-11-01
2022,12,Aceh,Pendapatan Asli Daerah (PAD),0.0,2022-12-01
2023,1,Aceh,Pendapatan Asli Daerah (PAD),194954458195.28,2023-01-01
2023,2,Aceh,Pendapatan Asli Daerah (PAD),189775229506.43002,2023-02-01
2023,3,Aceh,Pendapatan Asli Daerah (PAD),221808456601.15997,2023-03-01
2023,4,Aceh,Pendapatan Asli Daerah (PAD),541632629501.7301,2023-04-01
2023,5,Aceh,Pendapatan Asli Daerah (PAD),0.0,2023-05-01
2023,6,Aceh,Pendapatan Asli Daerah (PAD),191727016132.2998,2023-06-01
2023,7,Aceh,Pendapatan Asli Daerah (PAD),286692825764.30005,2023-07-01
2023,8,Aceh,Pendapatan Asli Daerah (PAD),246679450585.90015,2023-08-01
2023,9,Aceh,Pendapatan Asli Daerah (PAD),195836460063.3999,2023-09-01
2023,10,Aceh,Pendapatan Asli Daerah (PAD),280684146283.2002,2023-10-01
2023,11,Aceh,Pendapatan Asli Daerah (PAD),156810984559.8999,2023-11-01
2023,12,Aceh,Pendapatan Asli Daerah (PAD),279989693552.0,2023-12-01
2024,1,Aceh,Pendapatan Asli Daerah (PAD),258890127317.78,2024-01-01
2024,2,Aceh,Pendapatan Asli Daerah (PAD),140223930071.11002,2024-02-01
2024,3,Aceh,Pendapatan Asli Daerah (PAD),196147890953.90002,2024-03-01
2024,4,Aceh,Pendapatan Asli Daerah (PAD),341019096067.61,2024-04-01
2024,5,Aceh,Pendapatan Asli Daerah (PAD),444818895643.9999,2024-05-01
2024,6,Aceh,Pendapatan Asli Daerah (PAD),197880513382.30005,2024-06-01
2024,7,Aceh,Pendapatan Asli Daerah (PAD),351812813319.0,2024-07-01
2024,8,Aceh,Pendapatan Asli Daerah (PAD),179308469917.40015,2024-08-01
2024,9,Aceh,Pendapatan Asli Daerah (PAD),210654590316.1001,2024-09-01
2024,10,Aceh,Pendapatan Asli Daerah (PAD),298008533345.0,2024-10-01
2024,11,Aceh,Pendapatan Asli Daerah (PAD),214015517678.1997,2024-11-01
2024,12,Aceh,Pendapatan Asli Daerah (PAD),392905547843.6001,2024-12-01
2025,1,Aceh,Pendapatan Asli Daerah (PAD),170135991517.76,2025-01-01
2025,2,Aceh,Pendapatan Asli Daerah (PAD),129145417275.10999,2025-02-01
2025,3,Aceh,Pendapatan Asli Daerah (PAD),374961696168.18005,2025-03-01
2025,4,Aceh,Pendapatan Asli Daerah (PAD),341421141848.5499,2025-04-01
2025,5,Aceh,Pendapatan Asli Daerah (PAD),152142179695.29993,2025-05-01
2025,6,Aceh,Pendapatan Asli Daerah (PAD),208581108833.5,2025-06-01
2025,7,Aceh,Pendapatan Asli Daerah (PAD),254522691159.80005,2025-07-01
2025,8,Aceh,Pendapatan Asli Daerah (PAD),170452447703.40015,2025-08-01
2025,9,Aceh,Pendapatan Asli Daerah (PAD),193446574389.5,2025-09-01
2025,10,Aceh,Pendapatan Asli Daerah (PAD),261158108069.8999,2025-10-01
2025,11,Aceh,Pendapatan Asli Daerah (PAD),172910200422.2002,2025-11-01
2025,12,Aceh,Pendapatan Asli Daerah (PAD),111730223680.8999,2025-12-01
2021,1,Aceh,Total Belanja Daerah,13683582127432.0,2021-01-01
2021,2,Aceh,Total Belanja Daerah,0.0,2021-02-01
2021,3,Aceh,Total Belanja Daerah,0.0,2021-03-01
2021,4,Aceh,Total Belanja Daerah,0.0,2021-04-01
2021,5,Aceh,Total Belanja Daerah,0.0,2021-05-01
2021,6,Aceh,Total Belanja Daerah,0.0,2021-06-01
2021,7,Aceh,Total Belanja Daerah,0.0,2021-07-01
2021,8,Aceh,Total Belanja Daerah,0.0,2021-08-01
2021,9,Aceh,Total Belanja Daerah,0.0,2021-09-01
2021,10,Aceh,Total Belanja Daerah,0.0,2021-10-01
2021,11,Aceh,Total Belanja Daerah,0.0,2021-11-01
2021,12,Aceh,Total Belanja Daerah,0.0,2021-12-01
2022,1,Aceh,Total Belanja Daerah,15773078722046.0,2022-01-01
2022,2,Aceh,Total Belanja Daerah,0.0,2022-02-01
2022,3,Aceh,Total Belanja Daerah,0.0,2022-03-01
2022,4,Aceh,Total Belanja Daerah,0.0,2022-04-01
2022,5,Aceh,Total Belanja Daerah,0.0,2022-05-01
2022,6,Aceh,Total Belanja Daerah,0.0,2022-06-01
2022,7,Aceh,Total Belanja Daerah,0.0,2022-07-01
2022,8,Aceh,Total Belanja Daerah,0.0,2022-08-01
2022,9,Aceh,Total Belanja Daerah,0.0,2022-09-01
2022,10,Aceh,Total Belanja Daerah,0.0,2022-10-01
2022,11,Aceh,Total Belanja Daerah,0.0,2022-11-01
2022,12,Aceh,Total Belanja Daerah,0.0,2022-12-01
2023,1,Aceh,Total Belanja Daerah,139422965300.78,2023-01-01
2023,2,Aceh,Total Belanja Daerah,373908907042.17004,2023-02-01
2023,3,Aceh,Total Belanja Daerah,580998442662.55,2023-03-01
2023,4,Aceh,Total Belanja Daerah,941386107515.0,2023-04-01
2023,5,Aceh,Total Belanja Daerah,0.0,2023-05-01
2023,6,Aceh,Total Belanja Daerah,754628412951.6001,2023-06-01
2023,7,Aceh,Total Belanja Daerah,959053966576.3999,2023-07-01
2023,8,Aceh,Total Belanja Daerah,804150938363.7998,2023-08-01
2023,9,Aceh,Total Belanja Daerah,774495553945.5,2023-09-01
2023,10,Aceh,Total Belanja Daerah,1027273655020.7002,2023-10-01
2023,11,Aceh,Total Belanja Daerah,1165635294058.4004,2023-11-01
2023,12,Aceh,Total Belanja Daerah,2968091055297.0996,2023-12-01
2024,1,Aceh,Total Belanja Daerah,123210703452.42,2024-01-01
2024,2,Aceh,Total Belanja Daerah,122043434063.56999,2024-02-01
2024,3,Aceh,Total Belanja Daerah,434148678218.99,2024-03-01
2024,4,Aceh,Total Belanja Daerah,898039940283.72,2024-04-01
2024,5,Aceh,Total Belanja Daerah,1313750057434.0002,2024-05-01
2024,6,Aceh,Total Belanja Daerah,818006488536.2998,2024-06-01
2024,7,Aceh,Total Belanja Daerah,1033041198041.0996,2024-07-01
2024,8,Aceh,Total Belanja Daerah,1610404092753.1006,2024-08-01
2024,9,Aceh,Total Belanja Daerah,740879823374.5996,2024-09-01
2024,10,Aceh,Total Belanja Daerah,630129933533.6006,2024-10-01
2024,11,Aceh,Total Belanja Daerah,1074241808746.5,2024-11-01
2024,12,Aceh,Total Belanja Daerah,2489252729414.0996,2024-12-01
2025,1,Aceh,Total Belanja Daerah,137806240391.0,2025-01-01
2025,2,Aceh,Total Belanja Daerah,245371855096.0,2025-02-01
2025,3,Aceh,Total Belanja Daerah,866617379218.2,2025-03-01
2025,4,Aceh,Total Belanja Daerah,555513670602.0,2025-04-01
2025,5,Aceh,Total Belanja Daerah,902210886637.0002,2025-05-01
2025,6,Aceh,Total Belanja Daerah,1098015884891.2998,2025-06-01
2025,7,Aceh,Total Belanja Daerah,564431411905.0,2025-07-01
2025,8,Aceh,Total Belanja Daerah,1020009361950.7002,2025-08-01
2025,9,Aceh,Total Belanja Daerah,1051292076543.7002,2025-09-01
2025,10,Aceh,Total Belanja Daerah,520607583645.3994,2025-10-01
2025,11,Aceh,Total Belanja Daerah,1074107215943.0,2025-11-01
2025,12,Aceh,Total Belanja Daerah,1764525267537.2998,2025-12-01
2021,1,Aceh,Total Pendapatan Daerah,13948388273436.0,2021-01-01
2021,2,Aceh,Total Pendapatan Daerah,0.0,2021-02-01
2021,3,Aceh,Total Pendapatan Daerah,0.0,2021-03-01
2021,4,Aceh,Total Pendapatan Daerah,0.0,2021-04-01
2021,5,Aceh,Total Pendapatan Daerah,0.0,2021-05-01
2021,6,Aceh,Total Pendapatan Daerah,0.0,2021-06-01
2021,7,Aceh,Total Pendapatan Daerah,0.0,2021-07-01
2021,8,Aceh,Total Pendapatan Daerah,0.0,2021-08-01
2021,9,Aceh,Total Pendapatan Daerah,0.0,2021-09-01
2021,10,Aceh,Total Pendapatan Daerah,0.0,2021-10-01
2021,11,Aceh,Total Pendapatan Daerah,0.0,2021-11-01
2021,12,Aceh,Total Pendapatan Daerah,0.0,2021-12-01
2022,1,Aceh,Total Pendapatan Daerah,13713584703596.0,2022-01-01
2022,2,Aceh,Total Pendapatan Daerah,0.0,2022-02-01
2022,3,Aceh,Total Pendapatan Daerah,0.0,2022-03-01
2022,4,Aceh,Total Pendapatan Daerah,0.0,2022-04-01
2022,5,Aceh,Total Pendapatan Daerah,0.0,2022-05-01
2022,6,Aceh,Total Pendapatan Daerah,0.0,2022-06-01
2022,7,Aceh,Total Pendapatan Daerah,0.0,2022-07-01
2022,8,Aceh,Total Pendapatan Daerah,0.0,2022-08-01
2022,9,Aceh,Total Pendapatan Daerah,0.0,2022-09-01
2022,10,Aceh,Total Pendapatan Daerah,0.0,2022-10-01
2022,11,Aceh,Total Pendapatan Daerah,0.0,2022-11-01
2022,12,Aceh,Total Pendapatan Daerah,0.0,2022-12-01
2023,1,Aceh,Total Pendapatan Daerah,445676306487.28,2023-01-01
2023,2,Aceh,Total Pendapatan Daerah,353874656706.42993,2023-02-01
2023,3,Aceh,Total Pendapatan Daerah,477951880726.99,2023-03-01
2023,4,Aceh,Total Pendapatan Daerah,2111672341853.4001,2023-04-01
2023,5,Aceh,Total Pendapatan Daerah,0.0,2023-05-01
2023,6,Aceh,Total Pendapatan Daerah,410569870907.2998,2023-06-01
2023,7,Aceh,Total Pendapatan Daerah,741002763964.1997,2023-07-01
2023,8,Aceh,Total Pendapatan Daerah,366831939585.9004,2023-08-01
2023,9,Aceh,Total Pendapatan Daerah,1890360041347.9004,2023-09-01
2023,10,Aceh,Total Pendapatan Daerah,683255568762.1992,2023-10-01
2023,11,Aceh,Total Pendapatan Daerah,1895275738474.9004,2023-11-01
2023,12,Aceh,Total Pendapatan Daerah,839843795162.5,2023-12-01
2024,1,Aceh,Total Pendapatan Daerah,739138924411.28,2024-01-01
2024,2,Aceh,Total Pendapatan Daerah,310639915218.9199,2024-02-01
2024,3,Aceh,Total Pendapatan Daerah,410711197303.90015,2024-03-01
2024,4,Aceh,Total Pendapatan Daerah,1797243004217.6,2024-04-01
2024,5,Aceh,Total Pendapatan Daerah,762320538405.0996,2024-05-01
2024,6,Aceh,Total Pendapatan Daerah,628358463572.2998,2024-06-01
2024,7,Aceh,Total Pendapatan Daerah,2298308963669.0,2024-07-01
2024,8,Aceh,Total Pendapatan Daerah,640378440004.4004,2024-08-01
2024,9,Aceh,Total Pendapatan Daerah,573577642381.0996,2024-09-01
2024,10,Aceh,Total Pendapatan Daerah,855871754547.0996,2024-10-01
2024,11,Aceh,Total Pendapatan Daerah,1340945001400.3008,2024-11-01
2024,12,Aceh,Total Pendapatan Daerah,1038544223799.0,2024-12-01
2025,1,Aceh,Total Pendapatan Daerah,633878561527.64,2025-01-01
2025,2,Aceh,Total Pendapatan Daerah,288513580591.89,2025-02-01
2025,3,Aceh,Total Pendapatan Daerah,549582842836.07007,2025-03-01
2025,4,Aceh,Total Pendapatan Daerah,560518227092.5999,2025-04-01
2025,5,Aceh,Total Pendapatan Daerah,1632590606045.3,2025-05-01
2025,6,Aceh,Total Pendapatan Daerah,570105592785.5,2025-06-01
2025,7,Aceh,Total Pendapatan Daerah,2069484775785.7002,2025-07-01
2025,8,Aceh,Total Pendapatan Daerah,757673841806.3994,2025-08-01
2025,9,Aceh,Total Pendapatan Daerah,738395689270.5,2025-09-01
2025,10,Aceh,Total Pendapatan Daerah,479074171069.9004,2025-10-01
2025,11,Aceh,Total Pendapatan Daerah,1491690203512.3008,2025-11-01
2025,12,Aceh,Total Pendapatan Daerah,440505038431.1992,2025-12-01
2021,1,Aceh,Transfer ke Daerah dan Dana Desa (TKDD),11431169265498.0,2021-01-01
2021,2,Aceh,Transfer ke Daerah dan Dana Desa (TKDD),0.0,2021-02-01
2021,3,Aceh,Transfer ke Daerah dan Dana Desa (TKDD),0.0,2021-03-01
2021,4,Aceh,Transfer ke Daerah dan Dana Desa (TKDD),0.0,2021-04-01
2021,5,Aceh,Transfer ke Daerah dan Dana Desa (TKDD),0.0,2021-05-01
2021,6,Aceh,Transfer ke Daerah dan Dana Desa (TKDD),0.0,2021-06-01
2021,7,Aceh,Transfer ke Daerah dan Dana Desa (TKDD),0.0,2021-07-01
2021,8,Aceh,Transfer ke Daerah dan Dana Desa (TKDD),0.0,2021-08-01
2021,9,Aceh,Transfer ke Daerah dan Dana Desa (TKDD),0.0,2021-09-01
2021,10,Aceh,Transfer ke Daerah dan Dana Desa (TKDD),0.0,2021-10-01
2021,11,Aceh,Transfer ke Daerah dan Dana Desa (TKDD),0.0,2021-11-01
2021,12,Aceh,Transfer ke Daerah dan Dana Desa (TKDD),0.0,2021-12-01
2022,1,Aceh,Transfer ke Daerah dan Dana Desa (TKDD),10775168990686.0,2022-01-01
2022,2,Aceh,Transfer ke Daerah dan Dana Desa (TKDD),0.0,2022-02-01
2022,3,Aceh,Transfer ke Daerah dan Dana Desa (TKDD),0.0,2022-03-01
2022,4,Aceh,Transfer ke Daerah dan Dana Desa (TKDD),0.0,2022-04-01
2022,5,Aceh,Transfer ke Daerah dan Dana Desa (TKDD),0.0,2022-05-01
2022,6,Aceh,Transfer ke Daerah dan Dana Desa (TKDD),0.0,2022-06-01
2022,7,Aceh,Transfer ke Daerah dan Dana Desa (TKDD),0.0,2022-07-01
2022,8,Aceh,Transfer ke Daerah dan Dana Desa (TKDD),0.0,2022-08-01
2022,9,Aceh,Transfer ke Daerah dan Dana Desa (TKDD),0.0,2022-09-01
2022,10,Aceh,Transfer ke Daerah dan Dana Desa (TKDD),0.0,2022-10-01
2022,11,Aceh,Transfer ke Daerah dan Dana Desa (TKDD),0.0,2022-11-01
2022,12,Aceh,Transfer ke Daerah dan Dana Desa (TKDD),0.0,2022-12-01
2023,1,Aceh,Transfer ke Daerah dan Dana Desa (TKDD),250673930800.0,2023-01-01
2023,2,Aceh,Transfer ke Daerah dan Dana Desa (TKDD),164099427200.0,2023-02-01
2023,3,Aceh,Transfer ke Daerah dan Dana Desa (TKDD),253719478699.0,2023-03-01
2023,4,Aceh,Transfer ke Daerah dan Dana Desa (TKDD),1568980614377.0,2023-04-01
2023,5,Aceh,Transfer ke Daerah dan Dana Desa (TKDD),0.0,2023-05-01
2023,6,Aceh,Transfer ke Daerah dan Dana Desa (TKDD),217938138685.0,2023-06-01
2023,7,Aceh,Transfer ke Daerah dan Dana Desa (TKDD),452805040200.0,2023-07-01
2023,8,Aceh,Transfer ke Daerah dan Dana Desa (TKDD),119965764500.0,2023-08-01
2023,9,Aceh,Transfer ke Daerah dan Dana Desa (TKDD),1694314781335.0,2023-09-01
2023,10,Aceh,Transfer ke Daerah dan Dana Desa (TKDD),402570889179.0,2023-10-01
2023,11,Aceh,Transfer ke Daerah dan Dana Desa (TKDD),1738150475595.0,2023-11-01
2023,12,Aceh,Transfer ke Daerah dan Dana Desa (TKDD),562223654713.0,2023-12-01
2024,1,Aceh,Transfer ke Daerah dan Dana Desa (TKDD),480121407800.0,2024-01-01
2024,2,Aceh,Transfer ke Daerah dan Dana Desa (TKDD),170255561600.0,2024-02-01
2024,3,Aceh,Transfer ke Daerah dan Dana Desa (TKDD),214555106350.0,2024-03-01
2024,4,Aceh,Transfer ke Daerah dan Dana Desa (TKDD),1456213725150.0,2024-04-01
2024,5,Aceh,Transfer ke Daerah dan Dana Desa (TKDD),317387164954.0,2024-05-01
2024,6,Aceh,Transfer ke Daerah dan Dana Desa (TKDD),430477950190.0,2024-06-01
2024,7,Aceh,Transfer ke Daerah dan Dana Desa (TKDD),1946417350350.0,2024-07-01
2024,8,Aceh,Transfer ke Daerah dan Dana Desa (TKDD),459992656733.0,2024-08-01
2024,9,Aceh,Transfer ke Daerah dan Dana Desa (TKDD),361364187865.0,2024-09-01
2024,10,Aceh,Transfer ke Daerah dan Dana Desa (TKDD),557686942202.0,2024-10-01
2024,11,Aceh,Transfer ke Daerah dan Dana Desa (TKDD),1126753736722.0,2024-11-01
2024,12,Aceh,Transfer ke Daerah dan Dana Desa (TKDD),646552770322.0,2024-12-01
2025,1,Aceh,Transfer ke Daerah dan Dana Desa (TKDD),463150736100.0,2025-01-01
2025,2,Aceh,Transfer ke Daerah dan Dana Desa (TKDD),159204116400.0,2025-02-01
2025,3,Aceh,Transfer ke Daerah dan Dana Desa (TKDD),174060971617.0,2025-03-01
2025,4,Aceh,Transfer ke Daerah dan Dana Desa (TKDD),219092109535.0,2025-04-01
2025,5,Aceh,Transfer ke Daerah dan Dana Desa (TKDD),1480429156900.0,2025-05-01
2025,6,Aceh,Transfer ke Daerah dan Dana Desa (TKDD),361514526502.0,2025-06-01
2025,7,Aceh,Transfer ke Daerah dan Dana Desa (TKDD),1814961459126.0,2025-07-01
2025,8,Aceh,Transfer ke Daerah dan Dana Desa (TKDD),585774354030.0,2025-08-01
2025,9,Aceh,Transfer ke Daerah dan Dana Desa (TKDD),544771547631.0,2025-09-01
2025,10,Aceh,Transfer ke Daerah dan Dana Desa (TKDD),217741348000.0,2025-10-01
2025,11,Aceh,Transfer ke Daerah dan Dana Desa (TKDD),1318593179371.0,2025-11-01
2025,12,Aceh,Transfer ke Daerah dan Dana Desa (TKDD),301748764550.0,2025-12-01
2021,1,Bali,Belanja Modal,839010470016.8,2021-01-01
2021,2,Bali,Belanja Modal,0.0,2021-02-01
2021,3,Bali,Belanja Modal,0.0,2021-03-01
2021,4,Bali,Belanja Modal,0.0,2021-04-01
2021,5,Bali,Belanja Modal,0.0,2021-05-01
2021,6,Bali,Belanja Modal,0.0,2021-06-01
2021,7,Bali,Belanja Modal,0.0,2021-07-01
2021,8,Bali,Belanja Modal,0.0,2021-08-01
2021,9,Bali,Belanja Modal,0.0,2021-09-01
2021,10,Bali,Belanja Modal,0.0,2021-10-01
2021,11,Bali,Belanja Modal,0.0,2021-11-01
2021,12,Bali,Belanja Modal,0.0,2021-12-01
2022,1,Bali,Belanja Modal,1452064568386.9,2022-01-01
2022,2,Bali,Belanja Modal,0.0,2022-02-01
2022,3,Bali,Belanja Modal,0.0,2022-03-01
2022,4,Bali,Belanja Modal,0.0,2022-04-01
2022,5,Bali,Belanja Modal,0.0,2022-05-01
2022,6,Bali,Belanja Modal,0.0,2022-06-01
2022,7,Bali,Belanja Modal,0.0,2022-07-01
2022,8,Bali,Belanja Modal,0.0,2022-08-01
2022,9,Bali,Belanja Modal,0.0,2022-09-01
2022,10,Bali,Belanja Modal,0.0,2022-10-01
2022,11,Bali,Belanja Modal,0.0,2022-11-01
2022,12,Bali,Belanja Modal,0.0,2022-12-01
2023,1,Bali,Belanja Modal,0.0,2023-01-01
2023,2,Bali,Belanja Modal,75856418231.0,2023-02-01
2023,3,Bali,Belanja Modal,111931443748.0,2023-03-01
2023,4,Bali,Belanja Modal,72433781323.0,2023-04-01
2023,5,Bali,Belanja Modal,0.0,2023-05-01
2023,6,Bali,Belanja Modal,65535525466.0,2023-06-01
2023,7,Bali,Belanja Modal,68692714606.900024,2023-07-01
2023,8,Bali,Belanja Modal,91583803264.0,2023-08-01
2023,9,Bali,Belanja Modal,56417082923.0,2023-09-01
2023,10,Bali,Belanja Modal,87195522242.0,2023-10-01
2023,11,Bali,Belanja Modal,62942949707.0,2023-11-01
2023,12,Bali,Belanja Modal,194517066543.08997,2023-12-01
2024,1,Bali,Belanja Modal,2437820505.0,2024-01-01
2024,2,Bali,Belanja Modal,18536518677.03,2024-02-01
2024,3,Bali,Belanja Modal,97673146313.0,2024-03-01
2024,4,Bali,Belanja Modal,24901459964.73999,2024-04-01
2024,5,Bali,Belanja Modal,9680526995.0,2024-05-01
2024,6,Bali,Belanja Modal,29009505238.26001,2024-06-01
2024,7,Bali,Belanja Modal,40954116613.850006,2024-07-01
2024,8,Bali,Belanja Modal,68240274262.0,2024-08-01
2024,9,Bali,Belanja Modal,44824354492.26001,2024-09-01
2024,10,Bali,Belanja Modal,47425083009.76001,2024-10-01
2024,11,Bali,Belanja Modal,96411355565.44995,2024-11-01
2024,12,Bali,Belanja Modal,187595445509.06006,2024-12-01
2025,1,Bali,Belanja Modal,0.0,2025-01-01
2025,2,Bali,Belanja Modal,4084474140.0,2025-02-01
2025,3,Bali,Belanja Modal,7425435414.0,2025-03-01
2025,4,Bali,Belanja Modal,12886632010.0,2025-04-01
2025,5,Bali,Belanja Modal,21687468176.4,2025-05-01
2025,6,Bali,Belanja Modal,18315298169.92,2025-06-01
2025,7,Bali,Belanja Modal,60182151760.04,2025-07-01
2025,8,Bali,Belanja Modal,79183450374.29,2025-08-01
2025,9,Bali,Belanja Modal,49903228952.26001,2025-09-01
2025,10,Bali,Belanja Modal,95215449071.42001,2025-10-01
2025,11,Bali,Belanja Modal,110671039704.47998,2025-11-01
2025,12,Bali,Belanja Modal,314132404976.72003,2025-12-01
2021,1,Bali,Pendapatan Asli Daerah (PAD),3117070012473.8,2021-01-01
2021,2,Bali,Pendapatan Asli Daerah (PAD),0.0,2021-02-01
2021,3,Bali,Pendapatan Asli Daerah (PAD),0.0,2021-03-01
2021,4,Bali,Pendapatan Asli Daerah (PAD),0.0,2021-04-01
2021,5,Bali,Pendapatan Asli Daerah (PAD),0.0,2021-05-01
2021,6,Bali,Pendapatan Asli Daerah (PAD),0.0,2021-06-01
2021,7,Bali,Pendapatan Asli Daerah (PAD),0.0,2021-07-01
2021,8,Bali,Pendapatan Asli Daerah (PAD),0.0,2021-08-01
2021,9,Bali,Pendapatan Asli Daerah (PAD),0.0,2021-09-01
2021,10,Bali,Pendapatan Asli Daerah (PAD),0.0,2021-10-01
2021,11,Bali,Pendapatan Asli Daerah (PAD),0.0,2021-11-01
2021,12,Bali,Pendapatan Asli Daerah (PAD),0.0,2021-12-01
2022,1,Bali,Pendapatan Asli Daerah (PAD),3863191406848.2,2022-01-01
2022,2,Bali,Pendapatan Asli Daerah (PAD),0.0,2022-02-01
2022,3,Bali,Pendapatan Asli Daerah (PAD),0.0,2022-03-01
2022,4,Bali,Pendapatan Asli Daerah (PAD),0.0,2022-04-01
2022,5,Bali,Pendapatan Asli Daerah (PAD),0.0,2022-05-01
2022,6,Bali,Pendapatan Asli Daerah (PAD),0.0,2022-06-01
2022,7,Bali,Pendapatan Asli Daerah (PAD),0.0,2022-07-01
2022,8,Bali,Pendapatan Asli Daerah (PAD),0.0,2022-08-01
2022,9,Bali,Pendapatan Asli Daerah (PAD),0.0,2022-09-01
2022,10,Bali,Pendapatan Asli Daerah (PAD),0.0,2022-10-01
2022,11,Bali,Pendapatan Asli Daerah (PAD),0.0,2022-11-01
2022,12,Bali,Pendapatan Asli Daerah (PAD),0.0,2022-12-01
2023,1,Bali,Pendapatan Asli Daerah (PAD),277346494596.33,2023-01-01
2023,2,Bali,Pendapatan Asli Daerah (PAD),292423634705.89996,2023-02-01
2023,3,Bali,Pendapatan Asli Daerah (PAD),492105500608.37,2023-03-01
2023,4,Bali,Pendapatan Asli Daerah (PAD),433043602260.5001,2023-04-01
2023,5,Bali,Pendapatan Asli Daerah (PAD),0.0,2023-05-01
2023,6,Bali,Pendapatan Asli Daerah (PAD),331187273161.59985,2023-06-01
2023,7,Bali,Pendapatan Asli Daerah (PAD),449896528043.59985,2023-07-01
2023,8,Bali,Pendapatan Asli Daerah (PAD),424784205897.6001,2023-08-01
2023,9,Bali,Pendapatan Asli Daerah (PAD),347905520686.1001,2023-09-01
2023,10,Bali,Pendapatan Asli Daerah (PAD),450291975745.0,2023-10-01
2023,11,Bali,Pendapatan Asli Daerah (PAD),387715546105.7002,2023-11-01
2023,12,Bali,Pendapatan Asli Daerah (PAD),406986834170.8999,2023-12-01
2024,1,Bali,Pendapatan Asli Daerah (PAD),337390558470.98,2024-01-01
2024,2,Bali,Pendapatan Asli Daerah (PAD),290856244984.25,2024-02-01
2024,3,Bali,Pendapatan Asli Daerah (PAD),592843802517.97,2024-03-01
2024,4,Bali,Pendapatan Asli Daerah (PAD),506486868631.5,2024-04-01
2024,5,Bali,Pendapatan Asli Daerah (PAD),408337166759.40015,2024-05-01
2024,6,Bali,Pendapatan Asli Daerah (PAD),383049739793.1001,2024-06-01
2024,7,Bali,Pendapatan Asli Daerah (PAD),497034555907.5996,2024-07-01
2024,8,Bali,Pendapatan Asli Daerah (PAD),460878657502.4004,2024-08-01
2024,9,Bali,Pendapatan Asli Daerah (PAD),474561752134.2998,2024-09-01
2024,10,Bali,Pendapatan Asli Daerah (PAD),522680085952.0996,2024-10-01
2024,11,Bali,Pendapatan Asli Daerah (PAD),426110854323.2002,2024-11-01
2024,12,Bali,Pendapatan Asli Daerah (PAD),635199392694.0,2024-12-01
2025,1,Bali,Pendapatan Asli Daerah (PAD),234753167254.72,2025-01-01
2025,2,Bali,Pendapatan Asli Daerah (PAD),462266264030.68005,2025-02-01
2025,3,Bali,Pendapatan Asli Daerah (PAD),367598282302.1,2025-03-01
2025,4,Bali,Pendapatan Asli Daerah (PAD),386672271915.3999,2025-04-01
2025,5,Bali,Pendapatan Asli Daerah (PAD),257917506295.40015,2025-05-01
2025,6,Bali,Pendapatan Asli Daerah (PAD),281989267115.09985,2025-06-01
2025,7,Bali,Pendapatan Asli Daerah (PAD),383946561567.3999,2025-07-01
2025,8,Bali,Pendapatan Asli Daerah (PAD),299849200336.2002,2025-08-01
2025,9,Bali,Pendapatan Asli Daerah (PAD),347819412006.2998,2025-09-01
2025,10,Bali,Pendapatan Asli Daerah (PAD),409399886921.5,2025-10-01
2025,11,Bali,Pendapatan Asli Daerah (PAD),345467855019.7002,2025-11-01
2025,12,Bali,Pendapatan Asli Daerah (PAD),850403704618.0996,2025-12-01
2021,1,Bali,Total Belanja Daerah,6270667217646.3,2021-01-01
2021,2,Bali,Total Belanja Daerah,0.0,2021-02-01
2021,3,Bali,Total Belanja Daerah,0.0,2021-03-01
2021,4,Bali,Total Belanja Daerah,0.0,2021-04-01
2021,5,Bali,Total Belanja Daerah,0.0,2021-05-01
2021,6,Bali,Total Belanja Daerah,0.0,2021-06-01
2021,7,Bali,Total Belanja Daerah,0.0,2021-07-01
2021,8,Bali,Total Belanja Daerah,0.0,2021-08-01
2021,9,Bali,Total Belanja Daerah,0.0,2021-09-01
2021,10,Bali,Total Belanja Daerah,0.0,2021-10-01
2021,11,Bali,Total Belanja Daerah,0.0,2021-11-01
2021,12,Bali,Total Belanja Daerah,0.0,2021-12-01
2022,1,Bali,Total Belanja Daerah,6749443182109.6,2022-01-01
2022,2,Bali,Total Belanja Daerah,0.0,2022-02-01
2022,3,Bali,Total Belanja Daerah,0.0,2022-03-01
2022,4,Bali,Total Belanja Daerah,0.0,2022-04-01
2022,5,Bali,Total Belanja Daerah,0.0,2022-05-01
2022,6,Bali,Total Belanja Daerah,0.0,2022-06-01
2022,7,Bali,Total Belanja Daerah,0.0,2022-07-01
2022,8,Bali,Total Belanja Daerah,0.0,2022-08-01
2022,9,Bali,Total Belanja Daerah,0.0,2022-09-01
2022,10,Bali,Total Belanja Daerah,0.0,2022-10-01
2022,11,Bali,Total Belanja Daerah,0.0,2022-11-01
2022,12,Bali,Total Belanja Daerah,0.0,2022-12-01
2023,1,Bali,Total Belanja Daerah,131914699862.16,2023-01-01
2023,2,Bali,Total Belanja Daerah,283544787945.0,2023-02-01
2023,3,Bali,Total Belanja Daerah,538670433837.71,2023-03-01
2023,4,Bali,Total Belanja Daerah,710550913229.13,2023-04-01
2023,5,Bali,Total Belanja Daerah,0.0,2023-05-01
2023,6,Bali,Total Belanja Daerah,544220914634.0,2023-06-01
2023,7,Bali,Total Belanja Daerah,715257681606.6001,2023-07-01
2023,8,Bali,Total Belanja Daerah,498636035833.3999,2023-08-01
2023,9,Bali,Total Belanja Daerah,465966923480.7002,2023-09-01
2023,10,Bali,Total Belanja Daerah,476234268851.1997,2023-10-01
2023,11,Bali,Total Belanja Daerah,837236207590.8999,2023-11-01
2023,12,Bali,Total Belanja Daerah,748855944058.4004,2023-12-01
2024,1,Bali,Total Belanja Daerah,205465432193.46,2024-01-01
2024,2,Bali,Total Belanja Daerah,360406944868.3501,2024-02-01
2024,3,Bali,Total Belanja Daerah,463810132071.3899,2024-03-01
2024,4,Bali,Total Belanja Daerah,508066700064.90015,2024-04-01
2024,5,Bali,Total Belanja Daerah,638935634372.2998,2024-05-01
2024,6,Bali,Total Belanja Daerah,763538358557.8003,2024-06-01
2024,7,Bali,Total Belanja Daerah,637520689415.1997,2024-07-01
2024,8,Bali,Total Belanja Daerah,717312570738.1001,2024-08-01
2024,9,Bali,Total Belanja Daerah,478060626534.5996,2024-09-01
2024,10,Bali,Total Belanja Daerah,542277438548.1006,2024-10-01
2024,11,Bali,Total Belanja Daerah,1035166362822.2998,2024-11-01
2024,12,Bali,Total Belanja Daerah,942490959811.5996,2024-12-01
2025,1,Bali,Total Belanja Daerah,212256933294.03,2025-01-01
2025,2,Bali,Total Belanja Daerah,286082794949.25,2025-02-01
2025,3,Bali,Total Belanja Daerah,428471040142.5,2025-03-01
2025,4,Bali,Total Belanja Daerah,562464838617.02,2025-04-01
2025,5,Bali,Total Belanja Daerah,355420207223.8999,2025-05-01
2025,6,Bali,Total Belanja Daerah,666420512139.0999,2025-06-01
2025,7,Bali,Total Belanja Daerah,452434818983.4004,2025-07-01
2025,8,Bali,Total Belanja Daerah,488803132454.3999,2025-08-01
2025,9,Bali,Total Belanja Daerah,367572506551.8999,2025-09-01
2025,10,Bali,Total Belanja Daerah,958339577034.2998,2025-10-01
2025,11,Bali,Total Belanja Daerah,627185403110.9004,2025-11-01
2025,12,Bali,Total Belanja Daerah,1149201227050.8994,2025-12-01
2021,1,Bali,Total Pendapatan Daerah,5923153297394.8,2021-01-01
2021,2,Bali,Total Pendapatan Daerah,0.0,2021-02-01
2021,3,Bali,Total Pendapatan Daerah,0.0,2021-03-01
2021,4,Bali,Total Pendapatan Daerah,0.0,2021-04-01
2021,5,Bali,Total Pendapatan Daerah,0.0,2021-05-01
2021,6,Bali,Total Pendapatan Daerah,0.0,2021-06-01
2021,7,Bali,Total Pendapatan Daerah,0.0,2021-07-01
2021,8,Bali,Total Pendapatan Daerah,0.0,2021-08-01
2021,9,Bali,Total Pendapatan Daerah,0.0,2021-09-01
2021,10,Bali,Total Pendapatan Daerah,0.0,2021-10-01
2021,11,Bali,Total Pendapatan Daerah,0.0,2021-11-01
2021,12,Bali,Total Pendapatan Daerah,0.0,2021-12-01
2022,1,Bali,Total Pendapatan Daerah,5885778601466.3,2022-01-01
2022,2,Bali,Total Pendapatan Daerah,0.0,2022-02-01
2022,3,Bali,Total Pendapatan Daerah,0.0,2022-03-01
2022,4,Bali,Total Pendapatan Daerah,0.0,2022-04-01
2022,5,Bali,Total Pendapatan Daerah,0.0,2022-05-01
2022,6,Bali,Total Pendapatan Daerah,0.0,2022-06-01
2022,7,Bali,Total Pendapatan Daerah,0.0,2022-07-01
2022,8,Bali,Total Pendapatan Daerah,0.0,2022-08-01
2022,9,Bali,Total Pendapatan Daerah,0.0,2022-09-01
2022,10,Bali,Total Pendapatan Daerah,0.0,2022-10-01
2022,11,Bali,Total Pendapatan Daerah,0.0,2022-11-01
2022,12,Bali,Total Pendapatan Daerah,0.0,2022-12-01
2023,1,Bali,Total Pendapatan Daerah,464325156596.33,2023-01-01
2023,2,Bali,Total Pendapatan Daerah,399007695177.89996,2023-02-01
2023,3,Bali,Total Pendapatan Daerah,741641062604.3701,2023-03-01
2023,4,Bali,Total Pendapatan Daerah,638232336975.5,2023-04-01
2023,5,Bali,Total Pendapatan Daerah,0.0,2023-05-01
2023,6,Bali,Total Pendapatan Daerah,548655431165.6001,2023-06-01
2023,7,Bali,Total Pendapatan Daerah,709863650274.5,2023-07-01
2023,8,Bali,Total Pendapatan Daerah,540177342220.6997,2023-08-01
2023,9,Bali,Total Pendapatan Daerah,516250795339.1001,2023-09-01
2023,10,Bali,Total Pendapatan Daerah,615014422023.0,2023-10-01
2023,11,Bali,Total Pendapatan Daerah,651921077803.7002,2023-11-01
2023,12,Bali,Total Pendapatan Daerah,509712922220.8994,2023-12-01
2024,1,Bali,Total Pendapatan Daerah,722512579270.98,2024-01-01
2024,2,Bali,Total Pendapatan Daerah,399052970984.22,2024-02-01
2024,3,Bali,Total Pendapatan Daerah,766551712385.0,2024-03-01
2024,4,Bali,Total Pendapatan Daerah,613786764231.5002,2024-04-01
2024,5,Bali,Total Pendapatan Daerah,590024525465.3999,2024-05-01
2024,6,Bali,Total Pendapatan Daerah,609276470306.1001,2024-06-01
2024,7,Bali,Total Pendapatan Daerah,615640138404.5996,2024-07-01
2024,8,Bali,Total Pendapatan Daerah,798564194377.4004,2024-08-01
2024,9,Bali,Total Pendapatan Daerah,631637306753.2998,2024-09-01
2024,10,Bali,Total Pendapatan Daerah,730751110406.0996,2024-10-01
2024,11,Bali,Total Pendapatan Daerah,621272228564.2002,2024-11-01
2024,12,Bali,Total Pendapatan Daerah,725528582759.0,2024-12-01
2025,1,Bali,Total Pendapatan Daerah,615452665254.72,2025-01-01
2025,2,Bali,Total Pendapatan Daerah,593641762205.6799,2025-02-01
2025,3,Bali,Total Pendapatan Daerah,483781546932.1001,2025-03-01
2025,4,Bali,Total Pendapatan Daerah,552475622630.3999,2025-04-01
2025,5,Bali,Total Pendapatan Daerah,368567536290.3999,2025-05-01
2025,6,Bali,Total Pendapatan Daerah,536637273347.1001,2025-06-01
2025,7,Bali,Total Pendapatan Daerah,514007540313.3999,2025-07-01
2025,8,Bali,Total Pendapatan Daerah,554759693092.2002,2025-08-01
2025,9,Bali,Total Pendapatan Daerah,661723510132.2998,2025-09-01
2025,10,Bali,Total Pendapatan Daerah,626588358175.5,2025-10-01
2025,11,Bali,Total Pendapatan Daerah,544335766494.7002,2025-11-01
2025,12,Bali,Total Pendapatan Daerah,996344594403.0996,2025-12-01
2021,1,Bali,Transfer ke Daerah dan Dana Desa (TKDD),2801186284925.0,2021-01-01
2021,2,Bali,Transfer ke Daerah dan Dana Desa (TKDD),0.0,2021-02-01
2021,3,Bali,Transfer ke Daerah dan Dana Desa (TKDD),0.0,2021-03-01
2021,4,Bali,Transfer ke Daerah dan Dana Desa (TKDD),0.0,2021-04-01
2021,5,Bali,Transfer ke Daerah dan Dana Desa (TKDD),0.0,2021-05-01
2021,6,Bali,Transfer ke Daerah dan Dana Desa (TKDD),0.0,2021-06-01
2021,7,Bali,Transfer ke Daerah dan Dana Desa (TKDD),0.0,2021-07-01
2021,8,Bali,Transfer ke Daerah dan Dana Desa (TKDD),0.0,2021-08-01
2021,9,Bali,Transfer ke Daerah dan Dana Desa (TKDD),0.0,2021-09-01
2021,10,Bali,Transfer ke Daerah dan Dana Desa (TKDD),0.0,2021-10-01
2021,11,Bali,Transfer ke Daerah dan Dana Desa (TKDD),0.0,2021-11-01
2021,12,Bali,Transfer ke Daerah dan Dana Desa (TKDD),0.0,2021-12-01
2022,1,Bali,Transfer ke Daerah dan Dana Desa (TKDD),2017662417846.0,2022-01-01
2022,2,Bali,Transfer ke Daerah dan Dana Desa (TKDD),0.0,2022-02-01
2022,3,Bali,Transfer ke Daerah dan Dana Desa (TKDD),0.0,2022-03-01
2022,4,Bali,Transfer ke Daerah dan Dana Desa (TKDD),0.0,2022-04-01
2022,5,Bali,Transfer ke Daerah dan Dana Desa (TKDD),0.0,2022-05-01
2022,6,Bali,Transfer ke Daerah dan Dana Desa (TKDD),0.0,2022-06-01
2022,7,Bali,Transfer ke Daerah dan Dana Desa (TKDD),0.0,2022-07-01
2022,8,Bali,Transfer ke Daerah dan Dana Desa (TKDD),0.0,2022-08-01
2022,9,Bali,Transfer ke Daerah dan Dana Desa (TKDD),0.0,2022-09-01
2022,10,Bali,Transfer ke Daerah dan Dana Desa (TKDD),0.0,2022-10-01
2022,11,Bali,Transfer ke Daerah dan Dana Desa (TKDD),0.0,2022-11-01
2022,12,Bali,Transfer ke Daerah dan Dana Desa (TKDD),0.0,2022-12-01
2023,1,Bali,Transfer ke Daerah dan Dana Desa (TKDD),186978368000.0,2023-01-01
2023,2,Bali,Transfer ke Daerah dan Dana Desa (TKDD),106583110472.0,2023-02-01
2023,3,Bali,Transfer ke Daerah dan Dana Desa (TKDD),249535179496.0,2023-03-01
2023,4,Bali,Transfer ke Daerah dan Dana Desa (TKDD),205188734715.0,2023-04-01
2023,5,Bali,Transfer ke Daerah dan Dana Desa (TKDD),0.0,2023-05-01
2023,6,Bali,Transfer ke Daerah dan Dana Desa (TKDD),217467579004.0,2023-06-01
2023,7,Bali,Transfer ke Daerah dan Dana Desa (TKDD),259966150231.0,2023-07-01
2023,8,Bali,Transfer ke Daerah dan Dana Desa (TKDD),112361836323.0,2023-08-01
2023,9,Bali,Transfer ke Daerah dan Dana Desa (TKDD),167911374653.0,2023-09-01
2023,10,Bali,Transfer ke Daerah dan Dana Desa (TKDD),164289546278.0,2023-10-01
2023,11,Bali,Transfer ke Daerah dan Dana Desa (TKDD),263772631698.0,2023-11-01
2023,12,Bali,Transfer ke Daerah dan Dana Desa (TKDD),101860288050.0,2023-12-01
2024,1,Bali,Transfer ke Daerah dan Dana Desa (TKDD),385122020800.0,2024-01-01
2024,2,Bali,Transfer ke Daerah dan Dana Desa (TKDD),108196726000.0,2024-02-01
2024,3,Bali,Transfer ke Daerah dan Dana Desa (TKDD),173707909867.0,2024-03-01
2024,4,Bali,Transfer ke Daerah dan Dana Desa (TKDD),107299895600.0,2024-04-01
2024,5,Bali,Transfer ke Daerah dan Dana Desa (TKDD),181687358706.0,2024-05-01
2024,6,Bali,Transfer ke Daerah dan Dana Desa (TKDD),226226730513.0,2024-06-01
2024,7,Bali,Transfer ke Daerah dan Dana Desa (TKDD),118605582497.0,2024-07-01
2024,8,Bali,Transfer ke Daerah dan Dana Desa (TKDD),334334727875.0,2024-08-01
2024,9,Bali,Transfer ke Daerah dan Dana Desa (TKDD),156596867619.0,2024-09-01
2024,10,Bali,Transfer ke Daerah dan Dana Desa (TKDD),207592337454.0,2024-10-01
2024,11,Bali,Transfer ke Daerah dan Dana Desa (TKDD),194676087241.0,2024-11-01
2024,12,Bali,Transfer ke Daerah dan Dana Desa (TKDD),89371816065.0,2024-12-01
2025,1,Bali,Transfer ke Daerah dan Dana Desa (TKDD),380695458000.0,2025-01-01
2025,2,Bali,Transfer ke Daerah dan Dana Desa (TKDD),131375498175.0,2025-02-01
2025,3,Bali,Transfer ke Daerah dan Dana Desa (TKDD),116183264630.0,2025-03-01
2025,4,Bali,Transfer ke Daerah dan Dana Desa (TKDD),165803350715.0,2025-04-01
2025,5,Bali,Transfer ke Daerah dan Dana Desa (TKDD),110650029995.0,2025-05-01
2025,6,Bali,Transfer ke Daerah dan Dana Desa (TKDD),254648006232.0,2025-06-01
2025,7,Bali,Transfer ke Daerah dan Dana Desa (TKDD),126851835552.0,2025-07-01
2025,8,Bali,Transfer ke Daerah dan Dana Desa (TKDD),254431056756.0,2025-08-01
2025,9,Bali,Transfer ke Daerah dan Dana Desa (TKDD),313424662126.0,2025-09-01
2025,10,Bali,Transfer ke Daerah dan Dana Desa (TKDD),216709035254.0,2025-10-01
2025,11,Bali,Transfer ke Daerah dan Dana Desa (TKDD),198388475475.0,2025-11-01
2025,12,Bali,Transfer ke Daerah dan Dana Desa (TKDD),110156327416.0,2025-12-01
2021,1,Bangka Belitung,Belanja Modal,428654245651.0,2021-01-01
2021,2,Bangka Belitung,Belanja Modal,0.0,2021-02-01
2021,3,Bangka Belitung,Belanja Modal,0.0,2021-03-01
2021,4,Bangka Belitung,Belanja Modal,0.0,2021-04-01
2021,5,Bangka Belitung,Belanja Modal,0.0,2021-05-01
2021,6,Bangka Belitung,Belanja Modal,0.0,2021-06-01
2021,7,Bangka Belitung,Belanja Modal,0.0,2021-07-01
2021,8,Bangka Belitung,Belanja Modal,0.0,2021-08-01
2021,9,Bangka Belitung,Belanja Modal,0.0,2021-09-01
2021,10,Bangka Belitung,Belanja Modal,0.0,2021-10-01
2021,11,Bangka Belitung,Belanja Modal,0.0,2021-11-01
2021,12,Bangka Belitung,Belanja Modal,0.0,2021-12-01
2022,1,Bangka Belitung,Belanja Modal,354008245838.87,2022-01-01
2022,2,Bangka Belitung,Belanja Modal,0.0,2022-02-01
2022,3,Bangka Belitung,Belanja Modal,0.0,2022-03-01
2022,4,Bangka Belitung,Belanja Modal,0.0,2022-04-01
2022,5,Bangka Belitung,Belanja Modal,0.0,2022-05-01
2022,6,Bangka Belitung,Belanja Modal,0.0,2022-06-01
2022,7,Bangka Belitung,Belanja Modal,0.0,2022-07-01
2022,8,Bangka Belitung,Belanja Modal,0.0,2022-08-01
2022,9,Bangka Belitung,Belanja Modal,0.0,2022-09-01
2022,10,Bangka Belitung,Belanja Modal,0.0,2022-10-01
2022,11,Bangka Belitung,Belanja Modal,0.0,2022-11-01
2022,12,Bangka Belitung,Belanja Modal,0.0,2022-12-01
2023,1,Bangka Belitung,Belanja Modal,0.0,2023-01-01
2023,2,Bangka Belitung,Belanja Modal,1575550000.0,2023-02-01
2023,3,Bangka Belitung,Belanja Modal,19933039821.0,2023-03-01
2023,4,Bangka Belitung,Belanja Modal,23650548155.0,2023-04-01
2023,5,Bangka Belitung,Belanja Modal,0.0,2023-05-01
2023,6,Bangka Belitung,Belanja Modal,18859078723.0,2023-06-01
2023,7,Bangka Belitung,Belanja Modal,32394866962.0,2023-07-01
2023,8,Bangka Belitung,Belanja Modal,65363747117.0,2023-08-01
2023,9,Bangka Belitung,Belanja Modal,27511058811.0,2023-09-01
2023,10,Bangka Belitung,Belanja Modal,34445441770.0,2023-10-01
2023,11,Bangka Belitung,Belanja Modal,67167589177.0,2023-11-01
2023,12,Bangka Belitung,Belanja Modal,282637078870.0,2023-12-01
2024,1,Bangka Belitung,Belanja Modal,0.0,2024-01-01
2024,2,Bangka Belitung,Belanja Modal,0.0,2024-02-01
2024,3,Bangka Belitung,Belanja Modal,888926250.0,2024-03-01
2024,4,Bangka Belitung,Belanja Modal,722356300.0,2024-04-01
2024,5,Bangka Belitung,Belanja Modal,28850574000.0,2024-05-01
2024,6,Bangka Belitung,Belanja Modal,3093595783.0,2024-06-01
2024,7,Bangka Belitung,Belanja Modal,16718692404.0,2024-07-01
2024,8,Bangka Belitung,Belanja Modal,17332455924.0,2024-08-01
2024,9,Bangka Belitung,Belanja Modal,26697931392.149994,2024-09-01
2024,10,Bangka Belitung,Belanja Modal,16402228094.200012,2024-10-01
2024,11,Bangka Belitung,Belanja Modal,50274707915.75,2024-11-01
2024,12,Bangka Belitung,Belanja Modal,79263904291.73999,2024-12-01
2025,1,Bangka Belitung,Belanja Modal,0.0,2025-01-01
2025,2,Bangka Belitung,Belanja Modal,0.0,2025-02-01
2025,3,Bangka Belitung,Belanja Modal,0.0,2025-03-01
2025,4,Bangka Belitung,Belanja Modal,40721000.0,2025-04-01
2025,5,Bangka Belitung,Belanja Modal,780973500.0,2025-05-01
2025,6,Bangka Belitung,Belanja Modal,125338992.0,2025-06-01
2025,7,Bangka Belitung,Belanja Modal,18304336931.0,2025-07-01
2025,8,Bangka Belitung,Belanja Modal,8642844875.0,2025-08-01
2025,9,Bangka Belitung,Belanja Modal,12008230201.0,2025-09-01
2025,10,Bangka Belitung,Belanja Modal,12530545371.129997,2025-10-01
2025,11,Bangka Belitung,Belanja Modal,16123035307.0,2025-11-01
2025,12,Bangka Belitung,Belanja Modal,51521909993.98,2025-12-01
2021,1,Bangka Belitung,Pendapatan Asli Daerah (PAD),895763128992.0,2021-01-01
2021,2,Bangka Belitung,Pendapatan Asli Daerah (PAD),0.0,2021-02-01
2021,3,Bangka Belitung,Pendapatan Asli Daerah (PAD),0.0,2021-03-01
2021,4,Bangka Belitung,Pendapatan Asli Daerah (PAD),0.0,2021-04-01
2021,5,Bangka Belitung,Pendapatan Asli Daerah (PAD),0.0,2021-05-01
2021,6,Bangka Belitung,Pendapatan Asli Daerah (PAD),0.0,2021-06-01
2021,7,Bangka Belitung,Pendapatan Asli Daerah (PAD),0.0,2021-07-01
2021,8,Bangka Belitung,Pendapatan Asli Daerah (PAD),0.0,2021-08-01
2021,9,Bangka Belitung,Pendapatan Asli Daerah (PAD),0.0,2021-09-01
2021,10,Bangka Belitung,Pendapatan Asli Daerah (PAD),0.0,2021-10-01
2021,11,Bangka Belitung,Pendapatan Asli Daerah (PAD),0.0,2021-11-01
2021,12,Bangka Belitung,Pendapatan Asli Daerah (PAD),0.0,2021-12-01
2022,1,Bangka Belitung,Pendapatan Asli Daerah (PAD),1090477839965.1,2022-01-01
2022,2,Bangka Belitung,Pendapatan Asli Daerah (PAD),0.0,2022-02-01
2022,3,Bangka Belitung,Pendapatan Asli Daerah (PAD),0.0,2022-03-01
2022,4,Bangka Belitung,Pendapatan Asli Daerah (PAD),0.0,2022-04-01
2022,5,Bangka Belitung,Pendapatan Asli Daerah (PAD),0.0,2022-05-01
2022,6,Bangka Belitung,Pendapatan Asli Daerah (PAD),0.0,2022-06-01
2022,7,Bangka Belitung,Pendapatan Asli Daerah (PAD),0.0,2022-07-01
2022,8,Bangka Belitung,Pendapatan Asli Daerah (PAD),0.0,2022-08-01
2022,9,Bangka Belitung,Pendapatan Asli Daerah (PAD),0.0,2022-09-01
2022,10,Bangka Belitung,Pendapatan Asli Daerah (PAD),0.0,2022-10-01
2022,11,Bangka Belitung,Pendapatan Asli Daerah (PAD),0.0,2022-11-01
2022,12,Bangka Belitung,Pendapatan Asli Daerah (PAD),0.0,2022-12-01
2023,1,Bangka Belitung,Pendapatan Asli Daerah (PAD),71668848341.86,2023-01-01
2023,2,Bangka Belitung,Pendapatan Asli Daerah (PAD),67319658859.43999,2023-02-01
2023,3,Bangka Belitung,Pendapatan Asli Daerah (PAD),79309696094.5,2023-03-01
2023,4,Bangka Belitung,Pendapatan Asli Daerah (PAD),111014817780.96002,2023-04-01
2023,5,Bangka Belitung,Pendapatan Asli Daerah (PAD),0.0,2023-05-01
2023,6,Bangka Belitung,Pendapatan Asli Daerah (PAD),69295736340.45996,2023-06-01
2023,7,Bangka Belitung,Pendapatan Asli Daerah (PAD),98865357184.60004,2023-07-01
2023,8,Bangka Belitung,Pendapatan Asli Daerah (PAD),82392843859.01996,2023-08-01
2023,9,Bangka Belitung,Pendapatan Asli Daerah (PAD),77909179723.32007,2023-09-01
2023,10,Bangka Belitung,Pendapatan Asli Daerah (PAD),106566518201.05994,2023-10-01
2023,11,Bangka Belitung,Pendapatan Asli Daerah (PAD),73332903186.40002,2023-11-01
2023,12,Bangka Belitung,Pendapatan Asli Daerah (PAD),104569160481.58997,2023-12-01
2024,1,Bangka Belitung,Pendapatan Asli Daerah (PAD),65449077480.15,2024-01-01
2024,2,Bangka Belitung,Pendapatan Asli Daerah (PAD),55686060582.420006,2024-02-01
2024,3,Bangka Belitung,Pendapatan Asli Daerah (PAD),70397495703.98999,2024-03-01
2024,4,Bangka Belitung,Pendapatan Asli Daerah (PAD),104379870359.70001,2024-04-01
2024,5,Bangka Belitung,Pendapatan Asli Daerah (PAD),61383690260.109985,2024-05-01
2024,6,Bangka Belitung,Pendapatan Asli Daerah (PAD),53048665909.79999,2024-06-01
2024,7,Bangka Belitung,Pendapatan Asli Daerah (PAD),96112754492.10004,2024-07-01
2024,8,Bangka Belitung,Pendapatan Asli Daerah (PAD),65533082904.81995,2024-08-01
2024,9,Bangka Belitung,Pendapatan Asli Daerah (PAD),65718090986.599976,2024-09-01
2024,10,Bangka Belitung,Pendapatan Asli Daerah (PAD),102731012931.37012,2024-10-01
2024,11,Bangka Belitung,Pendapatan Asli Daerah (PAD),68381656574.93994,2024-11-01
2024,12,Bangka Belitung,Pendapatan Asli Daerah (PAD),106284597616.71997,2024-12-01
2025,1,Bangka Belitung,Pendapatan Asli Daerah (PAD),51252912334.07,2025-01-01
2025,2,Bangka Belitung,Pendapatan Asli Daerah (PAD),45175914203.340004,2025-02-01
2025,3,Bangka Belitung,Pendapatan Asli Daerah (PAD),51042789816.17999,2025-03-01
2025,4,Bangka Belitung,Pendapatan Asli Daerah (PAD),48650606858.649994,2025-04-01
2025,5,Bangka Belitung,Pendapatan Asli Daerah (PAD),141375400860.0,2025-05-01
2025,6,Bangka Belitung,Pendapatan Asli Daerah (PAD),62205285610.47998,2025-06-01
2025,7,Bangka Belitung,Pendapatan Asli Daerah (PAD),67170946407.400024,2025-07-01
2025,8,Bangka Belitung,Pendapatan Asli Daerah (PAD),81254621400.08002,2025-08-01
2025,9,Bangka Belitung,Pendapatan Asli Daerah (PAD),58812755887.85004,2025-09-01
2025,10,Bangka Belitung,Pendapatan Asli Daerah (PAD),84431633513.43994,2025-10-01
2025,11,Bangka Belitung,Pendapatan Asli Daerah (PAD),65226819934.349976,2025-11-01
2025,12,Bangka Belitung,Pendapatan Asli Daerah (PAD),32437588404.200073,2025-12-01
2021,1,Bangka Belitung,Total Belanja Daerah,2465813370118.0,2021-01-01
2021,2,Bangka Belitung,Total Belanja Daerah,0.0,2021-02-01
2021,3,Bangka Belitung,Total Belanja Daerah,0.0,2021-03-01
2021,4,Bangka Belitung,Total Belanja Daerah,0.0,2021-04-01
2021,5,Bangka Belitung,Total Belanja Daerah,0.0,2021-05-01
2021,6,Bangka Belitung,Total Belanja Daerah,0.0,2021-06-01
2021,7,Bangka Belitung,Total Belanja Daerah,0.0,2021-07-01
2021,8,Bangka Belitung,Total Belanja Daerah,0.0,2021-08-01
2021,9,Bangka Belitung,Total Belanja Daerah,0.0,2021-09-01
2021,10,Bangka Belitung,Total Belanja Daerah,0.0,2021-10-01
2021,11,Bangka Belitung,Total Belanja Daerah,0.0,2021-11-01
2021,12,Bangka Belitung,Total Belanja Daerah,0.0,2021-12-01
2022,1,Bangka Belitung,Total Belanja Daerah,2416296710155.3,2022-01-01
2022,2,Bangka Belitung,Total Belanja Daerah,0.0,2022-02-01
2022,3,Bangka Belitung,Total Belanja Daerah,0.0,2022-03-01
2022,4,Bangka Belitung,Total Belanja Daerah,0.0,2022-04-01
2022,5,Bangka Belitung,Total Belanja Daerah,0.0,2022-05-01
2022,6,Bangka Belitung,Total Belanja Daerah,0.0,2022-06-01
2022,7,Bangka Belitung,Total Belanja Daerah,0.0,2022-07-01
2022,8,Bangka Belitung,Total Belanja Daerah,0.0,2022-08-01
2022,9,Bangka Belitung,Total Belanja Daerah,0.0,2022-09-01
2022,10,Bangka Belitung,Total Belanja Daerah,0.0,2022-10-01
2022,11,Bangka Belitung,Total Belanja Daerah,0.0,2022-11-01
2022,12,Bangka Belitung,Total Belanja Daerah,0.0,2022-12-01
2023,1,Bangka Belitung,Total Belanja Daerah,69326226311.0,2023-01-01
2023,2,Bangka Belitung,Total Belanja Daerah,68745990502.0,2023-02-01
2023,3,Bangka Belitung,Total Belanja Daerah,204290816717.0,2023-03-01
2023,4,Bangka Belitung,Total Belanja Daerah,271369367899.0,2023-04-01
2023,5,Bangka Belitung,Total Belanja Daerah,0.0,2023-05-01
2023,6,Bangka Belitung,Total Belanja Daerah,281430622621.0,2023-06-01
2023,7,Bangka Belitung,Total Belanja Daerah,202675760485.0,2023-07-01
2023,8,Bangka Belitung,Total Belanja Daerah,216747326889.0,2023-08-01
2023,9,Bangka Belitung,Total Belanja Daerah,239814414444.0,2023-09-01
2023,10,Bangka Belitung,Total Belanja Daerah,181100082725.0,2023-10-01
2023,11,Bangka Belitung,Total Belanja Daerah,463055979426.0,2023-11-01
2023,12,Bangka Belitung,Total Belanja Daerah,811792347878.0,2023-12-01
2024,1,Bangka Belitung,Total Belanja Daerah,64690455885.0,2024-01-01
2024,2,Bangka Belitung,Total Belanja Daerah,70944641650.0,2024-02-01
2024,3,Bangka Belitung,Total Belanja Daerah,269415703451.90997,2024-03-01
2024,4,Bangka Belitung,Total Belanja Daerah,193102941198.00006,2024-04-01
2024,5,Bangka Belitung,Total Belanja Daerah,322510271244.0,2024-05-01
2024,6,Bangka Belitung,Total Belanja Daerah,159841669039.99,2024-06-01
2024,7,Bangka Belitung,Total Belanja Daerah,195518873797.49988,2024-07-01
2024,8,Bangka Belitung,Total Belanja Daerah,154950402384.0,2024-08-01
2024,9,Bangka Belitung,Total Belanja Daerah,221359738970.2002,2024-09-01
2024,10,Bangka Belitung,Total Belanja Daerah,134179272823.19995,2024-10-01
2024,11,Bangka Belitung,Total Belanja Daerah,271487469151.80005,2024-11-01
2024,12,Bangka Belitung,Total Belanja Daerah,438104595163.1997,2024-12-01
2025,1,Bangka Belitung,Total Belanja Daerah,71063124783.0,2025-01-01
2025,2,Bangka Belitung,Total Belanja Daerah,77906352756.0,2025-02-01
2025,3,Bangka Belitung,Total Belanja Daerah,250541803446.06,2025-03-01
2025,4,Bangka Belitung,Total Belanja Daerah,126211101736.16998,2025-04-01
2025,5,Bangka Belitung,Total Belanja Daerah,126986832187.0,2025-05-01
2025,6,Bangka Belitung,Total Belanja Daerah,156383291382.0,2025-06-01
2025,7,Bangka Belitung,Total Belanja Daerah,272774771321.07007,2025-07-01
2025,8,Bangka Belitung,Total Belanja Daerah,118021092239.19995,2025-08-01
2025,9,Bangka Belitung,Total Belanja Daerah,172911916102.3999,2025-09-01
2025,10,Bangka Belitung,Total Belanja Daerah,139832651815.30005,2025-10-01
2025,11,Bangka Belitung,Total Belanja Daerah,190546369344.30005,2025-11-01
2025,12,Bangka Belitung,Total Belanja Daerah,327350941877.80005,2025-12-01
2021,1,Bangka Belitung,Total Pendapatan Daerah,2708948673049.0,2021-01-01
2021,2,Bangka Belitung,Total Pendapatan Daerah,0.0,2021-02-01
2021,3,Bangka Belitung,Total Pendapatan Daerah,0.0,2021-03-01
2021,4,Bangka Belitung,Total Pendapatan Daerah,0.0,2021-04-01
2021,5,Bangka Belitung,Total Pendapatan Daerah,0.0,2021-05-01
2021,6,Bangka Belitung,Total Pendapatan Daerah,0.0,2021-06-01
2021,7,Bangka Belitung,Total Pendapatan Daerah,0.0,2021-07-01
2021,8,Bangka Belitung,Total Pendapatan Daerah,0.0,2021-08-01
2021,9,Bangka Belitung,Total Pendapatan Daerah,0.0,2021-09-01
2021,10,Bangka Belitung,Total Pendapatan Daerah,0.0,2021-10-01
2021,11,Bangka Belitung,Total Pendapatan Daerah,0.0,2021-11-01
2021,12,Bangka Belitung,Total Pendapatan Daerah,0.0,2021-12-01
2022,1,Bangka Belitung,Total Pendapatan Daerah,2881466811892.1,2022-01-01
2022,2,Bangka Belitung,Total Pendapatan Daerah,0.0,2022-02-01
2022,3,Bangka Belitung,Total Pendapatan Daerah,0.0,2022-03-01
2022,4,Bangka Belitung,Total Pendapatan Daerah,0.0,2022-04-01
2022,5,Bangka Belitung,Total Pendapatan Daerah,0.0,2022-05-01
2022,6,Bangka Belitung,Total Pendapatan Daerah,0.0,2022-06-01
2022,7,Bangka Belitung,Total Pendapatan Daerah,0.0,2022-07-01
2022,8,Bangka Belitung,Total Pendapatan Daerah,0.0,2022-08-01
2022,9,Bangka Belitung,Total Pendapatan Daerah,0.0,2022-09-01
2022,10,Bangka Belitung,Total Pendapatan Daerah,0.0,2022-10-01
2022,11,Bangka Belitung,Total Pendapatan Daerah,0.0,2022-11-01
2022,12,Bangka Belitung,Total Pendapatan Daerah,0.0,2022-12-01
2023,1,Bangka Belitung,Total Pendapatan Daerah,236526955541.86,2023-01-01
2023,2,Bangka Belitung,Total Pendapatan Daerah,131916392259.44,2023-02-01
2023,3,Bangka Belitung,Total Pendapatan Daerah,153195378773.5,2023-03-01
2023,4,Bangka Belitung,Total Pendapatan Daerah,269746092694.96002,2023-04-01
2023,5,Bangka Belitung,Total Pendapatan Daerah,0.0,2023-05-01
2023,6,Bangka Belitung,Total Pendapatan Daerah,159918169140.45996,2023-06-01
2023,7,Bangka Belitung,Total Pendapatan Daerah,182513328284.58008,2023-07-01
2023,8,Bangka Belitung,Total Pendapatan Daerah,346989940859.0,2023-08-01
2023,9,Bangka Belitung,Total Pendapatan Daerah,152021070988.3999,2023-09-01
2023,10,Bangka Belitung,Total Pendapatan Daerah,294369958273.0,2023-10-01
2023,11,Bangka Belitung,Total Pendapatan Daerah,240082705822.40015,2023-11-01
2023,12,Bangka Belitung,Total Pendapatan Daerah,175879124175.6001,2023-12-01
2024,1,Bangka Belitung,Total Pendapatan Daerah,229630306680.15,2024-01-01
2024,2,Bangka Belitung,Total Pendapatan Daerah,129871739845.42001,2024-02-01
2024,3,Bangka Belitung,Total Pendapatan Daerah,209050870180.99005,2024-03-01
2024,4,Bangka Belitung,Total Pendapatan Daerah,231648476359.69995,2024-04-01
2024,5,Bangka Belitung,Total Pendapatan Daerah,213708670740.14,2024-05-01
2024,6,Bangka Belitung,Total Pendapatan Daerah,250933384498.79993,2024-06-01
2024,7,Bangka Belitung,Total Pendapatan Daerah,207152545079.1001,2024-07-01
2024,8,Bangka Belitung,Total Pendapatan Daerah,148955429319.80005,2024-08-01
2024,9,Bangka Belitung,Total Pendapatan Daerah,198374486374.59985,2024-09-01
2024,10,Bangka Belitung,Total Pendapatan Daerah,286118411550.40015,2024-10-01
2024,11,Bangka Belitung,Total Pendapatan Daerah,170466232399.8999,2024-11-01
2024,12,Bangka Belitung,Total Pendapatan Daerah,145991858307.7002,2024-12-01
2025,1,Bangka Belitung,Total Pendapatan Daerah,207188009934.07,2025-01-01
2025,2,Bangka Belitung,Total Pendapatan Daerah,126032205303.33997,2025-02-01
2025,3,Bangka Belitung,Total Pendapatan Daerah,135364111166.18005,2025-03-01
2025,4,Bangka Belitung,Total Pendapatan Daerah,199371019999.64996,2025-04-01
2025,5,Bangka Belitung,Total Pendapatan Daerah,250388512910.0,2025-05-01
2025,6,Bangka Belitung,Total Pendapatan Daerah,178430501060.45996,2025-06-01
2025,7,Bangka Belitung,Total Pendapatan Daerah,183471999898.40015,2025-07-01
2025,8,Bangka Belitung,Total Pendapatan Daerah,193435973950.09985,2025-08-01
2025,9,Bangka Belitung,Total Pendapatan Daerah,180963835395.90015,2025-09-01
2025,10,Bangka Belitung,Total Pendapatan Daerah,203322730463.3999,2025-10-01
2025,11,Bangka Belitung,Total Pendapatan Daerah,192443713812.30005,2025-11-01
2025,12,Bangka Belitung,Total Pendapatan Daerah,57713218413.19995,2025-12-01
2021,1,Bangka Belitung,Transfer ke Daerah dan Dana Desa (TKDD),1750322876331.0,2021-01-01
2021,2,Bangka Belitung,Transfer ke Daerah dan Dana Desa (TKDD),0.0,2021-02-01
2021,3,Bangka Belitung,Transfer ke Daerah dan Dana Desa (TKDD),0.0,2021-03-01
2021,4,Bangka Belitung,Transfer ke Daerah dan Dana Desa (TKDD),0.0,2021-04-01
2021,5,Bangka Belitung,Transfer ke Daerah dan Dana Desa (TKDD),0.0,2021-05-01
2021,6,Bangka Belitung,Transfer ke Daerah dan Dana Desa (TKDD),0.0,2021-06-01
2021,7,Bangka Belitung,Transfer ke Daerah dan Dana Desa (TKDD),0.0,2021-07-01
2021,8,Bangka Belitung,Transfer ke Daerah dan Dana Desa (TKDD),0.0,2021-08-01
2021,9,Bangka Belitung,Transfer ke Daerah dan Dana Desa (TKDD),0.0,2021-09-01
2021,10,Bangka Belitung,Transfer ke Daerah dan Dana Desa (TKDD),0.0,2021-10-01
2021,11,Bangka Belitung,Transfer ke Daerah dan Dana Desa (TKDD),0.0,2021-11-01
2021,12,Bangka Belitung,Transfer ke Daerah dan Dana Desa (TKDD),0.0,2021-12-01
2022,1,Bangka Belitung,Transfer ke Daerah dan Dana Desa (TKDD),1790988971927.0,2022-01-01
2022,2,Bangka Belitung,Transfer ke Daerah dan Dana Desa (TKDD),0.0,2022-02-01
2022,3,Bangka Belitung,Transfer ke Daerah dan Dana Desa (TKDD),0.0,2022-03-01
2022,4,Bangka Belitung,Transfer ke Daerah dan Dana Desa (TKDD),0.0,2022-04-01
2022,5,Bangka Belitung,Transfer ke Daerah dan Dana Desa (TKDD),0.0,2022-05-01
2022,6,Bangka Belitung,Transfer ke Daerah dan Dana Desa (TKDD),0.0,2022-06-01
2022,7,Bangka Belitung,Transfer ke Daerah dan Dana Desa (TKDD),0.0,2022-07-01
2022,8,Bangka Belitung,Transfer ke Daerah dan Dana Desa (TKDD),0.0,2022-08-01
2022,9,Bangka Belitung,Transfer ke Daerah dan Dana Desa (TKDD),0.0,2022-09-01
2022,10,Bangka Belitung,Transfer ke Daerah dan Dana Desa (TKDD),0.0,2022-10-01
2022,11,Bangka Belitung,Transfer ke Daerah dan Dana Desa (TKDD),0.0,2022-11-01
2022,12,Bangka Belitung,Transfer ke Daerah dan Dana Desa (TKDD),0.0,2022-12-01
2023,1,Bangka Belitung,Transfer ke Daerah dan Dana Desa (TKDD),164858107200.0,2023-01-01
2023,2,Bangka Belitung,Transfer ke Daerah dan Dana Desa (TKDD),64596733400.0,2023-02-01
2023,3,Bangka Belitung,Transfer ke Daerah dan Dana Desa (TKDD),73885682679.0,2023-03-01
2023,4,Bangka Belitung,Transfer ke Daerah dan Dana Desa (TKDD),158731274914.0,2023-04-01
2023,5,Bangka Belitung,Transfer ke Daerah dan Dana Desa (TKDD),0.0,2023-05-01
2023,6,Bangka Belitung,Transfer ke Daerah dan Dana Desa (TKDD),90622432800.0,2023-06-01
2023,7,Bangka Belitung,Transfer ke Daerah dan Dana Desa (TKDD),83647971100.0,2023-07-01
2023,8,Bangka Belitung,Transfer ke Daerah dan Dana Desa (TKDD),264597097000.0,2023-08-01
2023,9,Bangka Belitung,Transfer ke Daerah dan Dana Desa (TKDD),74111891265.0,2023-09-01
2023,10,Bangka Belitung,Transfer ke Daerah dan Dana Desa (TKDD),187803440072.0,2023-10-01
2023,11,Bangka Belitung,Transfer ke Daerah dan Dana Desa (TKDD),166749802636.0,2023-11-01
2023,12,Bangka Belitung,Transfer ke Daerah dan Dana Desa (TKDD),71309963694.0,2023-12-01
2024,1,Bangka Belitung,Transfer ke Daerah dan Dana Desa (TKDD),164181229200.0,2024-01-01
2024,2,Bangka Belitung,Transfer ke Daerah dan Dana Desa (TKDD),74185679263.0,2024-02-01
2024,3,Bangka Belitung,Transfer ke Daerah dan Dana Desa (TKDD),138653374477.0,2024-03-01
2024,4,Bangka Belitung,Transfer ke Daerah dan Dana Desa (TKDD),127268606000.0,2024-04-01
2024,5,Bangka Belitung,Transfer ke Daerah dan Dana Desa (TKDD),152324980480.0,2024-05-01
2024,6,Bangka Belitung,Transfer ke Daerah dan Dana Desa (TKDD),197884718589.0,2024-06-01
2024,7,Bangka Belitung,Transfer ke Daerah dan Dana Desa (TKDD),111039790587.0,2024-07-01
2024,8,Bangka Belitung,Transfer ke Daerah dan Dana Desa (TKDD),83422346415.0,2024-08-01
2024,9,Bangka Belitung,Transfer ke Daerah dan Dana Desa (TKDD),132656395388.0,2024-09-01
2024,10,Bangka Belitung,Transfer ke Daerah dan Dana Desa (TKDD),183387398619.0,2024-10-01
2024,11,Bangka Belitung,Transfer ke Daerah dan Dana Desa (TKDD),102084575825.0,2024-11-01
2024,12,Bangka Belitung,Transfer ke Daerah dan Dana Desa (TKDD),39707260691.0,2024-12-01
2025,1,Bangka Belitung,Transfer ke Daerah dan Dana Desa (TKDD),155935097600.0,2025-01-01
2025,2,Bangka Belitung,Transfer ke Daerah dan Dana Desa (TKDD),80856291100.0,2025-02-01
2025,3,Bangka Belitung,Transfer ke Daerah dan Dana Desa (TKDD),84321321350.0,2025-03-01
2025,4,Bangka Belitung,Transfer ke Daerah dan Dana Desa (TKDD),150720413141.0,2025-04-01
2025,5,Bangka Belitung,Transfer ke Daerah dan Dana Desa (TKDD),109013112050.0,2025-05-01
2025,6,Bangka Belitung,Transfer ke Daerah dan Dana Desa (TKDD),116225215450.0,2025-06-01
2025,7,Bangka Belitung,Transfer ke Daerah dan Dana Desa (TKDD),116301053491.0,2025-07-01
2025,8,Bangka Belitung,Transfer ke Daerah dan Dana Desa (TKDD),112181352550.0,2025-08-01
2025,9,Bangka Belitung,Transfer ke Daerah dan Dana Desa (TKDD),122151079508.0,2025-09-01
2025,10,Bangka Belitung,Transfer ke Daerah dan Dana Desa (TKDD),118891096950.0,2025-10-01
2025,11,Bangka Belitung,Transfer ke Daerah dan Dana Desa (TKDD),127216893878.0,2025-11-01
2025,12,Bangka Belitung,Transfer ke Daerah dan Dana Desa (TKDD),25275630009.0,2025-12-01
2021,1,Banten,Belanja Modal,1297233609175.6,2021-01-01
2021,2,Banten,Belanja Modal,0.0,2021-02-01
2021,3,Banten,Belanja Modal,0.0,2021-03-01
2021,4,Banten,Belanja Modal,0.0,2021-04-01
2021,5,Banten,Belanja Modal,0.0,2021-05-01
2021,6,Banten,Belanja Modal,0.0,2021-06-01
2021,7,Banten,Belanja Modal,0.0,2021-07-01
2021,8,Banten,Belanja Modal,0.0,2021-08-01
2021,9,Banten,Belanja Modal,0.0,2021-09-01
2021,10,Banten,Belanja Modal,0.0,2021-10-01
2021,11,Banten,Belanja Modal,0.0,2021-11-01
2021,12,Banten,Belanja Modal,0.0,2021-12-01
2022,1,Banten,Belanja Modal,1660220698204.1,2022-01-01
2022,2,Banten,Belanja Modal,0.0,2022-02-01
2022,3,Banten,Belanja Modal,0.0,2022-03-01
2022,4,Banten,Belanja Modal,0.0,2022-04-01
2022,5,Banten,Belanja Modal,0.0,2022-05-01
2022,6,Banten,Belanja Modal,0.0,2022-06-01
2022,7,Banten,Belanja Modal,0.0,2022-07-01
2022,8,Banten,Belanja Modal,0.0,2022-08-01
2022,9,Banten,Belanja Modal,0.0,2022-09-01
2022,10,Banten,Belanja Modal,0.0,2022-10-01
2022,11,Banten,Belanja Modal,0.0,2022-11-01
2022,12,Banten,Belanja Modal,0.0,2022-12-01
2023,1,Banten,Belanja Modal,0.0,2023-01-01
2023,2,Banten,Belanja Modal,4105725750.0,2023-02-01
2023,3,Banten,Belanja Modal,14087763981.0,2023-03-01
2023,4,Banten,Belanja Modal,38666609628.0,2023-04-01
2023,5,Banten,Belanja Modal,0.0,2023-05-01
2023,6,Banten,Belanja Modal,32873544126.0,2023-06-01
2023,7,Banten,Belanja Modal,110107839676.0,2023-07-01
2023,8,Banten,Belanja Modal,159907560262.0,2023-08-01
2023,9,Banten,Belanja Modal,80307619181.0,2023-09-01
2023,10,Banten,Belanja Modal,167502133621.75,2023-10-01
2023,11,Banten,Belanja Modal,237614318484.47998,2023-11-01
2023,12,Banten,Belanja Modal,657955256153.97,2023-12-01
2024,1,Banten,Belanja Modal,0.0,2024-01-01
2024,2,Banten,Belanja Modal,202027500.0,2024-02-01
2024,3,Banten,Belanja Modal,31453766433.0,2024-03-01
2024,4,Banten,Belanja Modal,34546229377.0,2024-04-01
2024,5,Banten,Belanja Modal,36572160467.0,2024-05-01
2024,6,Banten,Belanja Modal,81952088433.0,2024-06-01
2024,7,Banten,Belanja Modal,39555199694.0,2024-07-01
2024,8,Banten,Belanja Modal,85537195588.0,2024-08-01
2024,9,Banten,Belanja Modal,79249198732.0,2024-09-01
2024,10,Banten,Belanja Modal,132401227034.0,2024-10-01
2024,11,Banten,Belanja Modal,146731378540.66003,2024-11-01
2024,12,Banten,Belanja Modal,462429286709.73987,2024-12-01
2025,1,Banten,Belanja Modal,881250000.0,2025-01-01
2025,2,Banten,Belanja Modal,8751010077.0,2025-02-01
2025,3,Banten,Belanja Modal,5956798322.0,2025-03-01
2025,4,Banten,Belanja Modal,19390181367.0,2025-04-01
2025,5,Banten,Belanja Modal,18055333101.0,2025-05-01
2025,6,Banten,Belanja Modal,83340623514.0,2025-06-01
2025,7,Banten,Belanja Modal,0.0,2025-07-01
2025,8,Banten,Belanja Modal,53860560870.0,2025-08-01
2025,9,Banten,Belanja Modal,61950569573.0,2025-09-01
2025,10,Banten,Belanja Modal,89441170647.5,2025-10-01
2025,11,Banten,Belanja Modal,88494366654.53003,2025-11-01
2025,12,Banten,Belanja Modal,485269235228.5399,2025-12-01
2021,1,Banten,Pendapatan Asli Daerah (PAD),7010370228686.8,2021-01-01
2021,2,Banten,Pendapatan Asli Daerah (PAD),0.0,2021-02-01
2021,3,Banten,Pendapatan Asli Daerah (PAD),0.0,2021-03-01
2021,4,Banten,Pendapatan Asli Daerah (PAD),0.0,2021-04-01
2021,5,Banten,Pendapatan Asli Daerah (PAD),0.0,2021-05-01
2021,6,Banten,Pendapatan Asli Daerah (PAD),0.0,2021-06-01
2021,7,Banten,Pendapatan Asli Daerah (PAD),0.0,2021-07-01
2021,8,Banten,Pendapatan Asli Daerah (PAD),0.0,2021-08-01
2021,9,Banten,Pendapatan Asli Daerah (PAD),0.0,2021-09-01
2021,10,Banten,Pendapatan Asli Daerah (PAD),0.0,2021-10-01
2021,11,Banten,Pendapatan Asli Daerah (PAD),0.0,2021-11-01
2021,12,Banten,Pendapatan Asli Daerah (PAD),0.0,2021-12-01
2022,1,Banten,Pendapatan Asli Daerah (PAD),8203139526542.0,2022-01-01
2022,2,Banten,Pendapatan Asli Daerah (PAD),0.0,2022-02-01
2022,3,Banten,Pendapatan Asli Daerah (PAD),0.0,2022-03-01
2022,4,Banten,Pendapatan Asli Daerah (PAD),0.0,2022-04-01
2022,5,Banten,Pendapatan Asli Daerah (PAD),0.0,2022-05-01
2022,6,Banten,Pendapatan Asli Daerah (PAD),0.0,2022-06-01
2022,7,Banten,Pendapatan Asli Daerah (PAD),0.0,2022-07-01
2022,8,Banten,Pendapatan Asli Daerah (PAD),0.0,2022-08-01
2022,9,Banten,Pendapatan Asli Daerah (PAD),0.0,2022-09-01
2022,10,Banten,Pendapatan Asli Daerah (PAD),0.0,2022-10-01
2022,11,Banten,Pendapatan Asli Daerah (PAD),0.0,2022-11-01
2022,12,Banten,Pendapatan Asli Daerah (PAD),0.0,2022-12-01
2023,1,Banten,Pendapatan Asli Daerah (PAD),642232837481.73,2023-01-01
2023,2,Banten,Pendapatan Asli Daerah (PAD),564026884273.6699,2023-02-01
2023,3,Banten,Pendapatan Asli Daerah (PAD),639349827364.2002,2023-03-01
2023,4,Banten,Pendapatan Asli Daerah (PAD),849661469161.2998,2023-04-01
2023,5,Banten,Pendapatan Asli Daerah (PAD),0.0,2023-05-01
2023,6,Banten,Pendapatan Asli Daerah (PAD),565217455302.7002,2023-06-01
2023,7,Banten,Pendapatan Asli Daerah (PAD),846648845825.7998,2023-07-01
2023,8,Banten,Pendapatan Asli Daerah (PAD),653281795369.1997,2023-08-01
2023,9,Banten,Pendapatan Asli Daerah (PAD),661474517475.4004,2023-09-01
2023,10,Banten,Pendapatan Asli Daerah (PAD),866936218169.4004,2023-10-01
2023,11,Banten,Pendapatan Asli Daerah (PAD),656162880613.5,2023-11-01
2023,12,Banten,Pendapatan Asli Daerah (PAD),840580653711.6992,2023-12-01
2024,1,Banten,Pendapatan Asli Daerah (PAD),666327163767.74,2024-01-01
2024,2,Banten,Pendapatan Asli Daerah (PAD),576674561334.46,2024-02-01
2024,3,Banten,Pendapatan Asli Daerah (PAD),662818125150.2,2024-03-01
2024,4,Banten,Pendapatan Asli Daerah (PAD),934279086104.8999,2024-04-01
2024,5,Banten,Pendapatan Asli Daerah (PAD),708511188326.3003,2024-05-01
2024,6,Banten,Pendapatan Asli Daerah (PAD),598443905961.0,2024-06-01
2024,7,Banten,Pendapatan Asli Daerah (PAD),886402317478.4995,2024-07-01
2024,8,Banten,Pendapatan Asli Daerah (PAD),689800649521.0,2024-08-01
2024,9,Banten,Pendapatan Asli Daerah (PAD),658462756019.0,2024-09-01
2024,10,Banten,Pendapatan Asli Daerah (PAD),979193877141.1006,2024-10-01
2024,11,Banten,Pendapatan Asli Daerah (PAD),646732101903.3994,2024-11-01
2024,12,Banten,Pendapatan Asli Daerah (PAD),1017182527988.3008,2024-12-01
2025,1,Banten,Pendapatan Asli Daerah (PAD),394284275688.82,2025-01-01
2025,2,Banten,Pendapatan Asli Daerah (PAD),377562432181.79,2025-02-01
2025,3,Banten,Pendapatan Asli Daerah (PAD),451050348296.69006,2025-03-01
2025,4,Banten,Pendapatan Asli Daerah (PAD),980371964400.2,2025-04-01
2025,5,Banten,Pendapatan Asli Daerah (PAD),479532433938.7998,2025-05-01
2025,6,Banten,Pendapatan Asli Daerah (PAD),455754163191.2002,2025-06-01
2025,7,Banten,Pendapatan Asli Daerah (PAD),637756995012.2998,2025-07-01
2025,8,Banten,Pendapatan Asli Daerah (PAD),433743782790.6001,2025-08-01
2025,9,Banten,Pendapatan Asli Daerah (PAD),427502876503.1997,2025-09-01
2025,10,Banten,Pendapatan Asli Daerah (PAD),683530062070.5,2025-10-01
2025,11,Banten,Pendapatan Asli Daerah (PAD),401787474240.6006,2025-11-01
2025,12,Banten,Pendapatan Asli Daerah (PAD),19462101026.700195,2025-12-01
2021,1,Banten,Total Belanja Daerah,11660630540289.0,2021-01-01
2021,2,Banten,Total Belanja Daerah,0.0,2021-02-01
2021,3,Banten,Total Belanja Daerah,0.0,2021-03-01
2021,4,Banten,Total Belanja Daerah,0.0,2021-04-01
2021,5,Banten,Total Belanja Daerah,0.0,2021-05-01
2021,6,Banten,Total Belanja Daerah,0.0,2021-06-01
2021,7,Banten,Total Belanja Daerah,0.0,2021-07-01
2021,8,Banten,Total Belanja Daerah,0.0,2021-08-01
2021,9,Banten,Total Belanja Daerah,0.0,2021-09-01
2021,10,Banten,Total Belanja Daerah,0.0,2021-10-01
2021,11,Banten,Total Belanja Daerah,0.0,2021-11-01
2021,12,Banten,Total Belanja Daerah,0.0,2021-12-01
2022,1,Banten,Total Belanja Daerah,11278684481863.0,2022-01-01
2022,2,Banten,Total Belanja Daerah,0.0,2022-02-01
2022,3,Banten,Total Belanja Daerah,0.0,2022-03-01
2022,4,Banten,Total Belanja Daerah,0.0,2022-04-01
2022,5,Banten,Total Belanja Daerah,0.0,2022-05-01
2022,6,Banten,Total Belanja Daerah,0.0,2022-06-01
2022,7,Banten,Total Belanja Daerah,0.0,2022-07-01
2022,8,Banten,Total Belanja Daerah,0.0,2022-08-01
2022,9,Banten,Total Belanja Daerah,0.0,2022-09-01
2022,10,Banten,Total Belanja Daerah,0.0,2022-10-01
2022,11,Banten,Total Belanja Daerah,0.0,2022-11-01
2022,12,Banten,Total Belanja Daerah,0.0,2022-12-01
2023,1,Banten,Total Belanja Daerah,350255463637.0,2023-01-01
2023,2,Banten,Total Belanja Daerah,651934370130.0,2023-02-01
2023,3,Banten,Total Belanja Daerah,1004933666788.0,2023-03-01
2023,4,Banten,Total Belanja Daerah,688552997274.2998,2023-04-01
2023,5,Banten,Total Belanja Daerah,0.0,2023-05-01
2023,6,Banten,Total Belanja Daerah,734587781505.1001,2023-06-01
2023,7,Banten,Total Belanja Daerah,1183157840662.4,2023-07-01
2023,8,Banten,Total Belanja Daerah,857481784573.9004,2023-08-01
2023,9,Banten,Total Belanja Daerah,698093186000.0,2023-09-01
2023,10,Banten,Total Belanja Daerah,759922235621.7002,2023-10-01
2023,11,Banten,Total Belanja Daerah,1712334055298.5,2023-11-01
2023,12,Banten,Total Belanja Daerah,2107104090927.0996,2023-12-01
2024,1,Banten,Total Belanja Daerah,504350944464.0,2024-01-01
2024,2,Banten,Total Belanja Daerah,518173430978.0,2024-02-01
2024,3,Banten,Total Belanja Daerah,922776264922.0,2024-03-01
2024,4,Banten,Total Belanja Daerah,758493326030.0,2024-04-01
2024,5,Banten,Total Belanja Daerah,955880215337.0,2024-05-01
2024,6,Banten,Total Belanja Daerah,1120535981872.0,2024-06-01
2024,7,Banten,Total Belanja Daerah,1087439110326.0,2024-07-01
2024,8,Banten,Total Belanja Daerah,771715944459.0,2024-08-01
2024,9,Banten,Total Belanja Daerah,634428039287.0996,2024-09-01
2024,10,Banten,Total Belanja Daerah,1027307057824.0,2024-10-01
2024,11,Banten,Total Belanja Daerah,963322966960.5996,2024-11-01
2024,12,Banten,Total Belanja Daerah,2643471629121.301,2024-12-01
2025,1,Banten,Total Belanja Daerah,123095176188.0,2025-01-01
2025,2,Banten,Total Belanja Daerah,774390272816.0,2025-02-01
2025,3,Banten,Total Belanja Daerah,780145587244.0,2025-03-01
2025,4,Banten,Total Belanja Daerah,486881216464.0,2025-04-01
2025,5,Banten,Total Belanja Daerah,858600287790.0,2025-05-01
2025,6,Banten,Total Belanja Daerah,1061107279101.0,2025-06-01
2025,7,Banten,Total Belanja Daerah,108032505446.0,2025-07-01
2025,8,Banten,Total Belanja Daerah,657757555380.0,2025-08-01
2025,9,Banten,Total Belanja Daerah,568292930684.2002,2025-09-01
2025,10,Banten,Total Belanja Daerah,1023809747263.5996,2025-10-01
2025,11,Banten,Total Belanja Daerah,806613046644.9004,2025-11-01
2025,12,Banten,Total Belanja Daerah,1657738606480.8994,2025-12-01
2021,1,Banten,Total Pendapatan Daerah,11623305653595.0,2021-01-01
2021,2,Banten,Total Pendapatan Daerah,0.0,2021-02-01
2021,3,Banten,Total Pendapatan Daerah,0.0,2021-03-01
2021,4,Banten,Total Pendapatan Daerah,0.0,2021-04-01
2021,5,Banten,Total Pendapatan Daerah,0.0,2021-05-01
2021,6,Banten,Total Pendapatan Daerah,0.0,2021-06-01
2021,7,Banten,Total Pendapatan Daerah,0.0,2021-07-01
2021,8,Banten,Total Pendapatan Daerah,0.0,2021-08-01
2021,9,Banten,Total Pendapatan Daerah,0.0,2021-09-01
2021,10,Banten,Total Pendapatan Daerah,0.0,2021-10-01
2021,11,Banten,Total Pendapatan Daerah,0.0,2021-11-01
2021,12,Banten,Total Pendapatan Daerah,0.0,2021-12-01
2022,1,Banten,Total Pendapatan Daerah,11205654716542.0,2022-01-01
2022,2,Banten,Total Pendapatan Daerah,0.0,2022-02-01
2022,3,Banten,Total Pendapatan Daerah,0.0,2022-03-01
2022,4,Banten,Total Pendapatan Daerah,0.0,2022-04-01
2022,5,Banten,Total Pendapatan Daerah,0.0,2022-05-01
2022,6,Banten,Total Pendapatan Daerah,0.0,2022-06-01
2022,7,Banten,Total Pendapatan Daerah,0.0,2022-07-01
2022,8,Banten,Total Pendapatan Daerah,0.0,2022-08-01
2022,9,Banten,Total Pendapatan Daerah,0.0,2022-09-01
2022,10,Banten,Total Pendapatan Daerah,0.0,2022-10-01
2022,11,Banten,Total Pendapatan Daerah,0.0,2022-11-01
2022,12,Banten,Total Pendapatan Daerah,0.0,2022-12-01
2023,1,Banten,Total Pendapatan Daerah,785846607081.73,2023-01-01
2023,2,Banten,Total Pendapatan Daerah,839216078773.6699,2023-02-01
2023,3,Banten,Total Pendapatan Daerah,1079090220123.2002,2023-03-01
2023,4,Banten,Total Pendapatan Daerah,978442577646.2998,2023-04-01
2023,5,Banten,Total Pendapatan Daerah,0.0,2023-05-01
2023,6,Banten,Total Pendapatan Daerah,901815205140.6997,2023-06-01
2023,7,Banten,Total Pendapatan Daerah,1315736859876.8008,2023-07-01
2023,8,Banten,Total Pendapatan Daerah,732024945619.1992,2023-08-01
2023,9,Banten,Total Pendapatan Daerah,949236379525.4004,2023-09-01
2023,10,Banten,Total Pendapatan Daerah,1087294544158.4004,2023-10-01
2023,11,Banten,Total Pendapatan Daerah,1058084482568.5,2023-11-01
2023,12,Banten,Total Pendapatan Daerah,1048617049866.0996,2023-12-01
2024,1,Banten,Total Pendapatan Daerah,1210472133167.7,2024-01-01
2024,2,Banten,Total Pendapatan Daerah,659490212334.5,2024-02-01
2024,3,Banten,Total Pendapatan Daerah,1037517045038.2,2024-03-01
2024,4,Banten,Total Pendapatan Daerah,1102120076604.9,2024-04-01
2024,5,Banten,Total Pendapatan Daerah,834658660326.2998,2024-05-01
2024,6,Banten,Total Pendapatan Daerah,1065343649050.0,2024-06-01
2024,7,Banten,Total Pendapatan Daerah,1061080044228.5,2024-07-01
2024,8,Banten,Total Pendapatan Daerah,1159520834139.0,2024-08-01
2024,9,Banten,Total Pendapatan Daerah,893201782137.0,2024-09-01
2024,10,Banten,Total Pendapatan Daerah,1251385279019.9004,2024-10-01
2024,11,Banten,Total Pendapatan Daerah,1010081020499.0,2024-11-01
2024,12,Banten,Total Pendapatan Daerah,1119132389318.0,2024-12-01
2025,1,Banten,Total Pendapatan Daerah,907215172488.82,2025-01-01
2025,2,Banten,Total Pendapatan Daerah,554227737033.7802,2025-02-01
2025,3,Banten,Total Pendapatan Daerah,530968361924.69995,2025-03-01
2025,4,Banten,Total Pendapatan Daerah,1294221558050.2,2025-04-01
2025,5,Banten,Total Pendapatan Daerah,556150240238.7998,2025-05-01
2025,6,Banten,Total Pendapatan Daerah,807063493172.2002,2025-06-01
2025,7,Banten,Total Pendapatan Daerah,708973202812.2998,2025-07-01
2025,8,Banten,Total Pendapatan Daerah,1078563980090.6006,2025-08-01
2025,9,Banten,Total Pendapatan Daerah,717204718876.1992,2025-09-01
2025,10,Banten,Total Pendapatan Daerah,1028251442391.6006,2025-10-01
2025,11,Banten,Total Pendapatan Daerah,654145140193.6006,2025-11-01
2025,12,Banten,Total Pendapatan Daerah,284751699139.5996,2025-12-01
2021,1,Banten,Transfer ke Daerah dan Dana Desa (TKDD),4607412424908.0,2021-01-01
2021,2,Banten,Transfer ke Daerah dan Dana Desa (TKDD),0.0,2021-02-01
2021,3,Banten,Transfer ke Daerah dan Dana Desa (TKDD),0.0,2021-03-01
2021,4,Banten,Transfer ke Daerah dan Dana Desa (TKDD),0.0,2021-04-01
2021,5,Banten,Transfer ke Daerah dan Dana Desa (TKDD),0.0,2021-05-01
2021,6,Banten,Transfer ke Daerah dan Dana Desa (TKDD),0.0,2021-06-01
2021,7,Banten,Transfer ke Daerah dan Dana Desa (TKDD),0.0,2021-07-01
2021,8,Banten,Transfer ke Daerah dan Dana Desa (TKDD),0.0,2021-08-01
2021,9,Banten,Transfer ke Daerah dan Dana Desa (TKDD),0.0,2021-09-01
2021,10,Banten,Transfer ke Daerah dan Dana Desa (TKDD),0.0,2021-10-01
2021,11,Banten,Transfer ke Daerah dan Dana Desa (TKDD),0.0,2021-11-01
2021,12,Banten,Transfer ke Daerah dan Dana Desa (TKDD),0.0,2021-12-01
2022,1,Banten,Transfer ke Daerah dan Dana Desa (TKDD),2996963150000.0,2022-01-01
2022,2,Banten,Transfer ke Daerah dan Dana Desa (TKDD),0.0,2022-02-01
2022,3,Banten,Transfer ke Daerah dan Dana Desa (TKDD),0.0,2022-03-01
2022,4,Banten,Transfer ke Daerah dan Dana Desa (TKDD),0.0,2022-04-01
2022,5,Banten,Transfer ke Daerah dan Dana Desa (TKDD),0.0,2022-05-01
2022,6,Banten,Transfer ke Daerah dan Dana Desa (TKDD),0.0,2022-06-01
2022,7,Banten,Transfer ke Daerah dan Dana Desa (TKDD),0.0,2022-07-01
2022,8,Banten,Transfer ke Daerah dan Dana Desa (TKDD),0.0,2022-08-01
2022,9,Banten,Transfer ke Daerah dan Dana Desa (TKDD),0.0,2022-09-01
2022,10,Banten,Transfer ke Daerah dan Dana Desa (TKDD),0.0,2022-10-01
2022,11,Banten,Transfer ke Daerah dan Dana Desa (TKDD),0.0,2022-11-01
2022,12,Banten,Transfer ke Daerah dan Dana Desa (TKDD),0.0,2022-12-01
2023,1,Banten,Transfer ke Daerah dan Dana Desa (TKDD),143613769600.0,2023-01-01
2023,2,Banten,Transfer ke Daerah dan Dana Desa (TKDD),275189194500.0,2023-02-01
2023,3,Banten,Transfer ke Daerah dan Dana Desa (TKDD),439740392759.0,2023-03-01
2023,4,Banten,Transfer ke Daerah dan Dana Desa (TKDD),128781108485.0,2023-04-01
2023,5,Banten,Transfer ke Daerah dan Dana Desa (TKDD),0.0,2023-05-01
2023,6,Banten,Transfer ke Daerah dan Dana Desa (TKDD),336597749838.0,2023-06-01
2023,7,Banten,Transfer ke Daerah dan Dana Desa (TKDD),465708064051.0,2023-07-01
2023,8,Banten,Transfer ke Daerah dan Dana Desa (TKDD),78260300250.0,2023-08-01
2023,9,Banten,Transfer ke Daerah dan Dana Desa (TKDD),287279012050.0,2023-09-01
2023,10,Banten,Transfer ke Daerah dan Dana Desa (TKDD),219875475989.0,2023-10-01
2023,11,Banten,Transfer ke Daerah dan Dana Desa (TKDD),401438751955.0,2023-11-01
2023,12,Banten,Transfer ke Daerah dan Dana Desa (TKDD),207553546154.0,2023-12-01
2024,1,Banten,Transfer ke Daerah dan Dana Desa (TKDD),544144969400.0,2024-01-01
2024,2,Banten,Transfer ke Daerah dan Dana Desa (TKDD),82815651000.0,2024-02-01
2024,3,Banten,Transfer ke Daerah dan Dana Desa (TKDD),374698919888.0,2024-03-01
2024,4,Banten,Transfer ke Daerah dan Dana Desa (TKDD),167840990500.0,2024-04-01
2024,5,Banten,Transfer ke Daerah dan Dana Desa (TKDD),126147472000.0,2024-05-01
2024,6,Banten,Transfer ke Daerah dan Dana Desa (TKDD),466899743089.0,2024-06-01
2024,7,Banten,Transfer ke Daerah dan Dana Desa (TKDD),174677726750.0,2024-07-01
2024,8,Banten,Transfer ke Daerah dan Dana Desa (TKDD),465969024618.0,2024-08-01
2024,9,Banten,Transfer ke Daerah dan Dana Desa (TKDD),233667266118.0,2024-09-01
2024,10,Banten,Transfer ke Daerah dan Dana Desa (TKDD),271655521879.0,2024-10-01
2024,11,Banten,Transfer ke Daerah dan Dana Desa (TKDD),362813038595.0,2024-11-01
2024,12,Banten,Transfer ke Daerah dan Dana Desa (TKDD),101413981330.0,2024-12-01
2025,1,Banten,Transfer ke Daerah dan Dana Desa (TKDD),512930896800.0,2025-01-01
2025,2,Banten,Transfer ke Daerah dan Dana Desa (TKDD),176665304852.0,2025-02-01
2025,3,Banten,Transfer ke Daerah dan Dana Desa (TKDD),79918013628.0,2025-03-01
2025,4,Banten,Transfer ke Daerah dan Dana Desa (TKDD),313849593650.0,2025-04-01
2025,5,Banten,Transfer ke Daerah dan Dana Desa (TKDD),76617806300.0,2025-05-01
2025,6,Banten,Transfer ke Daerah dan Dana Desa (TKDD),351309329981.0,2025-06-01
2025,7,Banten,Transfer ke Daerah dan Dana Desa (TKDD),68024405800.0,2025-07-01
2025,8,Banten,Transfer ke Daerah dan Dana Desa (TKDD),644288230300.0,2025-08-01
2025,9,Banten,Transfer ke Daerah dan Dana Desa (TKDD),289169875373.0,2025-09-01
2025,10,Banten,Transfer ke Daerah dan Dana Desa (TKDD),344189413321.0,2025-10-01
2025,11,Banten,Transfer ke Daerah dan Dana Desa (TKDD),251293731953.0,2025-11-01
2025,12,Banten,Transfer ke Daerah dan Dana Desa (TKDD),264757631113.0,2025-12-01
2021,1,Bengkulu,Belanja Modal,324342084410.0,2021-01-01
2021,2,Bengkulu,Belanja Modal,0.0,2021-02-01
2021,3,Bengkulu,Belanja Modal,0.0,2021-03-01
2021,4,Bengkulu,Belanja Modal,0.0,2021-04-01
2021,5,Bengkulu,Belanja Modal,0.0,2021-05-01
2021,6,Bengkulu,Belanja Modal,0.0,2021-06-01
2021,7,Bengkulu,Belanja Modal,0.0,2021-07-01
2021,8,Bengkulu,Belanja Modal,0.0,2021-08-01
2021,9,Bengkulu,Belanja Modal,0.0,2021-09-01
2021,10,Bengkulu,Belanja Modal,0.0,2021-10-01
2021,11,Bengkulu,Belanja Modal,0.0,2021-11-01
2021,12,Bengkulu,Belanja Modal,0.0,2021-12-01
2022,1,Bengkulu,Belanja Modal,417023457013.72,2022-01-01
2022,2,Bengkulu,Belanja Modal,0.0,2022-02-01
2022,3,Bengkulu,Belanja Modal,0.0,2022-03-01
2022,4,Bengkulu,Belanja Modal,0.0,2022-04-01
2022,5,Bengkulu,Belanja Modal,0.0,2022-05-01
2022,6,Bengkulu,Belanja Modal,0.0,2022-06-01
2022,7,Bengkulu,Belanja Modal,0.0,2022-07-01
2022,8,Bengkulu,Belanja Modal,0.0,2022-08-01
2022,9,Bengkulu,Belanja Modal,0.0,2022-09-01
2022,10,Bengkulu,Belanja Modal,0.0,2022-10-01
2022,11,Bengkulu,Belanja Modal,0.0,2022-11-01
2022,12,Bengkulu,Belanja Modal,0.0,2022-12-01
2023,1,Bengkulu,Belanja Modal,0.0,2023-01-01
2023,2,Bengkulu,Belanja Modal,658742907.0,2023-02-01
2023,3,Bengkulu,Belanja Modal,24552043794.79,2023-03-01
2023,4,Bengkulu,Belanja Modal,18968124231.0,2023-04-01
2023,5,Bengkulu,Belanja Modal,0.0,2023-05-01
2023,6,Bengkulu,Belanja Modal,21572260349.0,2023-06-01
2023,7,Bengkulu,Belanja Modal,25932261609.999992,2023-07-01
2023,8,Bengkulu,Belanja Modal,52985915904.009995,2023-08-01
2023,9,Bengkulu,Belanja Modal,25406469531.0,2023-09-01
2023,10,Bengkulu,Belanja Modal,49313731856.0,2023-10-01
2023,11,Bengkulu,Belanja Modal,77982884567.0,2023-11-01
2023,12,Bengkulu,Belanja Modal,266231084637.00006,2023-12-01
2024,1,Bengkulu,Belanja Modal,0.0,2024-01-01
2024,2,Bengkulu,Belanja Modal,4414469818.0,2024-02-01
2024,3,Bengkulu,Belanja Modal,12554457138.0,2024-03-01
2024,4,Bengkulu,Belanja Modal,15558609319.0,2024-04-01
2024,5,Bengkulu,Belanja Modal,24858936547.0,2024-05-01
2024,6,Bengkulu,Belanja Modal,16784552736.0,2024-06-01
2024,7,Bengkulu,Belanja Modal,41898857950.0,2024-07-01
2024,8,Bengkulu,Belanja Modal,38637397611.0,2024-08-01
2024,9,Bengkulu,Belanja Modal,54327381388.0,2024-09-01
2024,10,Bengkulu,Belanja Modal,21555766060.0,2024-10-01
2024,11,Bengkulu,Belanja Modal,71505329419.0,2024-11-01
2024,12,Bengkulu,Belanja Modal,125018097918.0,2024-12-01
2025,1,Bengkulu,Belanja Modal,0.0,2025-01-01
2025,2,Bengkulu,Belanja Modal,5300400000.0,2025-02-01
2025,3,Bengkulu,Belanja Modal,1662992880.0,2025-03-01
2025,4,Bengkulu,Belanja Modal,0.0,2025-04-01
2025,5,Bengkulu,Belanja Modal,0.0,2025-05-01
2025,6,Bengkulu,Belanja Modal,3165322744.41,2025-06-01
2025,7,Bengkulu,Belanja Modal,80809798200.06,2025-07-01
2025,8,Bengkulu,Belanja Modal,50706209624.0,2025-08-01
2025,9,Bengkulu,Belanja Modal,49228589493.92001,2025-09-01
2025,10,Bengkulu,Belanja Modal,134689611123.0,2025-10-01
2025,11,Bengkulu,Belanja Modal,53101516432.0,2025-11-01
2025,12,Bengkulu,Belanja Modal,209653545384.0,2025-12-01
2021,1,Bengkulu,Pendapatan Asli Daerah (PAD),984420164400.0,2021-01-01
2021,2,Bengkulu,Pendapatan Asli Daerah (PAD),0.0,2021-02-01
2021,3,Bengkulu,Pendapatan Asli Daerah (PAD),0.0,2021-03-01
2021,4,Bengkulu,Pendapatan Asli Daerah (PAD),0.0,2021-04-01
2021,5,Bengkulu,Pendapatan Asli Daerah (PAD),0.0,2021-05-01
2021,6,Bengkulu,Pendapatan Asli Daerah (PAD),0.0,2021-06-01
2021,7,Bengkulu,Pendapatan Asli Daerah (PAD),0.0,2021-07-01
2021,8,Bengkulu,Pendapatan Asli Daerah (PAD),0.0,2021-08-01
2021,9,Bengkulu,Pendapatan Asli Daerah (PAD),0.0,2021-09-01
2021,10,Bengkulu,Pendapatan Asli Daerah (PAD),0.0,2021-10-01
2021,11,Bengkulu,Pendapatan Asli Daerah (PAD),0.0,2021-11-01
2021,12,Bengkulu,Pendapatan Asli Daerah (PAD),0.0,2021-12-01
2022,1,Bengkulu,Pendapatan Asli Daerah (PAD),1088415649978.2,2022-01-01
2022,2,Bengkulu,Pendapatan Asli Daerah (PAD),0.0,2022-02-01
2022,3,Bengkulu,Pendapatan Asli Daerah (PAD),0.0,2022-03-01
2022,4,Bengkulu,Pendapatan Asli Daerah (PAD),0.0,2022-04-01
2022,5,Bengkulu,Pendapatan Asli Daerah (PAD),0.0,2022-05-01
2022,6,Bengkulu,Pendapatan Asli Daerah (PAD),0.0,2022-06-01
2022,7,Bengkulu,Pendapatan Asli Daerah (PAD),0.0,2022-07-01
2022,8,Bengkulu,Pendapatan Asli Daerah (PAD),0.0,2022-08-01
2022,9,Bengkulu,Pendapatan Asli Daerah (PAD),0.0,2022-09-01
2022,10,Bengkulu,Pendapatan Asli Daerah (PAD),0.0,2022-10-01
2022,11,Bengkulu,Pendapatan Asli Daerah (PAD),0.0,2022-11-01
2022,12,Bengkulu,Pendapatan Asli Daerah (PAD),0.0,2022-12-01
2023,1,Bengkulu,Pendapatan Asli Daerah (PAD),72198478257.0,2023-01-01
2023,2,Bengkulu,Pendapatan Asli Daerah (PAD),64271059069.64,2023-02-01
2023,3,Bengkulu,Pendapatan Asli Daerah (PAD),68205150157.719986,2023-03-01
2023,4,Bengkulu,Pendapatan Asli Daerah (PAD),122473733679.0,2023-04-01
2023,5,Bengkulu,Pendapatan Asli Daerah (PAD),0.0,2023-05-01
2023,6,Bengkulu,Pendapatan Asli Daerah (PAD),65651244755.0,2023-06-01
2023,7,Bengkulu,Pendapatan Asli Daerah (PAD),109760314584.89001,2023-07-01
2023,8,Bengkulu,Pendapatan Asli Daerah (PAD),85545337000.65002,2023-08-01
2023,9,Bengkulu,Pendapatan Asli Daerah (PAD),72063768649.0,2023-09-01
2023,10,Bengkulu,Pendapatan Asli Daerah (PAD),122874990088.0,2023-10-01
2023,11,Bengkulu,Pendapatan Asli Daerah (PAD),74986238565.0,2023-11-01
2023,12,Bengkulu,Pendapatan Asli Daerah (PAD),80669319685.75,2023-12-01
2024,1,Bengkulu,Pendapatan Asli Daerah (PAD),82732520571.0,2024-01-01
2024,2,Bengkulu,Pendapatan Asli Daerah (PAD),49739924214.509995,2024-02-01
2024,3,Bengkulu,Pendapatan Asli Daerah (PAD),92913909968.00002,2024-03-01
2024,4,Bengkulu,Pendapatan Asli Daerah (PAD),129812373083.20001,2024-04-01
2024,5,Bengkulu,Pendapatan Asli Daerah (PAD),57108784157.25995,2024-05-01
2024,6,Bengkulu,Pendapatan Asli Daerah (PAD),0.0,2024-06-01
2024,7,Bengkulu,Pendapatan Asli Daerah (PAD),314327098737.25995,2024-07-01
2024,8,Bengkulu,Pendapatan Asli Daerah (PAD),71365156732.55005,2024-08-01
2024,9,Bengkulu,Pendapatan Asli Daerah (PAD),115025368431.0,2024-09-01
2024,10,Bengkulu,Pendapatan Asli Daerah (PAD),105779378636.53003,2024-10-01
2024,11,Bengkulu,Pendapatan Asli Daerah (PAD),72913980467.66992,2024-11-01
2024,12,Bengkulu,Pendapatan Asli Daerah (PAD),109114342692.58008,2024-12-01
2025,1,Bengkulu,Pendapatan Asli Daerah (PAD),44469778812.6,2025-01-01
2025,2,Bengkulu,Pendapatan Asli Daerah (PAD),68642387679.28001,2025-02-01
2025,3,Bengkulu,Pendapatan Asli Daerah (PAD),85317377509.59,2025-03-01
2025,4,Bengkulu,Pendapatan Asli Daerah (PAD),83982529380.98001,2025-04-01
2025,5,Bengkulu,Pendapatan Asli Daerah (PAD),119718615405.48999,2025-05-01
2025,6,Bengkulu,Pendapatan Asli Daerah (PAD),59559580909.02002,2025-06-01
2025,7,Bengkulu,Pendapatan Asli Daerah (PAD),95626415139.65997,2025-07-01
2025,8,Bengkulu,Pendapatan Asli Daerah (PAD),91487606260.82996,2025-08-01
2025,9,Bengkulu,Pendapatan Asli Daerah (PAD),111077002152.33008,2025-09-01
2025,10,Bengkulu,Pendapatan Asli Daerah (PAD),104438016009.23999,2025-10-01
2025,11,Bengkulu,Pendapatan Asli Daerah (PAD),63301642616.630005,2025-11-01
2025,12,Bengkulu,Pendapatan Asli Daerah (PAD),60705988474.67993,2025-12-01
2021,1,Bengkulu,Total Belanja Daerah,2880225046730.0,2021-01-01
2021,2,Bengkulu,Total Belanja Daerah,0.0,2021-02-01
2021,3,Bengkulu,Total Belanja Daerah,0.0,2021-03-01
2021,4,Bengkulu,Total Belanja Daerah,0.0,2021-04-01
2021,5,Bengkulu,Total Belanja Daerah,0.0,2021-05-01
2021,6,Bengkulu,Total Belanja Daerah,0.0,2021-06-01
2021,7,Bengkulu,Total Belanja Daerah,0.0,2021-07-01
2021,8,Bengkulu,Total Belanja Daerah,0.0,2021-08-01
2021,9,Bengkulu,Total Belanja Daerah,0.0,2021-09-01
2021,10,Bengkulu,Total Belanja Daerah,0.0,2021-10-01
2021,11,Bengkulu,Total Belanja Daerah,0.0,2021-11-01
2021,12,Bengkulu,Total Belanja Daerah,0.0,2021-12-01
2022,1,Bengkulu,Total Belanja Daerah,3016495454738.9,2022-01-01
2022,2,Bengkulu,Total Belanja Daerah,0.0,2022-02-01
2022,3,Bengkulu,Total Belanja Daerah,0.0,2022-03-01
2022,4,Bengkulu,Total Belanja Daerah,0.0,2022-04-01
2022,5,Bengkulu,Total Belanja Daerah,0.0,2022-05-01
2022,6,Bengkulu,Total Belanja Daerah,0.0,2022-06-01
2022,7,Bengkulu,Total Belanja Daerah,0.0,2022-07-01
2022,8,Bengkulu,Total Belanja Daerah,0.0,2022-08-01
2022,9,Bengkulu,Total Belanja Daerah,0.0,2022-09-01
2022,10,Bengkulu,Total Belanja Daerah,0.0,2022-10-01
2022,11,Bengkulu,Total Belanja Daerah,0.0,2022-11-01
2022,12,Bengkulu,Total Belanja Daerah,0.0,2022-12-01
2023,1,Bengkulu,Total Belanja Daerah,128963934074.0,2023-01-01
2023,2,Bengkulu,Total Belanja Daerah,142693190171.85,2023-02-01
2023,3,Bengkulu,Total Belanja Daerah,208543908384.74002,2023-03-01
2023,4,Bengkulu,Total Belanja Daerah,288867577504.34,2023-04-01
2023,5,Bengkulu,Total Belanja Daerah,0.0,2023-05-01
2023,6,Bengkulu,Total Belanja Daerah,260268427926.87,2023-06-01
2023,7,Bengkulu,Total Belanja Daerah,264079102690.30005,2023-07-01
2023,8,Bengkulu,Total Belanja Daerah,255035229367.2998,2023-08-01
2023,9,Bengkulu,Total Belanja Daerah,185512280445.90015,2023-09-01
2023,10,Bengkulu,Total Belanja Daerah,208184693132.0,2023-10-01
2023,11,Bengkulu,Total Belanja Daerah,352678989689.40015,2023-11-01
2023,12,Bengkulu,Total Belanja Daerah,628453710021.8999,2023-12-01
2024,1,Bengkulu,Total Belanja Daerah,135625080559.0,2024-01-01
2024,2,Bengkulu,Total Belanja Daerah,109904175955.0,2024-02-01
2024,3,Bengkulu,Total Belanja Daerah,284217887344.0,2024-03-01
2024,4,Bengkulu,Total Belanja Daerah,271607054475.36,2024-04-01
2024,5,Bengkulu,Total Belanja Daerah,206601055287.04004,2024-05-01
2024,6,Bengkulu,Total Belanja Daerah,306724221663.6,2024-06-01
2024,7,Bengkulu,Total Belanja Daerah,373203768087.80005,2024-07-01
2024,8,Bengkulu,Total Belanja Daerah,171559412009.0,2024-08-01
2024,9,Bengkulu,Total Belanja Daerah,254032932332.0,2024-09-01
2024,10,Bengkulu,Total Belanja Daerah,223059921820.80005,2024-10-01
2024,11,Bengkulu,Total Belanja Daerah,296869618467.6997,2024-11-01
2024,12,Bengkulu,Total Belanja Daerah,507067278449.1001,2024-12-01
2025,1,Bengkulu,Total Belanja Daerah,94319137924.0,2025-01-01
2025,2,Bengkulu,Total Belanja Daerah,92838749883.0,2025-02-01
2025,3,Bengkulu,Total Belanja Daerah,201014204436.0,2025-03-01
2025,4,Bengkulu,Total Belanja Daerah,106479112603.0,2025-04-01
2025,5,Bengkulu,Total Belanja Daerah,176196508586.0,2025-05-01
2025,6,Bengkulu,Total Belanja Daerah,283208386983.22,2025-06-01
2025,7,Bengkulu,Total Belanja Daerah,271387384795.17993,2025-07-01
2025,8,Bengkulu,Total Belanja Daerah,305187993258.0,2025-08-01
2025,9,Bengkulu,Total Belanja Daerah,243757459507.40015,2025-09-01
2025,10,Bengkulu,Total Belanja Daerah,239557431845.0,2025-10-01
2025,11,Bengkulu,Total Belanja Daerah,208062339375.69995,2025-11-01
2025,12,Bengkulu,Total Belanja Daerah,497493113027.1001,2025-12-01
2021,1,Bengkulu,Total Pendapatan Daerah,3051751862803.0,2021-01-01
2021,2,Bengkulu,Total Pendapatan Daerah,0.0,2021-02-01
2021,3,Bengkulu,Total Pendapatan Daerah,0.0,2021-03-01
2021,4,Bengkulu,Total Pendapatan Daerah,0.0,2021-04-01
2021,5,Bengkulu,Total Pendapatan Daerah,0.0,2021-05-01
2021,6,Bengkulu,Total Pendapatan Daerah,0.0,2021-06-01
2021,7,Bengkulu,Total Pendapatan Daerah,0.0,2021-07-01
2021,8,Bengkulu,Total Pendapatan Daerah,0.0,2021-08-01
2021,9,Bengkulu,Total Pendapatan Daerah,0.0,2021-09-01
2021,10,Bengkulu,Total Pendapatan Daerah,0.0,2021-10-01
2021,11,Bengkulu,Total Pendapatan Daerah,0.0,2021-11-01
2021,12,Bengkulu,Total Pendapatan Daerah,0.0,2021-12-01
2022,1,Bengkulu,Total Pendapatan Daerah,2953744560516.2,2022-01-01
2022,2,Bengkulu,Total Pendapatan Daerah,0.0,2022-02-01
2022,3,Bengkulu,Total Pendapatan Daerah,0.0,2022-03-01
2022,4,Bengkulu,Total Pendapatan Daerah,0.0,2022-04-01
2022,5,Bengkulu,Total Pendapatan Daerah,0.0,2022-05-01
2022,6,Bengkulu,Total Pendapatan Daerah,0.0,2022-06-01
2022,7,Bengkulu,Total Pendapatan Daerah,0.0,2022-07-01
2022,8,Bengkulu,Total Pendapatan Daerah,0.0,2022-08-01
2022,9,Bengkulu,Total Pendapatan Daerah,0.0,2022-09-01
2022,10,Bengkulu,Total Pendapatan Daerah,0.0,2022-10-01
2022,11,Bengkulu,Total Pendapatan Daerah,0.0,2022-11-01
2022,12,Bengkulu,Total Pendapatan Daerah,0.0,2022-12-01
2023,1,Bengkulu,Total Pendapatan Daerah,238515755657.0,2023-01-01
2023,2,Bengkulu,Total Pendapatan Daerah,142185044069.64,2023-02-01
2023,3,Bengkulu,Total Pendapatan Daerah,157896936566.71997,2023-03-01
2023,4,Bengkulu,Total Pendapatan Daerah,350264145840.0,2023-04-01
2023,5,Bengkulu,Total Pendapatan Daerah,0.0,2023-05-01
2023,6,Bengkulu,Total Pendapatan Daerah,92585434098.0,2023-06-01
2023,7,Bengkulu,Total Pendapatan Daerah,329691115884.83997,2023-07-01
2023,8,Bengkulu,Total Pendapatan Daerah,296444248250.69995,2023-08-01
2023,9,Bengkulu,Total Pendapatan Daerah,240817600587.0,2023-09-01
2023,10,Bengkulu,Total Pendapatan Daerah,375072646410.0,2023-10-01
2023,11,Bengkulu,Total Pendapatan Daerah,210657914115.0,2023-11-01
2023,12,Bengkulu,Total Pendapatan Daerah,383819279864.7002,2023-12-01
2024,1,Bengkulu,Total Pendapatan Daerah,271480876571.0,2024-01-01
2024,2,Bengkulu,Total Pendapatan Daerah,138054987014.51,2024-02-01
2024,3,Bengkulu,Total Pendapatan Daerah,225837405111.0,2024-03-01
2024,4,Bengkulu,Total Pendapatan Daerah,300547479583.19995,2024-04-01
2024,5,Bengkulu,Total Pendapatan Daerah,196260846195.29004,2024-05-01
2024,6,Bengkulu,Total Pendapatan Daerah,121080913526.69995,2024-06-01
2024,7,Bengkulu,Total Pendapatan Daerah,480826057131.30005,2024-07-01
2024,8,Bengkulu,Total Pendapatan Daerah,206552535122.5,2024-08-01
2024,9,Bengkulu,Total Pendapatan Daerah,285893571935.0,2024-09-01
2024,10,Bengkulu,Total Pendapatan Daerah,365364258583.5,2024-10-01
2024,11,Bengkulu,Total Pendapatan Daerah,206378368359.7002,2024-11-01
2024,12,Bengkulu,Total Pendapatan Daerah,393576849716.5996,2024-12-01
2025,1,Bengkulu,Total Pendapatan Daerah,212666209812.6,2025-01-01
2025,2,Bengkulu,Total Pendapatan Daerah,94585195095.28,2025-02-01
2025,3,Bengkulu,Total Pendapatan Daerah,281229528487.58997,2025-03-01
2025,4,Bengkulu,Total Pendapatan Daerah,211539053480.97998,2025-04-01
2025,5,Bengkulu,Total Pendapatan Daerah,225035484455.45007,2025-05-01
2025,6,Bengkulu,Total Pendapatan Daerah,163465604359.09998,2025-06-01
2025,7,Bengkulu,Total Pendapatan Daerah,291983809589.6001,2025-07-01
2025,8,Bengkulu,Total Pendapatan Daerah,376761390351.8999,2025-08-01
2025,9,Bengkulu,Total Pendapatan Daerah,273065499260.30005,2025-09-01
2025,10,Bengkulu,Total Pendapatan Daerah,227415644308.19995,2025-10-01
2025,11,Bengkulu,Total Pendapatan Daerah,169095398916.7002,2025-11-01
2025,12,Bengkulu,Total Pendapatan Daerah,252027001016.5996,2025-12-01
2021,1,Bengkulu,Transfer ke Daerah dan Dana Desa (TKDD),2066215698403.0,2021-01-01
2021,2,Bengkulu,Transfer ke Daerah dan Dana Desa (TKDD),0.0,2021-02-01
2021,3,Bengkulu,Transfer ke Daerah dan Dana Desa (TKDD),0.0,2021-03-01
2021,4,Bengkulu,Transfer ke Daerah dan Dana Desa (TKDD),0.0,2021-04-01
2021,5,Bengkulu,Transfer ke Daerah dan Dana Desa (TKDD),0.0,2021-05-01
2021,6,Bengkulu,Transfer ke Daerah dan Dana Desa (TKDD),0.0,2021-06-01
2021,7,Bengkulu,Transfer ke Daerah dan Dana Desa (TKDD),0.0,2021-07-01
2021,8,Bengkulu,Transfer ke Daerah dan Dana Desa (TKDD),0.0,2021-08-01
2021,9,Bengkulu,Transfer ke Daerah dan Dana Desa (TKDD),0.0,2021-09-01
2021,10,Bengkulu,Transfer ke Daerah dan Dana Desa (TKDD),0.0,2021-10-01
2021,11,Bengkulu,Transfer ke Daerah dan Dana Desa (TKDD),0.0,2021-11-01
2021,12,Bengkulu,Transfer ke Daerah dan Dana Desa (TKDD),0.0,2021-12-01
2022,1,Bengkulu,Transfer ke Daerah dan Dana Desa (TKDD),1864171870538.0,2022-01-01
2022,2,Bengkulu,Transfer ke Daerah dan Dana Desa (TKDD),0.0,2022-02-01
2022,3,Bengkulu,Transfer ke Daerah dan Dana Desa (TKDD),0.0,2022-03-01
2022,4,Bengkulu,Transfer ke Daerah dan Dana Desa (TKDD),0.0,2022-04-01
2022,5,Bengkulu,Transfer ke Daerah dan Dana Desa (TKDD),0.0,2022-05-01
2022,6,Bengkulu,Transfer ke Daerah dan Dana Desa (TKDD),0.0,2022-06-01
2022,7,Bengkulu,Transfer ke Daerah dan Dana Desa (TKDD),0.0,2022-07-01
2022,8,Bengkulu,Transfer ke Daerah dan Dana Desa (TKDD),0.0,2022-08-01
2022,9,Bengkulu,Transfer ke Daerah dan Dana Desa (TKDD),0.0,2022-09-01
2022,10,Bengkulu,Transfer ke Daerah dan Dana Desa (TKDD),0.0,2022-10-01
2022,11,Bengkulu,Transfer ke Daerah dan Dana Desa (TKDD),0.0,2022-11-01
2022,12,Bengkulu,Transfer ke Daerah dan Dana Desa (TKDD),0.0,2022-12-01
2023,1,Bengkulu,Transfer ke Daerah dan Dana Desa (TKDD),166317277400.0,2023-01-01
2023,2,Bengkulu,Transfer ke Daerah dan Dana Desa (TKDD),77913985000.0,2023-02-01
2023,3,Bengkulu,Transfer ke Daerah dan Dana Desa (TKDD),89691786409.0,2023-03-01
2023,4,Bengkulu,Transfer ke Daerah dan Dana Desa (TKDD),227790412161.0,2023-04-01
2023,5,Bengkulu,Transfer ke Daerah dan Dana Desa (TKDD),0.0,2023-05-01
2023,6,Bengkulu,Transfer ke Daerah dan Dana Desa (TKDD),26349774343.0,2023-06-01
2023,7,Bengkulu,Transfer ke Daerah dan Dana Desa (TKDD),219930801300.0,2023-07-01
2023,8,Bengkulu,Transfer ke Daerah dan Dana Desa (TKDD),210898911250.0,2023-08-01
2023,9,Bengkulu,Transfer ke Daerah dan Dana Desa (TKDD),168461624438.0,2023-09-01
2023,10,Bengkulu,Transfer ke Daerah dan Dana Desa (TKDD),252197656322.0,2023-10-01
2023,11,Bengkulu,Transfer ke Daerah dan Dana Desa (TKDD),135671675550.0,2023-11-01
2023,12,Bengkulu,Transfer ke Daerah dan Dana Desa (TKDD),302857752679.0,2023-12-01
2024,1,Bengkulu,Transfer ke Daerah dan Dana Desa (TKDD),188748356000.0,2024-01-01
2024,2,Bengkulu,Transfer ke Daerah dan Dana Desa (TKDD),88315062800.0,2024-02-01
2024,3,Bengkulu,Transfer ke Daerah dan Dana Desa (TKDD),132923495143.0,2024-03-01
2024,4,Bengkulu,Transfer ke Daerah dan Dana Desa (TKDD),170735106500.0,2024-04-01
2024,5,Bengkulu,Transfer ke Daerah dan Dana Desa (TKDD),139152062038.0,2024-05-01
2024,6,Bengkulu,Transfer ke Daerah dan Dana Desa (TKDD),236615788465.0,2024-06-01
2024,7,Bengkulu,Transfer ke Daerah dan Dana Desa (TKDD),166498958394.0,2024-07-01
2024,8,Bengkulu,Transfer ke Daerah dan Dana Desa (TKDD),135187378390.0,2024-08-01
2024,9,Bengkulu,Transfer ke Daerah dan Dana Desa (TKDD),170868203504.0,2024-09-01
2024,10,Bengkulu,Transfer ke Daerah dan Dana Desa (TKDD),258491809947.0,2024-10-01
2024,11,Bengkulu,Transfer ke Daerah dan Dana Desa (TKDD),133464387892.0,2024-11-01
2024,12,Bengkulu,Transfer ke Daerah dan Dana Desa (TKDD),249331420024.0,2024-12-01
2025,1,Bengkulu,Transfer ke Daerah dan Dana Desa (TKDD),168196431000.0,2025-01-01
2025,2,Bengkulu,Transfer ke Daerah dan Dana Desa (TKDD),25942807416.0,2025-02-01
2025,3,Bengkulu,Transfer ke Daerah dan Dana Desa (TKDD),195912150978.0,2025-03-01
2025,4,Bengkulu,Transfer ke Daerah dan Dana Desa (TKDD),127556524100.0,2025-04-01
2025,5,Bengkulu,Transfer ke Daerah dan Dana Desa (TKDD),105316869050.0,2025-05-01
2025,6,Bengkulu,Transfer ke Daerah dan Dana Desa (TKDD),103906023450.0,2025-06-01
2025,7,Bengkulu,Transfer ke Daerah dan Dana Desa (TKDD),196357394450.0,2025-07-01
2025,8,Bengkulu,Transfer ke Daerah dan Dana Desa (TKDD),284423304091.0,2025-08-01
2025,9,Bengkulu,Transfer ke Daerah dan Dana Desa (TKDD),161882187108.0,2025-09-01
2025,10,Bengkulu,Transfer ke Daerah dan Dana Desa (TKDD),122871318299.0,2025-10-01
2025,11,Bengkulu,Transfer ke Daerah dan Dana Desa (TKDD),105793756300.0,2025-11-01
2025,12,Bengkulu,Transfer ke Daerah dan Dana Desa (TKDD),191321012542.0,2025-12-01
2021,1,DI Yogyakarta,Belanja Modal,654839728747.39,2021-01-01
2021,2,DI Yogyakarta,Belanja Modal,0.0,2021-02-01
2021,3,DI Yogyakarta,Belanja Modal,0.0,2021-03-01
2021,4,DI Yogyakarta,Belanja Modal,0.0,2021-04-01
2021,5,DI Yogyakarta,Belanja Modal,0.0,2021-05-01
2021,6,DI Yogyakarta,Belanja Modal,0.0,2021-06-01
2021,7,DI Yogyakarta,Belanja Modal,0.0,2021-07-01
2021,8,DI Yogyakarta,Belanja Modal,0.0,2021-08-01
2021,9,DI Yogyakarta,Belanja Modal,0.0,2021-09-01
2021,10,DI Yogyakarta,Belanja Modal,0.0,2021-10-01
2021,11,DI Yogyakarta,Belanja Modal,0.0,2021-11-01
2021,12,DI Yogyakarta,Belanja Modal,0.0,2021-12-01
2022,1,DI Yogyakarta,Belanja Modal,704882049066.74,2022-01-01
2022,2,DI Yogyakarta,Belanja Modal,0.0,2022-02-01
2022,3,DI Yogyakarta,Belanja Modal,0.0,2022-03-01
2022,4,DI Yogyakarta,Belanja Modal,0.0,2022-04-01
2022,5,DI Yogyakarta,Belanja Modal,0.0,2022-05-01
2022,6,DI Yogyakarta,Belanja Modal,0.0,2022-06-01
2022,7,DI Yogyakarta,Belanja Modal,0.0,2022-07-01
2022,8,DI Yogyakarta,Belanja Modal,0.0,2022-08-01
2022,9,DI Yogyakarta,Belanja Modal,0.0,2022-09-01
2022,10,DI Yogyakarta,Belanja Modal,0.0,2022-10-01
2022,11,DI Yogyakarta,Belanja Modal,0.0,2022-11-01
2022,12,DI Yogyakarta,Belanja Modal,0.0,2022-12-01
2023,1,DI Yogyakarta,Belanja Modal,2650000.0,2023-01-01
2023,2,DI Yogyakarta,Belanja Modal,2569393539.0,2023-02-01
2023,3,DI Yogyakarta,Belanja Modal,106135204594.0,2023-03-01
2023,4,DI Yogyakarta,Belanja Modal,15460279940.0,2023-04-01
2023,5,DI Yogyakarta,Belanja Modal,0.0,2023-05-01
2023,6,DI Yogyakarta,Belanja Modal,55126680878.0,2023-06-01
2023,7,DI Yogyakarta,Belanja Modal,25860188447.0,2023-07-01
2023,8,DI Yogyakarta,Belanja Modal,53510007749.0,2023-08-01
2023,9,DI Yogyakarta,Belanja Modal,68606587289.0,2023-09-01
2023,10,DI Yogyakarta,Belanja Modal,75481904133.0,2023-10-01
2023,11,DI Yogyakarta,Belanja Modal,109805457434.0,2023-11-01
2023,12,DI Yogyakarta,Belanja Modal,194708526046.0,2023-12-01
2024,1,DI Yogyakarta,Belanja Modal,0.0,2024-01-01
2024,2,DI Yogyakarta,Belanja Modal,4415334604.0,2024-02-01
2024,3,DI Yogyakarta,Belanja Modal,29356894991.0,2024-03-01
2024,4,DI Yogyakarta,Belanja Modal,27373315374.0,2024-04-01
2024,5,DI Yogyakarta,Belanja Modal,25667122158.0,2024-05-01
2024,6,DI Yogyakarta,Belanja Modal,69052680094.0,2024-06-01
2024,7,DI Yogyakarta,Belanja Modal,23433670855.0,2024-07-01
2024,8,DI Yogyakarta,Belanja Modal,66481970123.0,2024-08-01
2024,9,DI Yogyakarta,Belanja Modal,70011922733.0,2024-09-01
2024,10,DI Yogyakarta,Belanja Modal,79141240222.0,2024-10-01
2024,11,DI Yogyakarta,Belanja Modal,80060433613.0,2024-11-01
2024,12,DI Yogyakarta,Belanja Modal,184158726173.94995,2024-12-01
2025,1,DI Yogyakarta,Belanja Modal,43132598.0,2025-01-01
2025,2,DI Yogyakarta,Belanja Modal,2022084765.0,2025-02-01
2025,3,DI Yogyakarta,Belanja Modal,5577388223.0,2025-03-01
2025,4,DI Yogyakarta,Belanja Modal,65524440596.0,2025-04-01
2025,5,DI Yogyakarta,Belanja Modal,29575812554.0,2025-05-01
2025,6,DI Yogyakarta,Belanja Modal,17465457119.0,2025-06-01
2025,7,DI Yogyakarta,Belanja Modal,45162397682.0,2025-07-01
2025,8,DI Yogyakarta,Belanja Modal,27324239933.0,2025-08-01
2025,9,DI Yogyakarta,Belanja Modal,63961081503.0,2025-09-01
2025,10,DI Yogyakarta,Belanja Modal,135298425542.0,2025-10-01
2025,11,DI Yogyakarta,Belanja Modal,76371058188.0,2025-11-01
2025,12,DI Yogyakarta,Belanja Modal,149183271504.0,2025-12-01
2021,1,DI Yogyakarta,Pendapatan Asli Daerah (PAD),1900923074881.5,2021-01-01
2021,2,DI Yogyakarta,Pendapatan Asli Daerah (PAD),0.0,2021-02-01
2021,3,DI Yogyakarta,Pendapatan Asli Daerah (PAD),0.0,2021-03-01
2021,4,DI Yogyakarta,Pendapatan Asli Daerah (PAD),0.0,2021-04-01
2021,5,DI Yogyakarta,Pendapatan Asli Daerah (PAD),0.0,2021-05-01
2021,6,DI Yogyakarta,Pendapatan Asli Daerah (PAD),0.0,2021-06-01
2021,7,DI Yogyakarta,Pendapatan Asli Daerah (PAD),0.0,2021-07-01
2021,8,DI Yogyakarta,Pendapatan Asli Daerah (PAD),0.0,2021-08-01
2021,9,DI Yogyakarta,Pendapatan Asli Daerah (PAD),0.0,2021-09-01
2021,10,DI Yogyakarta,Pendapatan Asli Daerah (PAD),0.0,2021-10-01
2021,11,DI Yogyakarta,Pendapatan Asli Daerah (PAD),0.0,2021-11-01
2021,12,DI Yogyakarta,Pendapatan Asli Daerah (PAD),0.0,2021-12-01
2022,1,DI Yogyakarta,Pendapatan Asli Daerah (PAD),2263431316669.6,2022-01-01
2022,2,DI Yogyakarta,Pendapatan Asli Daerah (PAD),0.0,2022-02-01
2022,3,DI Yogyakarta,Pendapatan Asli Daerah (PAD),0.0,2022-03-01
2022,4,DI Yogyakarta,Pendapatan Asli Daerah (PAD),0.0,2022-04-01
2022,5,DI Yogyakarta,Pendapatan Asli Daerah (PAD),0.0,2022-05-01
2022,6,DI Yogyakarta,Pendapatan Asli Daerah (PAD),0.0,2022-06-01
2022,7,DI Yogyakarta,Pendapatan Asli Daerah (PAD),0.0,2022-07-01
2022,8,DI Yogyakarta,Pendapatan Asli Daerah (PAD),0.0,2022-08-01
2022,9,DI Yogyakarta,Pendapatan Asli Daerah (PAD),0.0,2022-09-01
2022,10,DI Yogyakarta,Pendapatan Asli Daerah (PAD),0.0,2022-10-01
2022,11,DI Yogyakarta,Pendapatan Asli Daerah (PAD),0.0,2022-11-01
2022,12,DI Yogyakarta,Pendapatan Asli Daerah (PAD),0.0,2022-12-01
2023,1,DI Yogyakarta,Pendapatan Asli Daerah (PAD),175726597680.6,2023-01-01
2023,2,DI Yogyakarta,Pendapatan Asli Daerah (PAD),253771754977.33,2023-02-01
2023,3,DI Yogyakarta,Pendapatan Asli Daerah (PAD),165125359302.62006,2023-03-01
2023,4,DI Yogyakarta,Pendapatan Asli Daerah (PAD),248791186453.7699,2023-04-01
2023,5,DI Yogyakarta,Pendapatan Asli Daerah (PAD),0.0,2023-05-01
2023,6,DI Yogyakarta,Pendapatan Asli Daerah (PAD),150854885303.40002,2023-06-01
2023,7,DI Yogyakarta,Pendapatan Asli Daerah (PAD),235521039781.17993,2023-07-01
2023,8,DI Yogyakarta,Pendapatan Asli Daerah (PAD),177131286265.5,2023-08-01
2023,9,DI Yogyakarta,Pendapatan Asli Daerah (PAD),191970842171.2002,2023-09-01
2023,10,DI Yogyakarta,Pendapatan Asli Daerah (PAD),227633946013.0,2023-10-01
2023,11,DI Yogyakarta,Pendapatan Asli Daerah (PAD),163431364135.2998,2023-11-01
2023,12,DI Yogyakarta,Pendapatan Asli Daerah (PAD),215590625945.0,2023-12-01
2024,1,DI Yogyakarta,Pendapatan Asli Daerah (PAD),182752158568.09,2024-01-01
2024,2,DI Yogyakarta,Pendapatan Asli Daerah (PAD),154289945458.78,2024-02-01
2024,3,DI Yogyakarta,Pendapatan Asli Daerah (PAD),274188100518.93005,2024-03-01
2024,4,DI Yogyakarta,Pendapatan Asli Daerah (PAD),262480888623.37,2024-04-01
2024,5,DI Yogyakarta,Pendapatan Asli Daerah (PAD),170544047915.42993,2024-05-01
2024,6,DI Yogyakarta,Pendapatan Asli Daerah (PAD),155090148293.50012,2024-06-01
2024,7,DI Yogyakarta,Pendapatan Asli Daerah (PAD),231670557048.8999,2024-07-01
2024,8,DI Yogyakarta,Pendapatan Asli Daerah (PAD),205279057951.0,2024-08-01
2024,9,DI Yogyakarta,Pendapatan Asli Daerah (PAD),175996116070.5,2024-09-01
2024,10,DI Yogyakarta,Pendapatan Asli Daerah (PAD),235440385250.6001,2024-10-01
2024,11,DI Yogyakarta,Pendapatan Asli Daerah (PAD),166889854102.1997,2024-11-01
2024,12,DI Yogyakarta,Pendapatan Asli Daerah (PAD),266885305757.8003,2024-12-01
2025,1,DI Yogyakarta,Pendapatan Asli Daerah (PAD),119129201291.25,2025-01-01
2025,2,DI Yogyakarta,Pendapatan Asli Daerah (PAD),105914928088.17001,2025-02-01
2025,3,DI Yogyakarta,Pendapatan Asli Daerah (PAD),238519413714.86002,2025-03-01
2025,4,DI Yogyakarta,Pendapatan Asli Daerah (PAD),223505914688.61,2025-04-01
2025,5,DI Yogyakarta,Pendapatan Asli Daerah (PAD),112079042070.67004,2025-05-01
2025,6,DI Yogyakarta,Pendapatan Asli Daerah (PAD),106935908353.37988,2025-06-01
2025,7,DI Yogyakarta,Pendapatan Asli Daerah (PAD),267070259367.8601,2025-07-01
2025,8,DI Yogyakarta,Pendapatan Asli Daerah (PAD),125541253982.09985,2025-08-01
2025,9,DI Yogyakarta,Pendapatan Asli Daerah (PAD),131888944149.0,2025-09-01
2025,10,DI Yogyakarta,Pendapatan Asli Daerah (PAD),207107484933.30005,2025-10-01
2025,11,DI Yogyakarta,Pendapatan Asli Daerah (PAD),115695633543.5,2025-11-01
2025,12,DI Yogyakarta,Pendapatan Asli Daerah (PAD),169653858852.5,2025-12-01
2021,1,DI Yogyakarta,Total Belanja Daerah,5530173461667.2,2021-01-01
2021,2,DI Yogyakarta,Total Belanja Daerah,0.0,2021-02-01
2021,3,DI Yogyakarta,Total Belanja Daerah,0.0,2021-03-01
2021,4,DI Yogyakarta,Total Belanja Daerah,0.0,2021-04-01
2021,5,DI Yogyakarta,Total Belanja Daerah,0.0,2021-05-01
2021,6,DI Yogyakarta,Total Belanja Daerah,0.0,2021-06-01
2021,7,DI Yogyakarta,Total Belanja Daerah,0.0,2021-07-01
2021,8,DI Yogyakarta,Total Belanja Daerah,0.0,2021-08-01
2021,9,DI Yogyakarta,Total Belanja Daerah,0.0,2021-09-01
2021,10,DI Yogyakarta,Total Belanja Daerah,0.0,2021-10-01
2021,11,DI Yogyakarta,Total Belanja Daerah,0.0,2021-11-01
2021,12,DI Yogyakarta,Total Belanja Daerah,0.0,2021-12-01
2022,1,DI Yogyakarta,Total Belanja Daerah,5449935625661.6,2022-01-01
2022,2,DI Yogyakarta,Total Belanja Daerah,0.0,2022-02-01
2022,3,DI Yogyakarta,Total Belanja Daerah,0.0,2022-03-01
2022,4,DI Yogyakarta,Total Belanja Daerah,0.0,2022-04-01
2022,5,DI Yogyakarta,Total Belanja Daerah,0.0,2022-05-01
2022,6,DI Yogyakarta,Total Belanja Daerah,0.0,2022-06-01
2022,7,DI Yogyakarta,Total Belanja Daerah,0.0,2022-07-01
2022,8,DI Yogyakarta,Total Belanja Daerah,0.0,2022-08-01
2022,9,DI Yogyakarta,Total Belanja Daerah,0.0,2022-09-01
2022,10,DI Yogyakarta,Total Belanja Daerah,0.0,2022-10-01
2022,11,DI Yogyakarta,Total Belanja Daerah,0.0,2022-11-01
2022,12,DI Yogyakarta,Total Belanja Daerah,0.0,2022-12-01
2023,1,DI Yogyakarta,Total Belanja Daerah,102323613058.0,2023-01-01
2023,2,DI Yogyakarta,Total Belanja Daerah,210236435118.0,2023-02-01
2023,3,DI Yogyakarta,Total Belanja Daerah,403545429547.0,2023-03-01
2023,4,DI Yogyakarta,Total Belanja Daerah,508413707961.19995,2023-04-01
2023,5,DI Yogyakarta,Total Belanja Daerah,0.0,2023-05-01
2023,6,DI Yogyakarta,Total Belanja Daerah,566113121956.0,2023-06-01
2023,7,DI Yogyakarta,Total Belanja Daerah,571244333601.0002,2023-07-01
2023,8,DI Yogyakarta,Total Belanja Daerah,317015034503.0,2023-08-01
2023,9,DI Yogyakarta,Total Belanja Daerah,363134565688.0,2023-09-01
2023,10,DI Yogyakarta,Total Belanja Daerah,581174399779.5,2023-10-01
2023,11,DI Yogyakarta,Total Belanja Daerah,525599204784.0,2023-11-01
2023,12,DI Yogyakarta,Total Belanja Daerah,1165526835292.7002,2023-12-01
2024,1,DI Yogyakarta,Total Belanja Daerah,72347938392.0,2024-01-01
2024,2,DI Yogyakarta,Total Belanja Daerah,158820271513.7,2024-02-01
2024,3,DI Yogyakarta,Total Belanja Daerah,474906499094.49994,2024-03-01
2024,4,DI Yogyakarta,Total Belanja Daerah,346647040722.4,2024-04-01
2024,5,DI Yogyakarta,Total Belanja Daerah,552084467576.4,2024-05-01
2024,6,DI Yogyakarta,Total Belanja Daerah,651405128969.3999,2024-06-01
2024,7,DI Yogyakarta,Total Belanja Daerah,678686784363.1001,2024-07-01
2024,8,DI Yogyakarta,Total Belanja Daerah,391906003488.3999,2024-08-01
2024,9,DI Yogyakarta,Total Belanja Daerah,397458393094.3999,2024-09-01
2024,10,DI Yogyakarta,Total Belanja Daerah,607232430464.9004,2024-10-01
2024,11,DI Yogyakarta,Total Belanja Daerah,468301250537.3994,2024-11-01
2024,12,DI Yogyakarta,Total Belanja Daerah,880698880080.5,2024-12-01
2025,1,DI Yogyakarta,Total Belanja Daerah,127081913698.0,2025-01-01
2025,2,DI Yogyakarta,Total Belanja Daerah,163235683352.95,2025-02-01
2025,3,DI Yogyakarta,Total Belanja Daerah,409358055253.18,2025-03-01
2025,4,DI Yogyakarta,Total Belanja Daerah,384465929608.56995,2025-04-01
2025,5,DI Yogyakarta,Total Belanja Daerah,350973493460.0,2025-05-01
2025,6,DI Yogyakarta,Total Belanja Daerah,483729135461.0,2025-06-01
2025,7,DI Yogyakarta,Total Belanja Daerah,532408808594.00024,2025-07-01
2025,8,DI Yogyakarta,Total Belanja Daerah,280334937292.7998,2025-08-01
2025,9,DI Yogyakarta,Total Belanja Daerah,330803733107.8999,2025-09-01
2025,10,DI Yogyakarta,Total Belanja Daerah,607184150788.0,2025-10-01
2025,11,DI Yogyakarta,Total Belanja Daerah,430587194533.7002,2025-11-01
2025,12,DI Yogyakarta,Total Belanja Daerah,664243828334.3999,2025-12-01
2021,1,DI Yogyakarta,Total Pendapatan Daerah,5703100309342.2,2021-01-01
2021,2,DI Yogyakarta,Total Pendapatan Daerah,0.0,2021-02-01
2021,3,DI Yogyakarta,Total Pendapatan Daerah,0.0,2021-03-01
2021,4,DI Yogyakarta,Total Pendapatan Daerah,0.0,2021-04-01
2021,5,DI Yogyakarta,Total Pendapatan Daerah,0.0,2021-05-01
2021,6,DI Yogyakarta,Total Pendapatan Daerah,0.0,2021-06-01
2021,7,DI Yogyakarta,Total Pendapatan Daerah,0.0,2021-07-01
2021,8,DI Yogyakarta,Total Pendapatan Daerah,0.0,2021-08-01
2021,9,DI Yogyakarta,Total Pendapatan Daerah,0.0,2021-09-01
2021,10,DI Yogyakarta,Total Pendapatan Daerah,0.0,2021-10-01
2021,11,DI Yogyakarta,Total Pendapatan Daerah,0.0,2021-11-01
2021,12,DI Yogyakarta,Total Pendapatan Daerah,0.0,2021-12-01
2022,1,DI Yogyakarta,Total Pendapatan Daerah,5531194851402.3,2022-01-01
2022,2,DI Yogyakarta,Total Pendapatan Daerah,0.0,2022-02-01
2022,3,DI Yogyakarta,Total Pendapatan Daerah,0.0,2022-03-01
2022,4,DI Yogyakarta,Total Pendapatan Daerah,0.0,2022-04-01
2022,5,DI Yogyakarta,Total Pendapatan Daerah,0.0,2022-05-01
2022,6,DI Yogyakarta,Total Pendapatan Daerah,0.0,2022-06-01
2022,7,DI Yogyakarta,Total Pendapatan Daerah,0.0,2022-07-01
2022,8,DI Yogyakarta,Total Pendapatan Daerah,0.0,2022-08-01
2022,9,DI Yogyakarta,Total Pendapatan Daerah,0.0,2022-09-01
2022,10,DI Yogyakarta,Total Pendapatan Daerah,0.0,2022-10-01
2022,11,DI Yogyakarta,Total Pendapatan Daerah,0.0,2022-11-01
2022,12,DI Yogyakarta,Total Pendapatan Daerah,0.0,2022-12-01
2023,1,DI Yogyakarta,Total Pendapatan Daerah,377113833680.6,2023-01-01
2023,2,DI Yogyakarta,Total Pendapatan Daerah,366662057977.3301,2023-02-01
2023,3,DI Yogyakarta,Total Pendapatan Daerah,564815908636.67,2023-03-01
2023,4,DI Yogyakarta,Total Pendapatan Daerah,430181709716.69995,2023-04-01
2023,5,DI Yogyakarta,Total Pendapatan Daerah,0.0,2023-05-01
2023,6,DI Yogyakarta,Total Pendapatan Daerah,187270997703.3999,2023-06-01
2023,7,DI Yogyakarta,Total Pendapatan Daerah,630170976906.2,2023-07-01
2023,8,DI Yogyakarta,Total Pendapatan Daerah,304286088865.5,2023-08-01
2023,9,DI Yogyakarta,Total Pendapatan Daerah,375723282900.2002,2023-09-01
2023,10,DI Yogyakarta,Total Pendapatan Daerah,455458939656.1001,2023-10-01
2023,11,DI Yogyakarta,Total Pendapatan Daerah,587068407476.1997,2023-11-01
2023,12,DI Yogyakarta,Total Pendapatan Daerah,330509400099.0005,2023-12-01
2024,1,DI Yogyakarta,Total Pendapatan Daerah,526564270368.09,2024-01-01
2024,2,DI Yogyakarta,Total Pendapatan Daerah,264505739458.77997,2024-02-01
2024,3,DI Yogyakarta,Total Pendapatan Daerah,515124707164.93005,2024-03-01
2024,4,DI Yogyakarta,Total Pendapatan Daerah,370296937373.3999,2024-04-01
2024,5,DI Yogyakarta,Total Pendapatan Daerah,1403952810347.4001,2024-05-01
2024,6,DI Yogyakarta,Total Pendapatan Daerah,355287118298.5,2024-06-01
2024,7,DI Yogyakarta,Total Pendapatan Daerah,373298395266.8999,2024-07-01
2024,8,DI Yogyakarta,Total Pendapatan Daerah,466192060624.0,2024-08-01
2024,9,DI Yogyakarta,Total Pendapatan Daerah,322003080228.5,2024-09-01
2024,10,DI Yogyakarta,Total Pendapatan Daerah,473247532087.5996,2024-10-01
2024,11,DI Yogyakarta,Total Pendapatan Daerah,601240203740.2002,2024-11-01
2024,12,DI Yogyakarta,Total Pendapatan Daerah,353357316302.7998,2024-12-01
2025,1,DI Yogyakarta,Total Pendapatan Daerah,320117526291.25,2025-01-01
2025,2,DI Yogyakarta,Total Pendapatan Daerah,226393927425.16998,2025-02-01
2025,3,DI Yogyakarta,Total Pendapatan Daerah,465448164614.88007,2025-03-01
2025,4,DI Yogyakarta,Total Pendapatan Daerah,364520172938.59985,2025-04-01
2025,5,DI Yogyakarta,Total Pendapatan Daerah,215206142545.7002,2025-05-01
2025,6,DI Yogyakarta,Total Pendapatan Daerah,1145759797218.2998,2025-06-01
2025,7,DI Yogyakarta,Total Pendapatan Daerah,244081430252.8999,2025-07-01
2025,8,DI Yogyakarta,Total Pendapatan Daerah,288805669126.1001,2025-08-01
2025,9,DI Yogyakarta,Total Pendapatan Daerah,246359796199.0,2025-09-01
2025,10,DI Yogyakarta,Total Pendapatan Daerah,359183309894.3003,2025-10-01
2025,11,DI Yogyakarta,Total Pendapatan Daerah,433100055143.5,2025-11-01
2025,12,DI Yogyakarta,Total Pendapatan Daerah,752524646246.5,2025-12-01
2021,1,DI Yogyakarta,Transfer ke Daerah dan Dana Desa (TKDD),3794050615221.0,2021-01-01
2021,2,DI Yogyakarta,Transfer ke Daerah dan Dana Desa (TKDD),0.0,2021-02-01
2021,3,DI Yogyakarta,Transfer ke Daerah dan Dana Desa (TKDD),0.0,2021-03-01
2021,4,DI Yogyakarta,Transfer ke Daerah dan Dana Desa (TKDD),0.0,2021-04-01
2021,5,DI Yogyakarta,Transfer ke Daerah dan Dana Desa (TKDD),0.0,2021-05-01
2021,6,DI Yogyakarta,Transfer ke Daerah dan Dana Desa (TKDD),0.0,2021-06-01
2021,7,DI Yogyakarta,Transfer ke Daerah dan Dana Desa (TKDD),0.0,2021-07-01
2021,8,DI Yogyakarta,Transfer ke Daerah dan Dana Desa (TKDD),0.0,2021-08-01
2021,9,DI Yogyakarta,Transfer ke Daerah dan Dana Desa (TKDD),0.0,2021-09-01
2021,10,DI Yogyakarta,Transfer ke Daerah dan Dana Desa (TKDD),0.0,2021-10-01
2021,11,DI Yogyakarta,Transfer ke Daerah dan Dana Desa (TKDD),0.0,2021-11-01
2021,12,DI Yogyakarta,Transfer ke Daerah dan Dana Desa (TKDD),0.0,2021-12-01
2022,1,DI Yogyakarta,Transfer ke Daerah dan Dana Desa (TKDD),3256850196484.0,2022-01-01
2022,2,DI Yogyakarta,Transfer ke Daerah dan Dana Desa (TKDD),0.0,2022-02-01
2022,3,DI Yogyakarta,Transfer ke Daerah dan Dana Desa (TKDD),0.0,2022-03-01
2022,4,DI Yogyakarta,Transfer ke Daerah dan Dana Desa (TKDD),0.0,2022-04-01
2022,5,DI Yogyakarta,Transfer ke Daerah dan Dana Desa (TKDD),0.0,2022-05-01
2022,6,DI Yogyakarta,Transfer ke Daerah dan Dana Desa (TKDD),0.0,2022-06-01
2022,7,DI Yogyakarta,Transfer ke Daerah dan Dana Desa (TKDD),0.0,2022-07-01
2022,8,DI Yogyakarta,Transfer ke Daerah dan Dana Desa (TKDD),0.0,2022-08-01
2022,9,DI Yogyakarta,Transfer ke Daerah dan Dana Desa (TKDD),0.0,2022-09-01
2022,10,DI Yogyakarta,Transfer ke Daerah dan Dana Desa (TKDD),0.0,2022-10-01
2022,11,DI Yogyakarta,Transfer ke Daerah dan Dana Desa (TKDD),0.0,2022-11-01
2022,12,DI Yogyakarta,Transfer ke Daerah dan Dana Desa (TKDD),0.0,2022-12-01
2023,1,DI Yogyakarta,Transfer ke Daerah dan Dana Desa (TKDD),201017597000.0,2023-01-01
2023,2,DI Yogyakarta,Transfer ke Daerah dan Dana Desa (TKDD),112554923000.0,2023-02-01
2023,3,DI Yogyakarta,Transfer ke Daerah dan Dana Desa (TKDD),398499552914.0,2023-03-01
2023,4,DI Yogyakarta,Transfer ke Daerah dan Dana Desa (TKDD),181131773263.0,2023-04-01
2023,5,DI Yogyakarta,Transfer ke Daerah dan Dana Desa (TKDD),0.0,2023-05-01
2023,6,DI Yogyakarta,Transfer ke Daerah dan Dana Desa (TKDD),36097637400.0,2023-06-01
2023,7,DI Yogyakarta,Transfer ke Daerah dan Dana Desa (TKDD),393267022125.0,2023-07-01
2023,8,DI Yogyakarta,Transfer ke Daerah dan Dana Desa (TKDD),125822027600.0,2023-08-01
2023,9,DI Yogyakarta,Transfer ke Daerah dan Dana Desa (TKDD),182436760729.0,2023-09-01
2023,10,DI Yogyakarta,Transfer ke Daerah dan Dana Desa (TKDD),227491353643.0,2023-10-01
2023,11,DI Yogyakarta,Transfer ke Daerah dan Dana Desa (TKDD),422640554325.0,2023-11-01
2023,12,DI Yogyakarta,Transfer ke Daerah dan Dana Desa (TKDD),114294599154.0,2023-12-01
2024,1,DI Yogyakarta,Transfer ke Daerah dan Dana Desa (TKDD),343444441800.0,2024-01-01
2024,2,DI Yogyakarta,Transfer ke Daerah dan Dana Desa (TKDD),109937544000.0,2024-02-01
2024,3,DI Yogyakarta,Transfer ke Daerah dan Dana Desa (TKDD),240487411036.0,2024-03-01
2024,4,DI Yogyakarta,Transfer ke Daerah dan Dana Desa (TKDD),107551218750.0,2024-04-01
2024,5,DI Yogyakarta,Transfer ke Daerah dan Dana Desa (TKDD),1232374384842.0,2024-05-01
2024,6,DI Yogyakarta,Transfer ke Daerah dan Dana Desa (TKDD),199926448585.0,2024-06-01
2024,7,DI Yogyakarta,Transfer ke Daerah dan Dana Desa (TKDD),141169302608.0,2024-07-01
2024,8,DI Yogyakarta,Transfer ke Daerah dan Dana Desa (TKDD),258454937673.0,2024-08-01
2024,9,DI Yogyakarta,Transfer ke Daerah dan Dana Desa (TKDD),145337184158.0,2024-09-01
2024,10,DI Yogyakarta,Transfer ke Daerah dan Dana Desa (TKDD),236819998837.0,2024-10-01
2024,11,DI Yogyakarta,Transfer ke Daerah dan Dana Desa (TKDD),433700529638.0,2024-11-01
2024,12,DI Yogyakarta,Transfer ke Daerah dan Dana Desa (TKDD),85292245545.0,2024-12-01
2025,1,DI Yogyakarta,Transfer ke Daerah dan Dana Desa (TKDD),200813400000.0,2025-01-01
2025,2,DI Yogyakarta,Transfer ke Daerah dan Dana Desa (TKDD),120264909337.0,2025-02-01
2025,3,DI Yogyakarta,Transfer ke Daerah dan Dana Desa (TKDD),226540943366.0,2025-03-01
2025,4,DI Yogyakarta,Transfer ke Daerah dan Dana Desa (TKDD),140802710250.0,2025-04-01
2025,5,DI Yogyakarta,Transfer ke Daerah dan Dana Desa (TKDD),102037566378.0,2025-05-01
2025,6,DI Yogyakarta,Transfer ke Daerah dan Dana Desa (TKDD),1038591043865.0,2025-06-01
2025,7,DI Yogyakarta,Transfer ke Daerah dan Dana Desa (TKDD),0.0,2025-07-01
2025,8,DI Yogyakarta,Transfer ke Daerah dan Dana Desa (TKDD),162635186144.0,2025-08-01
2025,9,DI Yogyakarta,Transfer ke Daerah dan Dana Desa (TKDD),113830398050.0,2025-09-01
2025,10,DI Yogyakarta,Transfer ke Daerah dan Dana Desa (TKDD),151440915961.0,2025-10-01
2025,11,DI Yogyakarta,Transfer ke Daerah dan Dana Desa (TKDD),316775529600.0,2025-11-01
2025,12,DI Yogyakarta,Transfer ke Daerah dan Dana Desa (TKDD),581838439394.0,2025-12-01
2021,1,DKI Jakarta,Belanja Modal,6865827016519.0,2021-01-01
2021,2,DKI Jakarta,Belanja Modal,0.0,2021-02-01
2021,3,DKI Jakarta,Belanja Modal,0.0,2021-03-01
2021,4,DKI Jakarta,Belanja Modal,0.0,2021-04-01
2021,5,DKI Jakarta,Belanja Modal,0.0,2021-05-01
2021,6,DKI Jakarta,Belanja Modal,0.0,2021-06-01
2021,7,DKI Jakarta,Belanja Modal,0.0,2021-07-01
2021,8,DKI Jakarta,Belanja Modal,0.0,2021-08-01
2021,9,DKI Jakarta,Belanja Modal,0.0,2021-09-01
2021,10,DKI Jakarta,Belanja Modal,0.0,2021-10-01
2021,11,DKI Jakarta,Belanja Modal,0.0,2021-11-01
2021,12,DKI Jakarta,Belanja Modal,0.0,2021-12-01
2022,1,DKI Jakarta,Belanja Modal,8808194842704.0,2022-01-01
2022,2,DKI Jakarta,Belanja Modal,0.0,2022-02-01
2022,3,DKI Jakarta,Belanja Modal,0.0,2022-03-01
2022,4,DKI Jakarta,Belanja Modal,0.0,2022-04-01
2022,5,DKI Jakarta,Belanja Modal,0.0,2022-05-01
2022,6,DKI Jakarta,Belanja Modal,0.0,2022-06-01
2022,7,DKI Jakarta,Belanja Modal,0.0,2022-07-01
2022,8,DKI Jakarta,Belanja Modal,0.0,2022-08-01
2022,9,DKI Jakarta,Belanja Modal,0.0,2022-09-01
2022,10,DKI Jakarta,Belanja Modal,0.0,2022-10-01
2022,11,DKI Jakarta,Belanja Modal,0.0,2022-11-01
2022,12,DKI Jakarta,Belanja Modal,0.0,2022-12-01
2023,1,DKI Jakarta,Belanja Modal,35728421500.0,2023-01-01
2023,2,DKI Jakarta,Belanja Modal,8415045860.0,2023-02-01
2023,3,DKI Jakarta,Belanja Modal,46922282370.0,2023-03-01
2023,4,DKI Jakarta,Belanja Modal,47839138060.0,2023-04-01
2023,5,DKI Jakarta,Belanja Modal,0.0,2023-05-01
2023,6,DKI Jakarta,Belanja Modal,210569716950.0,2023-06-01
2023,7,DKI Jakarta,Belanja Modal,401563814930.0,2023-07-01
2023,8,DKI Jakarta,Belanja Modal,536289157390.0,2023-08-01
2023,9,DKI Jakarta,Belanja Modal,637239014455.0,2023-09-01
2023,10,DKI Jakarta,Belanja Modal,773694028060.0,2023-10-01
2023,11,DKI Jakarta,Belanja Modal,1224381282242.0,2023-11-01
2023,12,DKI Jakarta,Belanja Modal,4825831584968.0,2023-12-01
2024,1,DKI Jakarta,Belanja Modal,980729500.0,2024-01-01
2024,2,DKI Jakarta,Belanja Modal,0.0,2024-02-01
2024,3,DKI Jakarta,Belanja Modal,103657728874.0,2024-03-01
2024,4,DKI Jakarta,Belanja Modal,205382932405.0,2024-04-01
2024,5,DKI Jakarta,Belanja Modal,462878433665.0,2024-05-01
2024,6,DKI Jakarta,Belanja Modal,383347989523.0,2024-06-01
2024,7,DKI Jakarta,Belanja Modal,406574684046.0,2024-07-01
2024,8,DKI Jakarta,Belanja Modal,771663521167.0,2024-08-01
2024,9,DKI Jakarta,Belanja Modal,516944250052.0,2024-09-01
2024,10,DKI Jakarta,Belanja Modal,905165913997.0,2024-10-01
2024,11,DKI Jakarta,Belanja Modal,1679060966228.0,2024-11-01
2024,12,DKI Jakarta,Belanja Modal,5580350355371.0,2024-12-01
2025,1,DKI Jakarta,Belanja Modal,329508200.0,2025-01-01
2025,2,DKI Jakarta,Belanja Modal,6593165380.0,2025-02-01
2025,3,DKI Jakarta,Belanja Modal,58174252990.0,2025-03-01
2025,4,DKI Jakarta,Belanja Modal,95377195960.0,2025-04-01
2025,5,DKI Jakarta,Belanja Modal,257368573610.0,2025-05-01
2025,6,DKI Jakarta,Belanja Modal,577267820150.0,2025-06-01
2025,7,DKI Jakarta,Belanja Modal,571924407834.0,2025-07-01
2025,8,DKI Jakarta,Belanja Modal,689574334748.0,2025-08-01
2025,9,DKI Jakarta,Belanja Modal,849030706264.0,2025-09-01
2025,10,DKI Jakarta,Belanja Modal,1190118375375.0,2025-10-01
2025,11,DKI Jakarta,Belanja Modal,1307323733558.0,2025-11-01
2025,12,DKI Jakarta,Belanja Modal,0.0,2025-12-01
2021,1,DKI Jakarta,Pendapatan Asli Daerah (PAD),41606307405630.0,2021-01-01
2021,2,DKI Jakarta,Pendapatan Asli Daerah (PAD),0.0,2021-02-01
2021,3,DKI Jakarta,Pendapatan Asli Daerah (PAD),0.0,2021-03-01
2021,4,DKI Jakarta,Pendapatan Asli Daerah (PAD),0.0,2021-04-01
2021,5,DKI Jakarta,Pendapatan Asli Daerah (PAD),0.0,2021-05-01
2021,6,DKI Jakarta,Pendapatan Asli Daerah (PAD),0.0,2021-06-01
2021,7,DKI Jakarta,Pendapatan Asli Daerah (PAD),0.0,2021-07-01
2021,8,DKI Jakarta,Pendapatan Asli Daerah (PAD),0.0,2021-08-01
2021,9,DKI Jakarta,Pendapatan Asli Daerah (PAD),0.0,2021-09-01
2021,10,DKI Jakarta,Pendapatan Asli Daerah (PAD),0.0,2021-10-01
2021,11,DKI Jakarta,Pendapatan Asli Daerah (PAD),0.0,2021-11-01
2021,12,DKI Jakarta,Pendapatan Asli Daerah (PAD),0.0,2021-12-01
2022,1,DKI Jakarta,Pendapatan Asli Daerah (PAD),45608404729501.0,2022-01-01
2022,2,DKI Jakarta,Pendapatan Asli Daerah (PAD),0.0,2022-02-01
2022,3,DKI Jakarta,Pendapatan Asli Daerah (PAD),0.0,2022-03-01
2022,4,DKI Jakarta,Pendapatan Asli Daerah (PAD),0.0,2022-04-01
2022,5,DKI Jakarta,Pendapatan Asli Daerah (PAD),0.0,2022-05-01
2022,6,DKI Jakarta,Pendapatan Asli Daerah (PAD),0.0,2022-06-01
2022,7,DKI Jakarta,Pendapatan Asli Daerah (PAD),0.0,2022-07-01
2022,8,DKI Jakarta,Pendapatan Asli Daerah (PAD),0.0,2022-08-01
2022,9,DKI Jakarta,Pendapatan Asli Daerah (PAD),0.0,2022-09-01
2022,10,DKI Jakarta,Pendapatan Asli Daerah (PAD),0.0,2022-10-01
2022,11,DKI Jakarta,Pendapatan Asli Daerah (PAD),0.0,2022-11-01
2022,12,DKI Jakarta,Pendapatan Asli Daerah (PAD),0.0,2022-12-01
2023,1,DKI Jakarta,Pendapatan Asli Daerah (PAD),2792113431420.0,2023-01-01
2023,2,DKI Jakarta,Pendapatan Asli Daerah (PAD),2787799254561.0,2023-02-01
2023,3,DKI Jakarta,Pendapatan Asli Daerah (PAD),3400985821729.0,2023-03-01
2023,4,DKI Jakarta,Pendapatan Asli Daerah (PAD),3282085228994.0,2023-04-01
2023,5,DKI Jakarta,Pendapatan Asli Daerah (PAD),0.0,2023-05-01
2023,6,DKI Jakarta,Pendapatan Asli Daerah (PAD),7114472655820.0,2023-06-01
2023,7,DKI Jakarta,Pendapatan Asli Daerah (PAD),4383304153295.0,2023-07-01
2023,8,DKI Jakarta,Pendapatan Asli Daerah (PAD),3890617567466.0,2023-08-01
2023,9,DKI Jakarta,Pendapatan Asli Daerah (PAD),4284950048758.0,2023-09-01
2023,10,DKI Jakarta,Pendapatan Asli Daerah (PAD),3938846765500.0,2023-10-01
2023,11,DKI Jakarta,Pendapatan Asli Daerah (PAD),3891498672271.0,2023-11-01
2023,12,DKI Jakarta,Pendapatan Asli Daerah (PAD),4545900105082.0,2023-12-01
2024,1,DKI Jakarta,Pendapatan Asli Daerah (PAD),3009741912116.0,2024-01-01
2024,2,DKI Jakarta,Pendapatan Asli Daerah (PAD),2723659618137.0,2024-02-01
2024,3,DKI Jakarta,Pendapatan Asli Daerah (PAD),3005610658740.0,2024-03-01
2024,4,DKI Jakarta,Pendapatan Asli Daerah (PAD),3383322514811.0,2024-04-01
2024,5,DKI Jakarta,Pendapatan Asli Daerah (PAD),3013312054351.0,2024-05-01
2024,6,DKI Jakarta,Pendapatan Asli Daerah (PAD),4095948564186.0,2024-06-01
2024,7,DKI Jakarta,Pendapatan Asli Daerah (PAD),6258963018436.0,2024-07-01
2024,8,DKI Jakarta,Pendapatan Asli Daerah (PAD),7972009614040.0,2024-08-01
2024,9,DKI Jakarta,Pendapatan Asli Daerah (PAD),4355294719836.0,2024-09-01
2024,10,DKI Jakarta,Pendapatan Asli Daerah (PAD),4107155309676.0,2024-10-01
2024,11,DKI Jakarta,Pendapatan Asli Daerah (PAD),3816924002331.0,2024-11-01
2024,12,DKI Jakarta,Pendapatan Asli Daerah (PAD),5000077286088.0,2024-12-01
2025,1,DKI Jakarta,Pendapatan Asli Daerah (PAD),3028437874658.0,2025-01-01
2025,2,DKI Jakarta,Pendapatan Asli Daerah (PAD),2915620210736.0,2025-02-01
2025,3,DKI Jakarta,Pendapatan Asli Daerah (PAD),3245123511782.0,2025-03-01
2025,4,DKI Jakarta,Pendapatan Asli Daerah (PAD),4811125604271.0,2025-04-01
2025,5,DKI Jakarta,Pendapatan Asli Daerah (PAD),8752627336353.0,2025-05-01
2025,6,DKI Jakarta,Pendapatan Asli Daerah (PAD),3947157051590.0,2025-06-01
2025,7,DKI Jakarta,Pendapatan Asli Daerah (PAD),4886961976762.0,2025-07-01
2025,8,DKI Jakarta,Pendapatan Asli Daerah (PAD),3978065190742.0,2025-08-01
2025,9,DKI Jakarta,Pendapatan Asli Daerah (PAD),3846516382671.0,2025-09-01
2025,10,DKI Jakarta,Pendapatan Asli Daerah (PAD),3749804342542.0,2025-10-01
2025,11,DKI Jakarta,Pendapatan Asli Daerah (PAD),2941458111672.0,2025-11-01
2025,12,DKI Jakarta,Pendapatan Asli Daerah (PAD),1205286800.0,2025-12-01
2021,1,DKI Jakarta,Total Belanja Daerah,61619040160565.0,2021-01-01
2021,2,DKI Jakarta,Total Belanja Daerah,0.0,2021-02-01
2021,3,DKI Jakarta,Total Belanja Daerah,0.0,2021-03-01
2021,4,DKI Jakarta,Total Belanja Daerah,0.0,2021-04-01
2021,5,DKI Jakarta,Total Belanja Daerah,0.0,2021-05-01
2021,6,DKI Jakarta,Total Belanja Daerah,0.0,2021-06-01
2021,7,DKI Jakarta,Total Belanja Daerah,0.0,2021-07-01
2021,8,DKI Jakarta,Total Belanja Daerah,0.0,2021-08-01
2021,9,DKI Jakarta,Total Belanja Daerah,0.0,2021-09-01
2021,10,DKI Jakarta,Total Belanja Daerah,0.0,2021-10-01
2021,11,DKI Jakarta,Total Belanja Daerah,0.0,2021-11-01
2021,12,DKI Jakarta,Total Belanja Daerah,0.0,2021-12-01
2022,1,DKI Jakarta,Total Belanja Daerah,64865121220296.0,2022-01-01
2022,2,DKI Jakarta,Total Belanja Daerah,0.0,2022-02-01
2022,3,DKI Jakarta,Total Belanja Daerah,0.0,2022-03-01
2022,4,DKI Jakarta,Total Belanja Daerah,0.0,2022-04-01
2022,5,DKI Jakarta,Total Belanja Daerah,0.0,2022-05-01
2022,6,DKI Jakarta,Total Belanja Daerah,0.0,2022-06-01
2022,7,DKI Jakarta,Total Belanja Daerah,0.0,2022-07-01
2022,8,DKI Jakarta,Total Belanja Daerah,0.0,2022-08-01
2022,9,DKI Jakarta,Total Belanja Daerah,0.0,2022-09-01
2022,10,DKI Jakarta,Total Belanja Daerah,0.0,2022-10-01
2022,11,DKI Jakarta,Total Belanja Daerah,0.0,2022-11-01
2022,12,DKI Jakarta,Total Belanja Daerah,0.0,2022-12-01
2023,1,DKI Jakarta,Total Belanja Daerah,1579568979383.0,2023-01-01
2023,2,DKI Jakarta,Total Belanja Daerah,2526798929593.0,2023-02-01
2023,3,DKI Jakarta,Total Belanja Daerah,2656081252056.0,2023-03-01
2023,4,DKI Jakarta,Total Belanja Daerah,4654016843161.0,2023-04-01
2023,5,DKI Jakarta,Total Belanja Daerah,0.0,2023-05-01
2023,6,DKI Jakarta,Total Belanja Daerah,4373481027916.0,2023-06-01
2023,7,DKI Jakarta,Total Belanja Daerah,4601734035652.0,2023-07-01
2023,8,DKI Jakarta,Total Belanja Daerah,4306365137692.0,2023-08-01
2023,9,DKI Jakarta,Total Belanja Daerah,4668978747609.0,2023-09-01
2023,10,DKI Jakarta,Total Belanja Daerah,5018485179467.0,2023-10-01
2023,11,DKI Jakarta,Total Belanja Daerah,8288539443400.0,2023-11-01
2023,12,DKI Jakarta,Total Belanja Daerah,18664638685588.0,2023-12-01
2024,1,DKI Jakarta,Total Belanja Daerah,1555023296803.0,2024-01-01
2024,2,DKI Jakarta,Total Belanja Daerah,2234042431213.0,2024-02-01
2024,3,DKI Jakarta,Total Belanja Daerah,3597201163245.0,2024-03-01
2024,4,DKI Jakarta,Total Belanja Daerah,5066817922580.0,2024-04-01
2024,5,DKI Jakarta,Total Belanja Daerah,4418506595074.0,2024-05-01
2024,6,DKI Jakarta,Total Belanja Daerah,7715535523784.0,2024-06-01
2024,7,DKI Jakarta,Total Belanja Daerah,4684929423154.0,2024-07-01
2024,8,DKI Jakarta,Total Belanja Daerah,3869103773870.0,2024-08-01
2024,9,DKI Jakarta,Total Belanja Daerah,4610584005130.0,2024-09-01
2024,10,DKI Jakarta,Total Belanja Daerah,5431817073375.0,2024-10-01
2024,11,DKI Jakarta,Total Belanja Daerah,6568563688405.0,2024-11-01
2024,12,DKI Jakarta,Total Belanja Daerah,20260592943253.0,2024-12-01
2025,1,DKI Jakarta,Total Belanja Daerah,1407477225687.0,2025-01-01
2025,2,DKI Jakarta,Total Belanja Daerah,2206445266363.0,2025-02-01
2025,3,DKI Jakarta,Total Belanja Daerah,7345867525322.0,2025-03-01
2025,4,DKI Jakarta,Total Belanja Daerah,3108848241375.0,2025-04-01
2025,5,DKI Jakarta,Total Belanja Daerah,3984471517424.0,2025-05-01
2025,6,DKI Jakarta,Total Belanja Daerah,7473084076631.0,2025-06-01
2025,7,DKI Jakarta,Total Belanja Daerah,4631712524782.0,2025-07-01
2025,8,DKI Jakarta,Total Belanja Daerah,4131754274074.0,2025-08-01
2025,9,DKI Jakarta,Total Belanja Daerah,7216533700084.0,2025-09-01
2025,10,DKI Jakarta,Total Belanja Daerah,5701111331732.0,2025-10-01
2025,11,DKI Jakarta,Total Belanja Daerah,6344729840644.0,2025-11-01
2025,12,DKI Jakarta,Total Belanja Daerah,534538656.0,2025-12-01
2021,1,DKI Jakarta,Total Pendapatan Daerah,65567009199000.0,2021-01-01
2021,2,DKI Jakarta,Total Pendapatan Daerah,0.0,2021-02-01
2021,3,DKI Jakarta,Total Pendapatan Daerah,0.0,2021-03-01
2021,4,DKI Jakarta,Total Pendapatan Daerah,0.0,2021-04-01
2021,5,DKI Jakarta,Total Pendapatan Daerah,0.0,2021-05-01
2021,6,DKI Jakarta,Total Pendapatan Daerah,0.0,2021-06-01
2021,7,DKI Jakarta,Total Pendapatan Daerah,0.0,2021-07-01
2021,8,DKI Jakarta,Total Pendapatan Daerah,0.0,2021-08-01
2021,9,DKI Jakarta,Total Pendapatan Daerah,0.0,2021-09-01
2021,10,DKI Jakarta,Total Pendapatan Daerah,0.0,2021-10-01
2021,11,DKI Jakarta,Total Pendapatan Daerah,0.0,2021-11-01
2021,12,DKI Jakarta,Total Pendapatan Daerah,0.0,2021-12-01
2022,1,DKI Jakarta,Total Pendapatan Daerah,67290479172308.0,2022-01-01
2022,2,DKI Jakarta,Total Pendapatan Daerah,0.0,2022-02-01
2022,3,DKI Jakarta,Total Pendapatan Daerah,0.0,2022-03-01
2022,4,DKI Jakarta,Total Pendapatan Daerah,0.0,2022-04-01
2022,5,DKI Jakarta,Total Pendapatan Daerah,0.0,2022-05-01
2022,6,DKI Jakarta,Total Pendapatan Daerah,0.0,2022-06-01
2022,7,DKI Jakarta,Total Pendapatan Daerah,0.0,2022-07-01
2022,8,DKI Jakarta,Total Pendapatan Daerah,0.0,2022-08-01
2022,9,DKI Jakarta,Total Pendapatan Daerah,0.0,2022-09-01
2022,10,DKI Jakarta,Total Pendapatan Daerah,0.0,2022-10-01
2022,11,DKI Jakarta,Total Pendapatan Daerah,0.0,2022-11-01
2022,12,DKI Jakarta,Total Pendapatan Daerah,0.0,2022-12-01
2023,1,DKI Jakarta,Total Pendapatan Daerah,2809066587800.0,2023-01-01
2023,2,DKI Jakarta,Total Pendapatan Daerah,2796269959361.0,2023-02-01
2023,3,DKI Jakarta,Total Pendapatan Daerah,6110775767729.0,2023-03-01
2023,4,DKI Jakarta,Total Pendapatan Daerah,4730902451994.0,2023-04-01
2023,5,DKI Jakarta,Total Pendapatan Daerah,0.0,2023-05-01
2023,6,DKI Jakarta,Total Pendapatan Daerah,10172404038820.0,2023-06-01
2023,7,DKI Jakarta,Total Pendapatan Daerah,4383304153295.0,2023-07-01
2023,8,DKI Jakarta,Total Pendapatan Daerah,3897706759966.0,2023-08-01
2023,9,DKI Jakarta,Total Pendapatan Daerah,7043777420758.0,2023-09-01
2023,10,DKI Jakarta,Total Pendapatan Daerah,4840898976500.0,2023-10-01
2023,11,DKI Jakarta,Total Pendapatan Daerah,10302927158771.0,2023-11-01
2023,12,DKI Jakarta,Total Pendapatan Daerah,9143140012390.0,2023-12-01
2024,1,DKI Jakarta,Total Pendapatan Daerah,3010577198116.0,2024-01-01
2024,2,DKI Jakarta,Total Pendapatan Daerah,2726867409137.0,2024-02-01
2024,3,DKI Jakarta,Total Pendapatan Daerah,4197597987740.0,2024-03-01
2024,4,DKI Jakarta,Total Pendapatan Daerah,6537740899811.0,2024-04-01
2024,5,DKI Jakarta,Total Pendapatan Daerah,3429148724351.0,2024-05-01
2024,6,DKI Jakarta,Total Pendapatan Daerah,8214244212517.0,2024-06-01
2024,7,DKI Jakarta,Total Pendapatan Daerah,6338124640105.0,2024-07-01
2024,8,DKI Jakarta,Total Pendapatan Daerah,8024765814040.0,2024-08-01
2024,9,DKI Jakarta,Total Pendapatan Daerah,7525268057596.0,2024-09-01
2024,10,DKI Jakarta,Total Pendapatan Daerah,4148623450116.0,2024-10-01
2024,11,DKI Jakarta,Total Pendapatan Daerah,10093182864131.0,2024-11-01
2024,12,DKI Jakarta,Total Pendapatan Daerah,8705951038493.0,2024-12-01
2025,1,DKI Jakarta,Total Pendapatan Daerah,3043838474658.0,2025-01-01
2025,2,DKI Jakarta,Total Pendapatan Daerah,6797446939136.0,2025-02-01
2025,3,DKI Jakarta,Total Pendapatan Daerah,3269656846782.0,2025-03-01
2025,4,DKI Jakarta,Total Pendapatan Daerah,9590408896371.0,2025-04-01
2025,5,DKI Jakarta,Total Pendapatan Daerah,8792759896353.0,2025-05-01
2025,6,DKI Jakarta,Total Pendapatan Daerah,9574130065540.0,2025-06-01
2025,7,DKI Jakarta,Total Pendapatan Daerah,3614631809912.0,2025-07-01
2025,8,DKI Jakarta,Total Pendapatan Daerah,9472284136542.0,2025-08-01
2025,9,DKI Jakarta,Total Pendapatan Daerah,3894858855671.0,2025-09-01
2025,10,DKI Jakarta,Total Pendapatan Daerah,3818966192542.0,2025-10-01
2025,11,DKI Jakarta,Total Pendapatan Daerah,6550257548472.0,2025-11-01
2025,12,DKI Jakarta,Total Pendapatan Daerah,1205286800.0,2025-12-01
2021,1,DKI Jakarta,Transfer ke Daerah dan Dana Desa (TKDD),22673794344052.0,2021-01-01
2021,2,DKI Jakarta,Transfer ke Daerah dan Dana Desa (TKDD),0.0,2021-02-01
2021,3,DKI Jakarta,Transfer ke Daerah dan Dana Desa (TKDD),0.0,2021-03-01
2021,4,DKI Jakarta,Transfer ke Daerah dan Dana Desa (TKDD),0.0,2021-04-01
2021,5,DKI Jakarta,Transfer ke Daerah dan Dana Desa (TKDD),0.0,2021-05-01
2021,6,DKI Jakarta,Transfer ke Daerah dan Dana Desa (TKDD),0.0,2021-06-01
2021,7,DKI Jakarta,Transfer ke Daerah dan Dana Desa (TKDD),0.0,2021-07-01
2021,8,DKI Jakarta,Transfer ke Daerah dan Dana Desa (TKDD),0.0,2021-08-01
2021,9,DKI Jakarta,Transfer ke Daerah dan Dana Desa (TKDD),0.0,2021-09-01
2021,10,DKI Jakarta,Transfer ke Daerah dan Dana Desa (TKDD),0.0,2021-10-01
2021,11,DKI Jakarta,Transfer ke Daerah dan Dana Desa (TKDD),0.0,2021-11-01
2021,12,DKI Jakarta,Transfer ke Daerah dan Dana Desa (TKDD),0.0,2021-12-01
2022,1,DKI Jakarta,Transfer ke Daerah dan Dana Desa (TKDD),18860858779549.0,2022-01-01
2022,2,DKI Jakarta,Transfer ke Daerah dan Dana Desa (TKDD),0.0,2022-02-01
2022,3,DKI Jakarta,Transfer ke Daerah dan Dana Desa (TKDD),0.0,2022-03-01
2022,4,DKI Jakarta,Transfer ke Daerah dan Dana Desa (TKDD),0.0,2022-04-01
2022,5,DKI Jakarta,Transfer ke Daerah dan Dana Desa (TKDD),0.0,2022-05-01
2022,6,DKI Jakarta,Transfer ke Daerah dan Dana Desa (TKDD),0.0,2022-06-01
2022,7,DKI Jakarta,Transfer ke Daerah dan Dana Desa (TKDD),0.0,2022-07-01
2022,8,DKI Jakarta,Transfer ke Daerah dan Dana Desa (TKDD),0.0,2022-08-01
2022,9,DKI Jakarta,Transfer ke Daerah dan Dana Desa (TKDD),0.0,2022-09-01
2022,10,DKI Jakarta,Transfer ke Daerah dan Dana Desa (TKDD),0.0,2022-10-01
2022,11,DKI Jakarta,Transfer ke Daerah dan Dana Desa (TKDD),0.0,2022-11-01
2022,12,DKI Jakarta,Transfer ke Daerah dan Dana Desa (TKDD),0.0,2022-12-01
2023,1,DKI Jakarta,Transfer ke Daerah dan Dana Desa (TKDD),887476000.0,2023-01-01
2023,2,DKI Jakarta,Transfer ke Daerah dan Dana Desa (TKDD),5751130000.0,2023-02-01
2023,3,DKI Jakarta,Transfer ke Daerah dan Dana Desa (TKDD),2709789946000.0,2023-03-01
2023,4,DKI Jakarta,Transfer ke Daerah dan Dana Desa (TKDD),1448817223000.0,2023-04-01
2023,5,DKI Jakarta,Transfer ke Daerah dan Dana Desa (TKDD),0.0,2023-05-01
2023,6,DKI Jakarta,Transfer ke Daerah dan Dana Desa (TKDD),3057931383000.0,2023-06-01
2023,7,DKI Jakarta,Transfer ke Daerah dan Dana Desa (TKDD),0.0,2023-07-01
2023,8,DKI Jakarta,Transfer ke Daerah dan Dana Desa (TKDD),19272500.0,2023-08-01
2023,9,DKI Jakarta,Transfer ke Daerah dan Dana Desa (TKDD),2757817382000.0,2023-09-01
2023,10,DKI Jakarta,Transfer ke Daerah dan Dana Desa (TKDD),901042221000.0,2023-10-01
2023,11,DKI Jakarta,Transfer ke Daerah dan Dana Desa (TKDD),6410418496500.0,2023-11-01
2023,12,DKI Jakarta,Transfer ke Daerah dan Dana Desa (TKDD),2859971232034.0,2023-12-01
2024,1,DKI Jakarta,Transfer ke Daerah dan Dana Desa (TKDD),835286000.0,2024-01-01
2024,2,DKI Jakarta,Transfer ke Daerah dan Dana Desa (TKDD),3207791000.0,2024-02-01
2024,3,DKI Jakarta,Transfer ke Daerah dan Dana Desa (TKDD),1191987329000.0,2024-03-01
2024,4,DKI Jakarta,Transfer ke Daerah dan Dana Desa (TKDD),3154418385000.0,2024-04-01
2024,5,DKI Jakarta,Transfer ke Daerah dan Dana Desa (TKDD),415836670000.0,2024-05-01
2024,6,DKI Jakarta,Transfer ke Daerah dan Dana Desa (TKDD),4118295648331.0,2024-06-01
2024,7,DKI Jakarta,Transfer ke Daerah dan Dana Desa (TKDD),79161621669.0,2024-07-01
2024,8,DKI Jakarta,Transfer ke Daerah dan Dana Desa (TKDD),52756200000.0,2024-08-01
2024,9,DKI Jakarta,Transfer ke Daerah dan Dana Desa (TKDD),3169973337760.0,2024-09-01
2024,10,DKI Jakarta,Transfer ke Daerah dan Dana Desa (TKDD),31772840440.0,2024-10-01
2024,11,DKI Jakarta,Transfer ke Daerah dan Dana Desa (TKDD),6275181601800.0,2024-11-01
2024,12,DKI Jakarta,Transfer ke Daerah dan Dana Desa (TKDD),3127478530381.0,2024-12-01
2025,1,DKI Jakarta,Transfer ke Daerah dan Dana Desa (TKDD),15400600000.0,2025-01-01
2025,2,DKI Jakarta,Transfer ke Daerah dan Dana Desa (TKDD),3881826728400.0,2025-02-01
2025,3,DKI Jakarta,Transfer ke Daerah dan Dana Desa (TKDD),24533335000.0,2025-03-01
2025,4,DKI Jakarta,Transfer ke Daerah dan Dana Desa (TKDD),4779283292100.0,2025-04-01
2025,5,DKI Jakarta,Transfer ke Daerah dan Dana Desa (TKDD),40132560000.0,2025-05-01
2025,6,DKI Jakarta,Transfer ke Daerah dan Dana Desa (TKDD),5626973013950.0,2025-06-01
2025,7,DKI Jakarta,Transfer ke Daerah dan Dana Desa (TKDD),0.0,2025-07-01
2025,8,DKI Jakarta,Transfer ke Daerah dan Dana Desa (TKDD),5494218945800.0,2025-08-01
2025,9,DKI Jakarta,Transfer ke Daerah dan Dana Desa (TKDD),48342473000.0,2025-09-01
2025,10,DKI Jakarta,Transfer ke Daerah dan Dana Desa (TKDD),69161850000.0,2025-10-01
2025,11,DKI Jakarta,Transfer ke Daerah dan Dana Desa (TKDD),3598137636800.0,2025-11-01
2025,12,DKI Jakarta,Transfer ke Daerah dan Dana Desa (TKDD),0.0,2025-12-01
2021,1,Gorontalo,Belanja Modal,176342548971.48,2021-01-01
2021,2,Gorontalo,Belanja Modal,0.0,2021-02-01
2021,3,Gorontalo,Belanja Modal,0.0,2021-03-01
2021,4,Gorontalo,Belanja Modal,0.0,2021-04-01
2021,5,Gorontalo,Belanja Modal,0.0,2021-05-01
2021,6,Gorontalo,Belanja Modal,0.0,2021-06-01
2021,7,Gorontalo,Belanja Modal,0.0,2021-07-01
2021,8,Gorontalo,Belanja Modal,0.0,2021-08-01
2021,9,Gorontalo,Belanja Modal,0.0,2021-09-01
2021,10,Gorontalo,Belanja Modal,0.0,2021-10-01
2021,11,Gorontalo,Belanja Modal,0.0,2021-11-01
2021,12,Gorontalo,Belanja Modal,0.0,2021-12-01
2022,1,Gorontalo,Belanja Modal,318331031107.98,2022-01-01
2022,2,Gorontalo,Belanja Modal,0.0,2022-02-01
2022,3,Gorontalo,Belanja Modal,0.0,2022-03-01
2022,4,Gorontalo,Belanja Modal,0.0,2022-04-01
2022,5,Gorontalo,Belanja Modal,0.0,2022-05-01
2022,6,Gorontalo,Belanja Modal,0.0,2022-06-01
2022,7,Gorontalo,Belanja Modal,0.0,2022-07-01
2022,8,Gorontalo,Belanja Modal,0.0,2022-08-01
2022,9,Gorontalo,Belanja Modal,0.0,2022-09-01
2022,10,Gorontalo,Belanja Modal,0.0,2022-10-01
2022,11,Gorontalo,Belanja Modal,0.0,2022-11-01
2022,12,Gorontalo,Belanja Modal,0.0,2022-12-01
2023,1,Gorontalo,Belanja Modal,453047200.0,2023-01-01
2023,2,Gorontalo,Belanja Modal,680487150.0,2023-02-01
2023,3,Gorontalo,Belanja Modal,938584510.0,2023-03-01
2023,4,Gorontalo,Belanja Modal,1988726575.0,2023-04-01
2023,5,Gorontalo,Belanja Modal,0.0,2023-05-01
2023,6,Gorontalo,Belanja Modal,18509375552.0,2023-06-01
2023,7,Gorontalo,Belanja Modal,20252868979.0,2023-07-01
2023,8,Gorontalo,Belanja Modal,16771648911.0,2023-08-01
2023,9,Gorontalo,Belanja Modal,22103119751.910004,2023-09-01
2023,10,Gorontalo,Belanja Modal,40738245515.0,2023-10-01
2023,11,Gorontalo,Belanja Modal,25411558234.0,2023-11-01
2023,12,Gorontalo,Belanja Modal,80078228627.6,2023-12-01
2024,1,Gorontalo,Belanja Modal,43576000.0,2024-01-01
2024,2,Gorontalo,Belanja Modal,225915080.0,2024-02-01
2024,3,Gorontalo,Belanja Modal,5346580000.0,2024-03-01
2024,4,Gorontalo,Belanja Modal,729219477.0,2024-04-01
2024,5,Gorontalo,Belanja Modal,1015512198.0,2024-05-01
2024,6,Gorontalo,Belanja Modal,281674000.0,2024-06-01
2024,7,Gorontalo,Belanja Modal,29927489416.940002,2024-07-01
2024,8,Gorontalo,Belanja Modal,12393644256.0,2024-08-01
2024,9,Gorontalo,Belanja Modal,24292867963.479996,2024-09-01
2024,10,Gorontalo,Belanja Modal,42234383161.600006,2024-10-01
2024,11,Gorontalo,Belanja Modal,27199532580.62999,2024-11-01
2024,12,Gorontalo,Belanja Modal,76663844267.80002,2024-12-01
2025,1,Gorontalo,Belanja Modal,0.0,2025-01-01
2025,2,Gorontalo,Belanja Modal,54875000.0,2025-02-01
2025,3,Gorontalo,Belanja Modal,734733400.0,2025-03-01
2025,4,Gorontalo,Belanja Modal,641367159.0,2025-04-01
2025,5,Gorontalo,Belanja Modal,1720132941.0,2025-05-01
2025,6,Gorontalo,Belanja Modal,4113983012.0,2025-06-01
2025,7,Gorontalo,Belanja Modal,5362350676.0,2025-07-01
2025,8,Gorontalo,Belanja Modal,12975842682.0,2025-08-01
2025,9,Gorontalo,Belanja Modal,11589000429.029999,2025-09-01
2025,10,Gorontalo,Belanja Modal,18658166461.9,2025-10-01
2025,11,Gorontalo,Belanja Modal,16393351988.519997,2025-11-01
2025,12,Gorontalo,Belanja Modal,26507900968.79001,2025-12-01
2021,1,Gorontalo,Pendapatan Asli Daerah (PAD),510804052686.52,2021-01-01
2021,2,Gorontalo,Pendapatan Asli Daerah (PAD),0.0,2021-02-01
2021,3,Gorontalo,Pendapatan Asli Daerah (PAD),0.0,2021-03-01
2021,4,Gorontalo,Pendapatan Asli Daerah (PAD),0.0,2021-04-01
2021,5,Gorontalo,Pendapatan Asli Daerah (PAD),0.0,2021-05-01
2021,6,Gorontalo,Pendapatan Asli Daerah (PAD),0.0,2021-06-01
2021,7,Gorontalo,Pendapatan Asli Daerah (PAD),0.0,2021-07-01
2021,8,Gorontalo,Pendapatan Asli Daerah (PAD),0.0,2021-08-01
2021,9,Gorontalo,Pendapatan Asli Daerah (PAD),0.0,2021-09-01
2021,10,Gorontalo,Pendapatan Asli Daerah (PAD),0.0,2021-10-01
2021,11,Gorontalo,Pendapatan Asli Daerah (PAD),0.0,2021-11-01
2021,12,Gorontalo,Pendapatan Asli Daerah (PAD),0.0,2021-12-01
2022,1,Gorontalo,Pendapatan Asli Daerah (PAD),510337164773.83,2022-01-01
2022,2,Gorontalo,Pendapatan Asli Daerah (PAD),0.0,2022-02-01
2022,3,Gorontalo,Pendapatan Asli Daerah (PAD),0.0,2022-03-01
2022,4,Gorontalo,Pendapatan Asli Daerah (PAD),0.0,2022-04-01
2022,5,Gorontalo,Pendapatan Asli Daerah (PAD),0.0,2022-05-01
2022,6,Gorontalo,Pendapatan Asli Daerah (PAD),0.0,2022-06-01
2022,7,Gorontalo,Pendapatan Asli Daerah (PAD),0.0,2022-07-01
2022,8,Gorontalo,Pendapatan Asli Daerah (PAD),0.0,2022-08-01
2022,9,Gorontalo,Pendapatan Asli Daerah (PAD),0.0,2022-09-01
2022,10,Gorontalo,Pendapatan Asli Daerah (PAD),0.0,2022-10-01
2022,11,Gorontalo,Pendapatan Asli Daerah (PAD),0.0,2022-11-01
2022,12,Gorontalo,Pendapatan Asli Daerah (PAD),0.0,2022-12-01
2023,1,Gorontalo,Pendapatan Asli Daerah (PAD),31403837324.0,2023-01-01
2023,2,Gorontalo,Pendapatan Asli Daerah (PAD),42652503733.0,2023-02-01
2023,3,Gorontalo,Pendapatan Asli Daerah (PAD),30708578650.0,2023-03-01
2023,4,Gorontalo,Pendapatan Asli Daerah (PAD),65194088831.0,2023-04-01
2023,5,Gorontalo,Pendapatan Asli Daerah (PAD),0.0,2023-05-01
2023,6,Gorontalo,Pendapatan Asli Daerah (PAD),32235835603.0,2023-06-01
2023,7,Gorontalo,Pendapatan Asli Daerah (PAD),55500292194.0,2023-07-01
2023,8,Gorontalo,Pendapatan Asli Daerah (PAD),41853442131.79999,2023-08-01
2023,9,Gorontalo,Pendapatan Asli Daerah (PAD),30712532477.0,2023-09-01
2023,10,Gorontalo,Pendapatan Asli Daerah (PAD),52608205943.96002,2023-10-01
2023,11,Gorontalo,Pendapatan Asli Daerah (PAD),29383795183.0,2023-11-01
2023,12,Gorontalo,Pendapatan Asli Daerah (PAD),58598108054.91998,2023-12-01
2024,1,Gorontalo,Pendapatan Asli Daerah (PAD),38266586121.17,2024-01-01
2024,2,Gorontalo,Pendapatan Asli Daerah (PAD),38465337560.0,2024-02-01
2024,3,Gorontalo,Pendapatan Asli Daerah (PAD),35192305377.0,2024-03-01
2024,4,Gorontalo,Pendapatan Asli Daerah (PAD),67784043008.000015,2024-04-01
2024,5,Gorontalo,Pendapatan Asli Daerah (PAD),34110069552.289978,2024-05-01
2024,6,Gorontalo,Pendapatan Asli Daerah (PAD),0.0,2024-06-01
2024,7,Gorontalo,Pendapatan Asli Daerah (PAD),115857249174.32,2024-07-01
2024,8,Gorontalo,Pendapatan Asli Daerah (PAD),36047294342.0,2024-08-01
2024,9,Gorontalo,Pendapatan Asli Daerah (PAD),37841486993.839966,2024-09-01
2024,10,Gorontalo,Pendapatan Asli Daerah (PAD),63016383102.0,2024-10-01
2024,11,Gorontalo,Pendapatan Asli Daerah (PAD),34725514314.29004,2024-11-01
2024,12,Gorontalo,Pendapatan Asli Daerah (PAD),58993589914.77997,2024-12-01
2025,1,Gorontalo,Pendapatan Asli Daerah (PAD),36382219582.0,2025-01-01
2025,2,Gorontalo,Pendapatan Asli Daerah (PAD),21530201463.0,2025-02-01
2025,3,Gorontalo,Pendapatan Asli Daerah (PAD),36172463406.0,2025-03-01
2025,4,Gorontalo,Pendapatan Asli Daerah (PAD),76630644274.70001,2025-04-01
2025,5,Gorontalo,Pendapatan Asli Daerah (PAD),27814711893.809998,2025-05-01
2025,6,Gorontalo,Pendapatan Asli Daerah (PAD),37546419007.48999,2025-06-01
2025,7,Gorontalo,Pendapatan Asli Daerah (PAD),49372793024.59003,2025-07-01
2025,8,Gorontalo,Pendapatan Asli Daerah (PAD),37611039959.0,2025-08-01
2025,9,Gorontalo,Pendapatan Asli Daerah (PAD),34107573926.0,2025-09-01
2025,10,Gorontalo,Pendapatan Asli Daerah (PAD),56034904970.0,2025-10-01
2025,11,Gorontalo,Pendapatan Asli Daerah (PAD),34316501296.0,2025-11-01
2025,12,Gorontalo,Pendapatan Asli Daerah (PAD),73318394816.0,2025-12-01
2021,1,Gorontalo,Total Belanja Daerah,1866246072482.9,2021-01-01
2021,2,Gorontalo,Total Belanja Daerah,0.0,2021-02-01
2021,3,Gorontalo,Total Belanja Daerah,0.0,2021-03-01
2021,4,Gorontalo,Total Belanja Daerah,0.0,2021-04-01
2021,5,Gorontalo,Total Belanja Daerah,0.0,2021-05-01
2021,6,Gorontalo,Total Belanja Daerah,0.0,2021-06-01
2021,7,Gorontalo,Total Belanja Daerah,0.0,2021-07-01
2021,8,Gorontalo,Total Belanja Daerah,0.0,2021-08-01
2021,9,Gorontalo,Total Belanja Daerah,0.0,2021-09-01
2021,10,Gorontalo,Total Belanja Daerah,0.0,2021-10-01
2021,11,Gorontalo,Total Belanja Daerah,0.0,2021-11-01
2021,12,Gorontalo,Total Belanja Daerah,0.0,2021-12-01
2022,1,Gorontalo,Total Belanja Daerah,1947925731695.2,2022-01-01
2022,2,Gorontalo,Total Belanja Daerah,0.0,2022-02-01
2022,3,Gorontalo,Total Belanja Daerah,0.0,2022-03-01
2022,4,Gorontalo,Total Belanja Daerah,0.0,2022-04-01
2022,5,Gorontalo,Total Belanja Daerah,0.0,2022-05-01
2022,6,Gorontalo,Total Belanja Daerah,0.0,2022-06-01
2022,7,Gorontalo,Total Belanja Daerah,0.0,2022-07-01
2022,8,Gorontalo,Total Belanja Daerah,0.0,2022-08-01
2022,9,Gorontalo,Total Belanja Daerah,0.0,2022-09-01
2022,10,Gorontalo,Total Belanja Daerah,0.0,2022-10-01
2022,11,Gorontalo,Total Belanja Daerah,0.0,2022-11-01
2022,12,Gorontalo,Total Belanja Daerah,0.0,2022-12-01
2023,1,Gorontalo,Total Belanja Daerah,47570404568.0,2023-01-01
2023,2,Gorontalo,Total Belanja Daerah,67037558189.0,2023-02-01
2023,3,Gorontalo,Total Belanja Daerah,69970545373.0,2023-03-01
2023,4,Gorontalo,Total Belanja Daerah,237290490921.0,2023-04-01
2023,5,Gorontalo,Total Belanja Daerah,0.0,2023-05-01
2023,6,Gorontalo,Total Belanja Daerah,174256397627.31995,2023-06-01
2023,7,Gorontalo,Total Belanja Daerah,222088790390.0,2023-07-01
2023,8,Gorontalo,Total Belanja Daerah,141965077990.0,2023-08-01
2023,9,Gorontalo,Total Belanja Daerah,102089007919.88,2023-09-01
2023,10,Gorontalo,Total Belanja Daerah,216019006684.0,2023-10-01
2023,11,Gorontalo,Total Belanja Daerah,185286614924.40015,2023-11-01
2023,12,Gorontalo,Total Belanja Daerah,335900627035.09985,2023-12-01
2024,1,Gorontalo,Total Belanja Daerah,102420379666.0,2024-01-01
2024,2,Gorontalo,Total Belanja Daerah,116015880908.0,2024-02-01
2024,3,Gorontalo,Total Belanja Daerah,158381735971.0,2024-03-01
2024,4,Gorontalo,Total Belanja Daerah,157903008912.90002,2024-04-01
2024,5,Gorontalo,Total Belanja Daerah,175705652642.0,2024-05-01
2024,6,Gorontalo,Total Belanja Daerah,0.0,2024-06-01
2024,7,Gorontalo,Total Belanja Daerah,387718476330.4,2024-07-01
2024,8,Gorontalo,Total Belanja Daerah,118755918841.19995,2024-08-01
2024,9,Gorontalo,Total Belanja Daerah,123847978321.5,2024-09-01
2024,10,Gorontalo,Total Belanja Daerah,174101475850.6001,2024-10-01
2024,11,Gorontalo,Total Belanja Daerah,142609293946.69995,2024-11-01
2024,12,Gorontalo,Total Belanja Daerah,352328430825.30005,2024-12-01
2025,1,Gorontalo,Total Belanja Daerah,88582517218.0,2025-01-01
2025,2,Gorontalo,Total Belanja Daerah,102200707080.0,2025-02-01
2025,3,Gorontalo,Total Belanja Daerah,129288997017.0,2025-03-01
2025,4,Gorontalo,Total Belanja Daerah,96391623018.0,2025-04-01
2025,5,Gorontalo,Total Belanja Daerah,117563748353.08002,2025-05-01
2025,6,Gorontalo,Total Belanja Daerah,180638674118.99994,2025-06-01
2025,7,Gorontalo,Total Belanja Daerah,152144170232.29004,2025-07-01
2025,8,Gorontalo,Total Belanja Daerah,131939926371.0,2025-08-01
2025,9,Gorontalo,Total Belanja Daerah,105823436841.0299,2025-09-01
2025,10,Gorontalo,Total Belanja Daerah,118033370982.0,2025-10-01
2025,11,Gorontalo,Total Belanja Daerah,163653583982.90015,2025-11-01
2025,12,Gorontalo,Total Belanja Daerah,254849769056.80005,2025-12-01
2021,1,Gorontalo,Total Pendapatan Daerah,1972986602791.5,2021-01-01
2021,2,Gorontalo,Total Pendapatan Daerah,0.0,2021-02-01
2021,3,Gorontalo,Total Pendapatan Daerah,0.0,2021-03-01
2021,4,Gorontalo,Total Pendapatan Daerah,0.0,2021-04-01
2021,5,Gorontalo,Total Pendapatan Daerah,0.0,2021-05-01
2021,6,Gorontalo,Total Pendapatan Daerah,0.0,2021-06-01
2021,7,Gorontalo,Total Pendapatan Daerah,0.0,2021-07-01
2021,8,Gorontalo,Total Pendapatan Daerah,0.0,2021-08-01
2021,9,Gorontalo,Total Pendapatan Daerah,0.0,2021-09-01
2021,10,Gorontalo,Total Pendapatan Daerah,0.0,2021-10-01
2021,11,Gorontalo,Total Pendapatan Daerah,0.0,2021-11-01
2021,12,Gorontalo,Total Pendapatan Daerah,0.0,2021-12-01
2022,1,Gorontalo,Total Pendapatan Daerah,1848593656987.8,2022-01-01
2022,2,Gorontalo,Total Pendapatan Daerah,0.0,2022-02-01
2022,3,Gorontalo,Total Pendapatan Daerah,0.0,2022-03-01
2022,4,Gorontalo,Total Pendapatan Daerah,0.0,2022-04-01
2022,5,Gorontalo,Total Pendapatan Daerah,0.0,2022-05-01
2022,6,Gorontalo,Total Pendapatan Daerah,0.0,2022-06-01
2022,7,Gorontalo,Total Pendapatan Daerah,0.0,2022-07-01
2022,8,Gorontalo,Total Pendapatan Daerah,0.0,2022-08-01
2022,9,Gorontalo,Total Pendapatan Daerah,0.0,2022-09-01
2022,10,Gorontalo,Total Pendapatan Daerah,0.0,2022-10-01
2022,11,Gorontalo,Total Pendapatan Daerah,0.0,2022-11-01
2022,12,Gorontalo,Total Pendapatan Daerah,0.0,2022-12-01
2023,1,Gorontalo,Total Pendapatan Daerah,141106976524.0,2023-01-01
2023,2,Gorontalo,Total Pendapatan Daerah,101410425228.0,2023-02-01
2023,3,Gorontalo,Total Pendapatan Daerah,132766698529.0,2023-03-01
2023,4,Gorontalo,Total Pendapatan Daerah,152652525072.0,2023-04-01
2023,5,Gorontalo,Total Pendapatan Daerah,0.0,2023-05-01
2023,6,Gorontalo,Total Pendapatan Daerah,153770122253.0,2023-06-01
2023,7,Gorontalo,Total Pendapatan Daerah,263144240577.0,2023-07-01
2023,8,Gorontalo,Total Pendapatan Daerah,101424736875.80005,2023-08-01
2023,9,Gorontalo,Total Pendapatan Daerah,152427373485.0,2023-09-01
2023,10,Gorontalo,Total Pendapatan Daerah,194199901697.0,2023-10-01
2023,11,Gorontalo,Total Pendapatan Daerah,122857054293.0,2023-11-01
2023,12,Gorontalo,Total Pendapatan Daerah,196763832785.8999,2023-12-01
2024,1,Gorontalo,Total Pendapatan Daerah,211994687521.17,2024-01-01
2024,2,Gorontalo,Total Pendapatan Daerah,115682214559.99997,2024-02-01
2024,3,Gorontalo,Total Pendapatan Daerah,113603421848.0,2024-03-01
2024,4,Gorontalo,Total Pendapatan Daerah,191167204596.00006,2024-04-01
2024,5,Gorontalo,Total Pendapatan Daerah,146732439902.28992,2024-05-01
2024,6,Gorontalo,Total Pendapatan Daerah,0.0,2024-06-01
2024,7,Gorontalo,Total Pendapatan Daerah,333796337763.30005,2024-07-01
2024,8,Gorontalo,Total Pendapatan Daerah,161029305488.0,2024-08-01
2024,9,Gorontalo,Total Pendapatan Daerah,194970280122.8999,2024-09-01
2024,10,Gorontalo,Total Pendapatan Daerah,226487443069.0,2024-10-01
2024,11,Gorontalo,Total Pendapatan Daerah,154702784755.30005,2024-11-01
2024,12,Gorontalo,Total Pendapatan Daerah,127219216938.69995,2024-12-01
2025,1,Gorontalo,Total Pendapatan Daerah,209882229182.0,2025-01-01
2025,2,Gorontalo,Total Pendapatan Daerah,108678283838.0,2025-02-01
2025,3,Gorontalo,Total Pendapatan Daerah,128857616220.0,2025-03-01
2025,4,Gorontalo,Total Pendapatan Daerah,204109819640.69995,2025-04-01
2025,5,Gorontalo,Total Pendapatan Daerah,115256064408.81006,2025-05-01
2025,6,Gorontalo,Total Pendapatan Daerah,148448398207.49,2025-06-01
2025,7,Gorontalo,Total Pendapatan Daerah,122041846024.59998,2025-07-01
2025,8,Gorontalo,Total Pendapatan Daerah,127775254214.00012,2025-08-01
2025,9,Gorontalo,Total Pendapatan Daerah,195517438715.0,2025-09-01
2025,10,Gorontalo,Total Pendapatan Daerah,147751988262.0,2025-10-01
2025,11,Gorontalo,Total Pendapatan Daerah,167974415553.0,2025-11-01
2025,12,Gorontalo,Total Pendapatan Daerah,140143922537.0,2025-12-01
2021,1,Gorontalo,Transfer ke Daerah dan Dana Desa (TKDD),1458904411530.0,2021-01-01
2021,2,Gorontalo,Transfer ke Daerah dan Dana Desa (TKDD),0.0,2021-02-01
2021,3,Gorontalo,Transfer ke Daerah dan Dana Desa (TKDD),0.0,2021-03-01
2021,4,Gorontalo,Transfer ke Daerah dan Dana Desa (TKDD),0.0,2021-04-01
2021,5,Gorontalo,Transfer ke Daerah dan Dana Desa (TKDD),0.0,2021-05-01
2021,6,Gorontalo,Transfer ke Daerah dan Dana Desa (TKDD),0.0,2021-06-01
2021,7,Gorontalo,Transfer ke Daerah dan Dana Desa (TKDD),0.0,2021-07-01
2021,8,Gorontalo,Transfer ke Daerah dan Dana Desa (TKDD),0.0,2021-08-01
2021,9,Gorontalo,Transfer ke Daerah dan Dana Desa (TKDD),0.0,2021-09-01
2021,10,Gorontalo,Transfer ke Daerah dan Dana Desa (TKDD),0.0,2021-10-01
2021,11,Gorontalo,Transfer ke Daerah dan Dana Desa (TKDD),0.0,2021-11-01
2021,12,Gorontalo,Transfer ke Daerah dan Dana Desa (TKDD),0.0,2021-12-01
2022,1,Gorontalo,Transfer ke Daerah dan Dana Desa (TKDD),1334494317475.0,2022-01-01
2022,2,Gorontalo,Transfer ke Daerah dan Dana Desa (TKDD),0.0,2022-02-01
2022,3,Gorontalo,Transfer ke Daerah dan Dana Desa (TKDD),0.0,2022-03-01
2022,4,Gorontalo,Transfer ke Daerah dan Dana Desa (TKDD),0.0,2022-04-01
2022,5,Gorontalo,Transfer ke Daerah dan Dana Desa (TKDD),0.0,2022-05-01
2022,6,Gorontalo,Transfer ke Daerah dan Dana Desa (TKDD),0.0,2022-06-01
2022,7,Gorontalo,Transfer ke Daerah dan Dana Desa (TKDD),0.0,2022-07-01
2022,8,Gorontalo,Transfer ke Daerah dan Dana Desa (TKDD),0.0,2022-08-01
2022,9,Gorontalo,Transfer ke Daerah dan Dana Desa (TKDD),0.0,2022-09-01
2022,10,Gorontalo,Transfer ke Daerah dan Dana Desa (TKDD),0.0,2022-10-01
2022,11,Gorontalo,Transfer ke Daerah dan Dana Desa (TKDD),0.0,2022-11-01
2022,12,Gorontalo,Transfer ke Daerah dan Dana Desa (TKDD),0.0,2022-12-01
2023,1,Gorontalo,Transfer ke Daerah dan Dana Desa (TKDD),109703139200.0,2023-01-01
2023,2,Gorontalo,Transfer ke Daerah dan Dana Desa (TKDD),58757921495.0,2023-02-01
2023,3,Gorontalo,Transfer ke Daerah dan Dana Desa (TKDD),102058119879.0,2023-03-01
2023,4,Gorontalo,Transfer ke Daerah dan Dana Desa (TKDD),87458436241.0,2023-04-01
2023,5,Gorontalo,Transfer ke Daerah dan Dana Desa (TKDD),0.0,2023-05-01
2023,6,Gorontalo,Transfer ke Daerah dan Dana Desa (TKDD),121534286650.0,2023-06-01
2023,7,Gorontalo,Transfer ke Daerah dan Dana Desa (TKDD),207129634000.0,2023-07-01
2023,8,Gorontalo,Transfer ke Daerah dan Dana Desa (TKDD),59571294744.0,2023-08-01
2023,9,Gorontalo,Transfer ke Daerah dan Dana Desa (TKDD),121394960826.0,2023-09-01
2023,10,Gorontalo,Transfer ke Daerah dan Dana Desa (TKDD),141591695753.0,2023-10-01
2023,11,Gorontalo,Transfer ke Daerah dan Dana Desa (TKDD),93473259110.0,2023-11-01
2023,12,Gorontalo,Transfer ke Daerah dan Dana Desa (TKDD),128707578188.0,2023-12-01
2024,1,Gorontalo,Transfer ke Daerah dan Dana Desa (TKDD),173728101400.0,2024-01-01
2024,2,Gorontalo,Transfer ke Daerah dan Dana Desa (TKDD),77216877000.0,2024-02-01
2024,3,Gorontalo,Transfer ke Daerah dan Dana Desa (TKDD),78411116471.0,2024-03-01
2024,4,Gorontalo,Transfer ke Daerah dan Dana Desa (TKDD),123383161588.0,2024-04-01
2024,5,Gorontalo,Transfer ke Daerah dan Dana Desa (TKDD),112622370350.0,2024-05-01
2024,6,Gorontalo,Transfer ke Daerah dan Dana Desa (TKDD),0.0,2024-06-01
2024,7,Gorontalo,Transfer ke Daerah dan Dana Desa (TKDD),217763755982.0,2024-07-01
2024,8,Gorontalo,Transfer ke Daerah dan Dana Desa (TKDD),124672971146.0,2024-08-01
2024,9,Gorontalo,Transfer ke Daerah dan Dana Desa (TKDD),156778926727.0,2024-09-01
2024,10,Gorontalo,Transfer ke Daerah dan Dana Desa (TKDD),163471059967.0,2024-10-01
2024,11,Gorontalo,Transfer ke Daerah dan Dana Desa (TKDD),119586629998.0,2024-11-01
2024,12,Gorontalo,Transfer ke Daerah dan Dana Desa (TKDD),62755000644.0,2024-12-01
2025,1,Gorontalo,Transfer ke Daerah dan Dana Desa (TKDD),173500009600.0,2025-01-01
2025,2,Gorontalo,Transfer ke Daerah dan Dana Desa (TKDD),87148082375.0,2025-02-01
2025,3,Gorontalo,Transfer ke Daerah dan Dana Desa (TKDD),89614199874.0,2025-03-01
2025,4,Gorontalo,Transfer ke Daerah dan Dana Desa (TKDD),121785043400.0,2025-04-01
2025,5,Gorontalo,Transfer ke Daerah dan Dana Desa (TKDD),87139259100.0,2025-05-01
2025,6,Gorontalo,Transfer ke Daerah dan Dana Desa (TKDD),110901979200.0,2025-06-01
2025,7,Gorontalo,Transfer ke Daerah dan Dana Desa (TKDD),72477228000.0,2025-07-01
2025,8,Gorontalo,Transfer ke Daerah dan Dana Desa (TKDD),90087484255.0,2025-08-01
2025,9,Gorontalo,Transfer ke Daerah dan Dana Desa (TKDD),161409864789.0,2025-09-01
2025,10,Gorontalo,Transfer ke Daerah dan Dana Desa (TKDD),91601988292.0,2025-10-01
2025,11,Gorontalo,Transfer ke Daerah dan Dana Desa (TKDD),133657914257.0,2025-11-01
2025,12,Gorontalo,Transfer ke Daerah dan Dana Desa (TKDD),66825527721.0,2025-12-01
2021,1,Jambi,Belanja Modal,449690683606.0,2021-01-01
2021,2,Jambi,Belanja Modal,0.0,2021-02-01
2021,3,Jambi,Belanja Modal,0.0,2021-03-01
2021,4,Jambi,Belanja Modal,0.0,2021-04-01
2021,5,Jambi,Belanja Modal,0.0,2021-05-01
2021,6,Jambi,Belanja Modal,0.0,2021-06-01
2021,7,Jambi,Belanja Modal,0.0,2021-07-01
2021,8,Jambi,Belanja Modal,0.0,2021-08-01
2021,9,Jambi,Belanja Modal,0.0,2021-09-01
2021,10,Jambi,Belanja Modal,0.0,2021-10-01
2021,11,Jambi,Belanja Modal,0.0,2021-11-01
2021,12,Jambi,Belanja Modal,0.0,2021-12-01
2022,1,Jambi,Belanja Modal,906797776480.8,2022-01-01
2022,2,Jambi,Belanja Modal,0.0,2022-02-01
2022,3,Jambi,Belanja Modal,0.0,2022-03-01
2022,4,Jambi,Belanja Modal,0.0,2022-04-01
2022,5,Jambi,Belanja Modal,0.0,2022-05-01
2022,6,Jambi,Belanja Modal,0.0,2022-06-01
2022,7,Jambi,Belanja Modal,0.0,2022-07-01
2022,8,Jambi,Belanja Modal,0.0,2022-08-01
2022,9,Jambi,Belanja Modal,0.0,2022-09-01
2022,10,Jambi,Belanja Modal,0.0,2022-10-01
2022,11,Jambi,Belanja Modal,0.0,2022-11-01
2022,12,Jambi,Belanja Modal,0.0,2022-12-01
2023,1,Jambi,Belanja Modal,1251000.0,2023-01-01
2023,2,Jambi,Belanja Modal,1672490840.0,2023-02-01
2023,3,Jambi,Belanja Modal,51664823180.0,2023-03-01
2023,4,Jambi,Belanja Modal,103610062530.0,2023-04-01
2023,5,Jambi,Belanja Modal,0.0,2023-05-01
2023,6,Jambi,Belanja Modal,20448705944.0,2023-06-01
2023,7,Jambi,Belanja Modal,104712828258.0,2023-07-01
2023,8,Jambi,Belanja Modal,89938402089.0,2023-08-01
2023,9,Jambi,Belanja Modal,125726496820.0,2023-09-01
2023,10,Jambi,Belanja Modal,131782402068.0,2023-10-01
2023,11,Jambi,Belanja Modal,96961631863.0,2023-11-01
2023,12,Jambi,Belanja Modal,253185550714.0,2023-12-01
2024,1,Jambi,Belanja Modal,0.0,2024-01-01
2024,2,Jambi,Belanja Modal,90506890101.0,2024-02-01
2024,3,Jambi,Belanja Modal,43591209262.0,2024-03-01
2024,4,Jambi,Belanja Modal,54185488309.0,2024-04-01
2024,5,Jambi,Belanja Modal,64263021642.0,2024-05-01
2024,6,Jambi,Belanja Modal,152979807870.0,2024-06-01
2024,7,Jambi,Belanja Modal,58816503393.91998,2024-07-01
2024,8,Jambi,Belanja Modal,98871329703.00006,2024-08-01
2024,9,Jambi,Belanja Modal,49771380858.0,2024-09-01
2024,10,Jambi,Belanja Modal,65018921616.0,2024-10-01
2024,11,Jambi,Belanja Modal,139371285393.7799,2024-11-01
2024,12,Jambi,Belanja Modal,175331628097.76,2024-12-01
2025,1,Jambi,Belanja Modal,0.0,2025-01-01
2025,2,Jambi,Belanja Modal,1424987250.0,2025-02-01
2025,3,Jambi,Belanja Modal,4283576436.0,2025-03-01
2025,4,Jambi,Belanja Modal,4461342886.0,2025-04-01
2025,5,Jambi,Belanja Modal,6413639070.0,2025-05-01
2025,6,Jambi,Belanja Modal,750820875.0,2025-06-01
2025,7,Jambi,Belanja Modal,54157859365.0,2025-07-01
2025,8,Jambi,Belanja Modal,52874976899.0,2025-08-01
2025,9,Jambi,Belanja Modal,52653094858.95999,2025-09-01
2025,10,Jambi,Belanja Modal,40515725321.99002,2025-10-01
2025,11,Jambi,Belanja Modal,37870876560.32999,2025-11-01
2025,12,Jambi,Belanja Modal,55264515340.80002,2025-12-01
2021,1,Jambi,Pendapatan Asli Daerah (PAD),1843431186553.0,2021-01-01
2021,2,Jambi,Pendapatan Asli Daerah (PAD),0.0,2021-02-01
2021,3,Jambi,Pendapatan Asli Daerah (PAD),0.0,2021-03-01
2021,4,Jambi,Pendapatan Asli Daerah (PAD),0.0,2021-04-01
2021,5,Jambi,Pendapatan Asli Daerah (PAD),0.0,2021-05-01
2021,6,Jambi,Pendapatan Asli Daerah (PAD),0.0,2021-06-01
2021,7,Jambi,Pendapatan Asli Daerah (PAD),0.0,2021-07-01
2021,8,Jambi,Pendapatan Asli Daerah (PAD),0.0,2021-08-01
2021,9,Jambi,Pendapatan Asli Daerah (PAD),0.0,2021-09-01
2021,10,Jambi,Pendapatan Asli Daerah (PAD),0.0,2021-10-01
2021,11,Jambi,Pendapatan Asli Daerah (PAD),0.0,2021-11-01
2021,12,Jambi,Pendapatan Asli Daerah (PAD),0.0,2021-12-01
2022,1,Jambi,Pendapatan Asli Daerah (PAD),2163585918787.4,2022-01-01
2022,2,Jambi,Pendapatan Asli Daerah (PAD),0.0,2022-02-01
2022,3,Jambi,Pendapatan Asli Daerah (PAD),0.0,2022-03-01
2022,4,Jambi,Pendapatan Asli Daerah (PAD),0.0,2022-04-01
2022,5,Jambi,Pendapatan Asli Daerah (PAD),0.0,2022-05-01
2022,6,Jambi,Pendapatan Asli Daerah (PAD),0.0,2022-06-01
2022,7,Jambi,Pendapatan Asli Daerah (PAD),0.0,2022-07-01
2022,8,Jambi,Pendapatan Asli Daerah (PAD),0.0,2022-08-01
2022,9,Jambi,Pendapatan Asli Daerah (PAD),0.0,2022-09-01
2022,10,Jambi,Pendapatan Asli Daerah (PAD),0.0,2022-10-01
2022,11,Jambi,Pendapatan Asli Daerah (PAD),0.0,2022-11-01
2022,12,Jambi,Pendapatan Asli Daerah (PAD),0.0,2022-12-01
2023,1,Jambi,Pendapatan Asli Daerah (PAD),157648966468.29,2023-01-01
2023,2,Jambi,Pendapatan Asli Daerah (PAD),115923036131.31,2023-02-01
2023,3,Jambi,Pendapatan Asli Daerah (PAD),167644334370.18997,2023-03-01
2023,4,Jambi,Pendapatan Asli Daerah (PAD),306428721000.55,2023-04-01
2023,5,Jambi,Pendapatan Asli Daerah (PAD),0.0,2023-05-01
2023,6,Jambi,Pendapatan Asli Daerah (PAD),127724964462.66003,2023-06-01
2023,7,Jambi,Pendapatan Asli Daerah (PAD),209360071454.0,2023-07-01
2023,8,Jambi,Pendapatan Asli Daerah (PAD),146509030670.3999,2023-08-01
2023,9,Jambi,Pendapatan Asli Daerah (PAD),157311207961.0,2023-09-01
2023,10,Jambi,Pendapatan Asli Daerah (PAD),190383504037.30005,2023-10-01
2023,11,Jambi,Pendapatan Asli Daerah (PAD),157735916229.6001,2023-11-01
2023,12,Jambi,Pendapatan Asli Daerah (PAD),202310497617.30005,2023-12-01
2024,1,Jambi,Pendapatan Asli Daerah (PAD),153524639551.29,2024-01-01
2024,2,Jambi,Pendapatan Asli Daerah (PAD),150508532313.11996,2024-02-01
2024,3,Jambi,Pendapatan Asli Daerah (PAD),162071624561.45,2024-03-01
2024,4,Jambi,Pendapatan Asli Daerah (PAD),229737611800.46997,2024-04-01
2024,5,Jambi,Pendapatan Asli Daerah (PAD),142833460951.92004,2024-05-01
2024,6,Jambi,Pendapatan Asli Daerah (PAD),124584816182.77002,2024-06-01
2024,7,Jambi,Pendapatan Asli Daerah (PAD),216101365159.78003,2024-07-01
2024,8,Jambi,Pendapatan Asli Daerah (PAD),145337403226.0,2024-08-01
2024,9,Jambi,Pendapatan Asli Daerah (PAD),171196730092.0,2024-09-01
2024,10,Jambi,Pendapatan Asli Daerah (PAD),211487460200.69995,2024-10-01
2024,11,Jambi,Pendapatan Asli Daerah (PAD),153489976467.1001,2024-11-01
2024,12,Jambi,Pendapatan Asli Daerah (PAD),228432546445.2998,2024-12-01
2025,1,Jambi,Pendapatan Asli Daerah (PAD),104802208085.32,2025-01-01
2025,2,Jambi,Pendapatan Asli Daerah (PAD),91678224156.28,2025-02-01
2025,3,Jambi,Pendapatan Asli Daerah (PAD),170518898456.1,2025-03-01
2025,4,Jambi,Pendapatan Asli Daerah (PAD),265116960261.58002,2025-04-01
2025,5,Jambi,Pendapatan Asli Daerah (PAD),152794946943.83997,2025-05-01
2025,6,Jambi,Pendapatan Asli Daerah (PAD),66604365973.44995,2025-06-01
2025,7,Jambi,Pendapatan Asli Daerah (PAD),247646189009.33008,2025-07-01
2025,8,Jambi,Pendapatan Asli Daerah (PAD),118435610704.99988,2025-08-01
2025,9,Jambi,Pendapatan Asli Daerah (PAD),123621237916.6001,2025-09-01
2025,10,Jambi,Pendapatan Asli Daerah (PAD),189653023777.6001,2025-10-01
2025,11,Jambi,Pendapatan Asli Daerah (PAD),112581785799.0,2025-11-01
2025,12,Jambi,Pendapatan Asli Daerah (PAD),158574550368.5,2025-12-01
2021,1,Jambi,Total Belanja Daerah,4388299688277.0,2021-01-01
2021,2,Jambi,Total Belanja Daerah,0.0,2021-02-01
2021,3,Jambi,Total Belanja Daerah,0.0,2021-03-01
2021,4,Jambi,Total Belanja Daerah,0.0,2021-04-01
2021,5,Jambi,Total Belanja Daerah,0.0,2021-05-01
2021,6,Jambi,Total Belanja Daerah,0.0,2021-06-01
2021,7,Jambi,Total Belanja Daerah,0.0,2021-07-01
2021,8,Jambi,Total Belanja Daerah,0.0,2021-08-01
2021,9,Jambi,Total Belanja Daerah,0.0,2021-09-01
2021,10,Jambi,Total Belanja Daerah,0.0,2021-10-01
2021,11,Jambi,Total Belanja Daerah,0.0,2021-11-01
2021,12,Jambi,Total Belanja Daerah,0.0,2021-12-01
2022,1,Jambi,Total Belanja Daerah,4755416354857.9,2022-01-01
2022,2,Jambi,Total Belanja Daerah,0.0,2022-02-01
2022,3,Jambi,Total Belanja Daerah,0.0,2022-03-01
2022,4,Jambi,Total Belanja Daerah,0.0,2022-04-01
2022,5,Jambi,Total Belanja Daerah,0.0,2022-05-01
2022,6,Jambi,Total Belanja Daerah,0.0,2022-06-01
2022,7,Jambi,Total Belanja Daerah,0.0,2022-07-01
2022,8,Jambi,Total Belanja Daerah,0.0,2022-08-01
2022,9,Jambi,Total Belanja Daerah,0.0,2022-09-01
2022,10,Jambi,Total Belanja Daerah,0.0,2022-10-01
2022,11,Jambi,Total Belanja Daerah,0.0,2022-11-01
2022,12,Jambi,Total Belanja Daerah,0.0,2022-12-01
2023,1,Jambi,Total Belanja Daerah,31997152555.0,2023-01-01
2023,2,Jambi,Total Belanja Daerah,331263106125.0,2023-02-01
2023,3,Jambi,Total Belanja Daerah,164558656353.0,2023-03-01
2023,4,Jambi,Total Belanja Daerah,368282058592.0,2023-04-01
2023,5,Jambi,Total Belanja Daerah,0.0,2023-05-01
2023,6,Jambi,Total Belanja Daerah,195971610586.0,2023-06-01
2023,7,Jambi,Total Belanja Daerah,428385993882.0,2023-07-01
2023,8,Jambi,Total Belanja Daerah,487496978516.0,2023-08-01
2023,9,Jambi,Total Belanja Daerah,437738856380.0,2023-09-01
2023,10,Jambi,Total Belanja Daerah,426279653931.0,2023-10-01
2023,11,Jambi,Total Belanja Daerah,557370943201.0,2023-11-01
2023,12,Jambi,Total Belanja Daerah,1120654855077.0,2023-12-01
2024,1,Jambi,Total Belanja Daerah,53495300419.0,2024-01-01
2024,2,Jambi,Total Belanja Daerah,174796102471.35,2024-02-01
2024,3,Jambi,Total Belanja Daerah,335950456232.0,2024-03-01
2024,4,Jambi,Total Belanja Daerah,539284339668.9501,2024-04-01
2024,5,Jambi,Total Belanja Daerah,422841105670.5,2024-05-01
2024,6,Jambi,Total Belanja Daerah,409761166394.3999,2024-06-01
2024,7,Jambi,Total Belanja Daerah,482720130489.50024,2024-07-01
2024,8,Jambi,Total Belanja Daerah,345966616360.5,2024-08-01
2024,9,Jambi,Total Belanja Daerah,382642351241.0,2024-09-01
2024,10,Jambi,Total Belanja Daerah,291685553760.0,2024-10-01
2024,11,Jambi,Total Belanja Daerah,589413785182.6997,2024-11-01
2024,12,Jambi,Total Belanja Daerah,671719368013.5005,2024-12-01
2025,1,Jambi,Total Belanja Daerah,73663260895.17,2025-01-01
2025,2,Jambi,Total Belanja Daerah,126051673474.14,2025-02-01
2025,3,Jambi,Total Belanja Daerah,296981181114.0,2025-03-01
2025,4,Jambi,Total Belanja Daerah,249770762335.00006,2025-04-01
2025,5,Jambi,Total Belanja Daerah,193329324676.41992,2025-05-01
2025,6,Jambi,Total Belanja Daerah,366432592220.97,2025-06-01
2025,7,Jambi,Total Belanja Daerah,798713111972.5,2025-07-01
2025,8,Jambi,Total Belanja Daerah,224265870627.00024,2025-08-01
2025,9,Jambi,Total Belanja Daerah,404426634390.8999,2025-09-01
2025,10,Jambi,Total Belanja Daerah,287761941111.0,2025-10-01
2025,11,Jambi,Total Belanja Daerah,224046401269.3999,2025-11-01
2025,12,Jambi,Total Belanja Daerah,448778700908.7002,2025-12-01
2021,1,Jambi,Total Pendapatan Daerah,4725724403283.0,2021-01-01
2021,2,Jambi,Total Pendapatan Daerah,0.0,2021-02-01
2021,3,Jambi,Total Pendapatan Daerah,0.0,2021-03-01
2021,4,Jambi,Total Pendapatan Daerah,0.0,2021-04-01
2021,5,Jambi,Total Pendapatan Daerah,0.0,2021-05-01
2021,6,Jambi,Total Pendapatan Daerah,0.0,2021-06-01
2021,7,Jambi,Total Pendapatan Daerah,0.0,2021-07-01
2021,8,Jambi,Total Pendapatan Daerah,0.0,2021-08-01
2021,9,Jambi,Total Pendapatan Daerah,0.0,2021-09-01
2021,10,Jambi,Total Pendapatan Daerah,0.0,2021-10-01
2021,11,Jambi,Total Pendapatan Daerah,0.0,2021-11-01
2021,12,Jambi,Total Pendapatan Daerah,0.0,2021-12-01
2022,1,Jambi,Total Pendapatan Daerah,4705588357947.4,2022-01-01
2022,2,Jambi,Total Pendapatan Daerah,0.0,2022-02-01
2022,3,Jambi,Total Pendapatan Daerah,0.0,2022-03-01
2022,4,Jambi,Total Pendapatan Daerah,0.0,2022-04-01
2022,5,Jambi,Total Pendapatan Daerah,0.0,2022-05-01
2022,6,Jambi,Total Pendapatan Daerah,0.0,2022-06-01
2022,7,Jambi,Total Pendapatan Daerah,0.0,2022-07-01
2022,8,Jambi,Total Pendapatan Daerah,0.0,2022-08-01
2022,9,Jambi,Total Pendapatan Daerah,0.0,2022-09-01
2022,10,Jambi,Total Pendapatan Daerah,0.0,2022-10-01
2022,11,Jambi,Total Pendapatan Daerah,0.0,2022-11-01
2022,12,Jambi,Total Pendapatan Daerah,0.0,2022-12-01
2023,1,Jambi,Total Pendapatan Daerah,342666655068.29,2023-01-01
2023,2,Jambi,Total Pendapatan Daerah,220616048753.31,2023-02-01
2023,3,Jambi,Total Pendapatan Daerah,331914835140.19006,2023-03-01
2023,4,Jambi,Total Pendapatan Daerah,487838911809.51,2023-04-01
2023,5,Jambi,Total Pendapatan Daerah,0.0,2023-05-01
2023,6,Jambi,Total Pendapatan Daerah,471568806965.69995,2023-06-01
2023,7,Jambi,Total Pendapatan Daerah,366894048604.0,2023-07-01
2023,8,Jambi,Total Pendapatan Daerah,255048716646.3999,2023-08-01
2023,9,Jambi,Total Pendapatan Daerah,383459430444.0,2023-09-01
2023,10,Jambi,Total Pendapatan Daerah,514655931333.3003,2023-10-01
2023,11,Jambi,Total Pendapatan Daerah,396124787879.5996,2023-11-01
2023,12,Jambi,Total Pendapatan Daerah,580350470755.6001,2023-12-01
2024,1,Jambi,Total Pendapatan Daerah,264853878490.29,2024-01-01
2024,2,Jambi,Total Pendapatan Daerah,361015260313.12,2024-02-01
2024,3,Jambi,Total Pendapatan Daerah,261180659725.44995,2024-03-01
2024,4,Jambi,Total Pendapatan Daerah,347653136797.7401,2024-04-01
2024,5,Jambi,Total Pendapatan Daerah,341464459816.2998,2024-05-01
2024,6,Jambi,Total Pendapatan Daerah,528186270345.0,2024-06-01
2024,7,Jambi,Total Pendapatan Daerah,515597149567.6001,2024-07-01
2024,8,Jambi,Total Pendapatan Daerah,416261703113.8999,2024-08-01
2024,9,Jambi,Total Pendapatan Daerah,379146101331.1001,2024-09-01
2024,10,Jambi,Total Pendapatan Daerah,443545598788.7002,2024-10-01
2024,11,Jambi,Total Pendapatan Daerah,350506486254.0,2024-11-01
2024,12,Jambi,Total Pendapatan Daerah,516322143809.0996,2024-12-01
2025,1,Jambi,Total Pendapatan Daerah,326574871525.32,2025-01-01
2025,2,Jambi,Total Pendapatan Daerah,189734009216.27997,2025-02-01
2025,3,Jambi,Total Pendapatan Daerah,359231456336.1,2025-03-01
2025,4,Jambi,Total Pendapatan Daerah,365385925857.6001,2025-04-01
2025,5,Jambi,Total Pendapatan Daerah,345469806454.80005,2025-05-01
2025,6,Jambi,Total Pendapatan Daerah,238999454313.5,2025-06-01
2025,7,Jambi,Total Pendapatan Daerah,639607612503.2998,2025-07-01
2025,8,Jambi,Total Pendapatan Daerah,347352160760.0,2025-08-01
2025,9,Jambi,Total Pendapatan Daerah,355862160534.6001,2025-09-01
2025,10,Jambi,Total Pendapatan Daerah,369683371597.6001,2025-10-01
2025,11,Jambi,Total Pendapatan Daerah,294174883291.0,2025-11-01
2025,12,Jambi,Total Pendapatan Daerah,227124638968.5,2025-12-01
2021,1,Jambi,Transfer ke Daerah dan Dana Desa (TKDD),2879979691030.0,2021-01-01
2021,2,Jambi,Transfer ke Daerah dan Dana Desa (TKDD),0.0,2021-02-01
2021,3,Jambi,Transfer ke Daerah dan Dana Desa (TKDD),0.0,2021-03-01
2021,4,Jambi,Transfer ke Daerah dan Dana Desa (TKDD),0.0,2021-04-01
2021,5,Jambi,Transfer ke Daerah dan Dana Desa (TKDD),0.0,2021-05-01
2021,6,Jambi,Transfer ke Daerah dan Dana Desa (TKDD),0.0,2021-06-01
2021,7,Jambi,Transfer ke Daerah dan Dana Desa (TKDD),0.0,2021-07-01
2021,8,Jambi,Transfer ke Daerah dan Dana Desa (TKDD),0.0,2021-08-01
2021,9,Jambi,Transfer ke Daerah dan Dana Desa (TKDD),0.0,2021-09-01
2021,10,Jambi,Transfer ke Daerah dan Dana Desa (TKDD),0.0,2021-10-01
2021,11,Jambi,Transfer ke Daerah dan Dana Desa (TKDD),0.0,2021-11-01
2021,12,Jambi,Transfer ke Daerah dan Dana Desa (TKDD),0.0,2021-12-01
2022,1,Jambi,Transfer ke Daerah dan Dana Desa (TKDD),2527282623260.0,2022-01-01
2022,2,Jambi,Transfer ke Daerah dan Dana Desa (TKDD),0.0,2022-02-01
2022,3,Jambi,Transfer ke Daerah dan Dana Desa (TKDD),0.0,2022-03-01
2022,4,Jambi,Transfer ke Daerah dan Dana Desa (TKDD),0.0,2022-04-01
2022,5,Jambi,Transfer ke Daerah dan Dana Desa (TKDD),0.0,2022-05-01
2022,6,Jambi,Transfer ke Daerah dan Dana Desa (TKDD),0.0,2022-06-01
2022,7,Jambi,Transfer ke Daerah dan Dana Desa (TKDD),0.0,2022-07-01
2022,8,Jambi,Transfer ke Daerah dan Dana Desa (TKDD),0.0,2022-08-01
2022,9,Jambi,Transfer ke Daerah dan Dana Desa (TKDD),0.0,2022-09-01
2022,10,Jambi,Transfer ke Daerah dan Dana Desa (TKDD),0.0,2022-10-01
2022,11,Jambi,Transfer ke Daerah dan Dana Desa (TKDD),0.0,2022-11-01
2022,12,Jambi,Transfer ke Daerah dan Dana Desa (TKDD),0.0,2022-12-01
2023,1,Jambi,Transfer ke Daerah dan Dana Desa (TKDD),185017688600.0,2023-01-01
2023,2,Jambi,Transfer ke Daerah dan Dana Desa (TKDD),104693012622.0,2023-02-01
2023,3,Jambi,Transfer ke Daerah dan Dana Desa (TKDD),164270500770.0,2023-03-01
2023,4,Jambi,Transfer ke Daerah dan Dana Desa (TKDD),181410190809.0,2023-04-01
2023,5,Jambi,Transfer ke Daerah dan Dana Desa (TKDD),0.0,2023-05-01
2023,6,Jambi,Transfer ke Daerah dan Dana Desa (TKDD),342994692503.0,2023-06-01
2023,7,Jambi,Transfer ke Daerah dan Dana Desa (TKDD),157392452150.0,2023-07-01
2023,8,Jambi,Transfer ke Daerah dan Dana Desa (TKDD),89457129500.0,2023-08-01
2023,9,Jambi,Transfer ke Daerah dan Dana Desa (TKDD),225865172483.0,2023-09-01
2023,10,Jambi,Transfer ke Daerah dan Dana Desa (TKDD),324272427296.0,2023-10-01
2023,11,Jambi,Transfer ke Daerah dan Dana Desa (TKDD),238105821650.0,2023-11-01
2023,12,Jambi,Transfer ke Daerah dan Dana Desa (TKDD),366011886593.3999,2023-12-01
2024,1,Jambi,Transfer ke Daerah dan Dana Desa (TKDD),111320689400.0,2024-01-01
2024,2,Jambi,Transfer ke Daerah dan Dana Desa (TKDD),210502798000.0,2024-02-01
2024,3,Jambi,Transfer ke Daerah dan Dana Desa (TKDD),99098442328.0,2024-03-01
2024,4,Jambi,Transfer ke Daerah dan Dana Desa (TKDD),117883326202.0,2024-04-01
2024,5,Jambi,Transfer ke Daerah dan Dana Desa (TKDD),198624054011.0,2024-05-01
2024,6,Jambi,Transfer ke Daerah dan Dana Desa (TKDD),403619147588.0,2024-06-01
2024,7,Jambi,Transfer ke Daerah dan Dana Desa (TKDD),298368376812.0,2024-07-01
2024,8,Jambi,Transfer ke Daerah dan Dana Desa (TKDD),258938638249.0,2024-08-01
2024,9,Jambi,Transfer ke Daerah dan Dana Desa (TKDD),207790444589.0,2024-09-01
2024,10,Jambi,Transfer ke Daerah dan Dana Desa (TKDD),231899306788.0,2024-10-01
2024,11,Jambi,Transfer ke Daerah dan Dana Desa (TKDD),196857374919.0,2024-11-01
2024,12,Jambi,Transfer ke Daerah dan Dana Desa (TKDD),278853321906.0,2024-12-01
2025,1,Jambi,Transfer ke Daerah dan Dana Desa (TKDD),221771236100.0,2025-01-01
2025,2,Jambi,Transfer ke Daerah dan Dana Desa (TKDD),98046098000.0,2025-02-01
2025,3,Jambi,Transfer ke Daerah dan Dana Desa (TKDD),188711972760.0,2025-03-01
2025,4,Jambi,Transfer ke Daerah dan Dana Desa (TKDD),100267188636.0,2025-04-01
2025,5,Jambi,Transfer ke Daerah dan Dana Desa (TKDD),192674281291.0,2025-05-01
2025,6,Jambi,Transfer ke Daerah dan Dana Desa (TKDD),172396851200.0,2025-06-01
2025,7,Jambi,Transfer ke Daerah dan Dana Desa (TKDD),390868159414.0,2025-07-01
2025,8,Jambi,Transfer ke Daerah dan Dana Desa (TKDD),220488799600.0,2025-08-01
2025,9,Jambi,Transfer ke Daerah dan Dana Desa (TKDD),232084710648.0,2025-09-01
2025,10,Jambi,Transfer ke Daerah dan Dana Desa (TKDD),179874221600.0,2025-10-01
2025,11,Jambi,Transfer ke Daerah dan Dana Desa (TKDD),181592403522.0,2025-11-01
2025,12,Jambi,Transfer ke Daerah dan Dana Desa (TKDD),62619900267.0,2025-12-01
2021,1,Jawa Barat,Belanja Modal,2045428563538.0,2021-01-01
2021,2,Jawa Barat,Belanja Modal,0.0,2021-02-01
2021,3,Jawa Barat,Belanja Modal,0.0,2021-03-01
2021,4,Jawa Barat,Belanja Modal,0.0,2021-04-01
2021,5,Jawa Barat,Belanja Modal,0.0,2021-05-01
2021,6,Jawa Barat,Belanja Modal,0.0,2021-06-01
2021,7,Jawa Barat,Belanja Modal,0.0,2021-07-01
2021,8,Jawa Barat,Belanja Modal,0.0,2021-08-01
2021,9,Jawa Barat,Belanja Modal,0.0,2021-09-01
2021,10,Jawa Barat,Belanja Modal,0.0,2021-10-01
2021,11,Jawa Barat,Belanja Modal,0.0,2021-11-01
2021,12,Jawa Barat,Belanja Modal,0.0,2021-12-01
2022,1,Jawa Barat,Belanja Modal,2381568888911.0,2022-01-01
2022,2,Jawa Barat,Belanja Modal,0.0,2022-02-01
2022,3,Jawa Barat,Belanja Modal,0.0,2022-03-01
2022,4,Jawa Barat,Belanja Modal,0.0,2022-04-01
2022,5,Jawa Barat,Belanja Modal,0.0,2022-05-01
2022,6,Jawa Barat,Belanja Modal,0.0,2022-06-01
2022,7,Jawa Barat,Belanja Modal,0.0,2022-07-01
2022,8,Jawa Barat,Belanja Modal,0.0,2022-08-01
2022,9,Jawa Barat,Belanja Modal,0.0,2022-09-01
2022,10,Jawa Barat,Belanja Modal,0.0,2022-10-01
2022,11,Jawa Barat,Belanja Modal,0.0,2022-11-01
2022,12,Jawa Barat,Belanja Modal,0.0,2022-12-01
2023,1,Jawa Barat,Belanja Modal,152399000.0,2023-01-01
2023,2,Jawa Barat,Belanja Modal,6611905992.0,2023-02-01
2023,3,Jawa Barat,Belanja Modal,116581286050.0,2023-03-01
2023,4,Jawa Barat,Belanja Modal,167381840533.0,2023-04-01
2023,5,Jawa Barat,Belanja Modal,0.0,2023-05-01
2023,6,Jawa Barat,Belanja Modal,393277632115.0,2023-06-01
2023,7,Jawa Barat,Belanja Modal,171296277667.0,2023-07-01
2023,8,Jawa Barat,Belanja Modal,172446629778.0,2023-08-01
2023,9,Jawa Barat,Belanja Modal,120181637743.0,2023-09-01
2023,10,Jawa Barat,Belanja Modal,199730670774.0,2023-10-01
2023,11,Jawa Barat,Belanja Modal,151322427295.0,2023-11-01
2023,12,Jawa Barat,Belanja Modal,893400025335.0,2023-12-01
2024,1,Jawa Barat,Belanja Modal,7048712234.0,2024-01-01
2024,2,Jawa Barat,Belanja Modal,56735663528.0,2024-02-01
2024,3,Jawa Barat,Belanja Modal,74485152073.0,2024-03-01
2024,4,Jawa Barat,Belanja Modal,159572406545.0,2024-04-01
2024,5,Jawa Barat,Belanja Modal,128870081990.0,2024-05-01
2024,6,Jawa Barat,Belanja Modal,88927725381.0,2024-06-01
2024,7,Jawa Barat,Belanja Modal,215810009548.0,2024-07-01
2024,8,Jawa Barat,Belanja Modal,211803176656.0,2024-08-01
2024,9,Jawa Barat,Belanja Modal,159623459999.0,2024-09-01
2024,10,Jawa Barat,Belanja Modal,246374287388.0,2024-10-01
2024,11,Jawa Barat,Belanja Modal,173237195766.0,2024-11-01
2024,12,Jawa Barat,Belanja Modal,593649708605.0,2024-12-01
2025,1,Jawa Barat,Belanja Modal,330647160.0,2025-01-01
2025,2,Jawa Barat,Belanja Modal,75624621384.0,2025-02-01
2025,3,Jawa Barat,Belanja Modal,118924559332.0,2025-03-01
2025,4,Jawa Barat,Belanja Modal,42712875332.0,2025-04-01
2025,5,Jawa Barat,Belanja Modal,114630187120.0,2025-05-01
2025,6,Jawa Barat,Belanja Modal,193914196400.0,2025-06-01
2025,7,Jawa Barat,Belanja Modal,226945046840.0,2025-07-01
2025,8,Jawa Barat,Belanja Modal,281454229260.0,2025-08-01
2025,9,Jawa Barat,Belanja Modal,332183987880.0,2025-09-01
2025,10,Jawa Barat,Belanja Modal,417006685602.0,2025-10-01
2025,11,Jawa Barat,Belanja Modal,506303451351.0,2025-11-01
2025,12,Jawa Barat,Belanja Modal,1922104897712.0,2025-12-01
2021,1,Jawa Barat,Pendapatan Asli Daerah (PAD),20333679966126.0,2021-01-01
2021,2,Jawa Barat,Pendapatan Asli Daerah (PAD),0.0,2021-02-01
2021,3,Jawa Barat,Pendapatan Asli Daerah (PAD),0.0,2021-03-01
2021,4,Jawa Barat,Pendapatan Asli Daerah (PAD),0.0,2021-04-01
2021,5,Jawa Barat,Pendapatan Asli Daerah (PAD),0.0,2021-05-01
2021,6,Jawa Barat,Pendapatan Asli Daerah (PAD),0.0,2021-06-01
2021,7,Jawa Barat,Pendapatan Asli Daerah (PAD),0.0,2021-07-01
2021,8,Jawa Barat,Pendapatan Asli Daerah (PAD),0.0,2021-08-01
2021,9,Jawa Barat,Pendapatan Asli Daerah (PAD),0.0,2021-09-01
2021,10,Jawa Barat,Pendapatan Asli Daerah (PAD),0.0,2021-10-01
2021,11,Jawa Barat,Pendapatan Asli Daerah (PAD),0.0,2021-11-01
2021,12,Jawa Barat,Pendapatan Asli Daerah (PAD),0.0,2021-12-01
2022,1,Jawa Barat,Pendapatan Asli Daerah (PAD),23249622253957.0,2022-01-01
2022,2,Jawa Barat,Pendapatan Asli Daerah (PAD),0.0,2022-02-01
2022,3,Jawa Barat,Pendapatan Asli Daerah (PAD),0.0,2022-03-01
2022,4,Jawa Barat,Pendapatan Asli Daerah (PAD),0.0,2022-04-01
2022,5,Jawa Barat,Pendapatan Asli Daerah (PAD),0.0,2022-05-01
2022,6,Jawa Barat,Pendapatan Asli Daerah (PAD),0.0,2022-06-01
2022,7,Jawa Barat,Pendapatan Asli Daerah (PAD),0.0,2022-07-01
2022,8,Jawa Barat,Pendapatan Asli Daerah (PAD),0.0,2022-08-01
2022,9,Jawa Barat,Pendapatan Asli Daerah (PAD),0.0,2022-09-01
2022,10,Jawa Barat,Pendapatan Asli Daerah (PAD),0.0,2022-10-01
2022,11,Jawa Barat,Pendapatan Asli Daerah (PAD),0.0,2022-11-01
2022,12,Jawa Barat,Pendapatan Asli Daerah (PAD),0.0,2022-12-01
2023,1,Jawa Barat,Pendapatan Asli Daerah (PAD),1749103599202.2,2023-01-01
2023,2,Jawa Barat,Pendapatan Asli Daerah (PAD),1524395568683.5999,2023-02-01
2023,3,Jawa Barat,Pendapatan Asli Daerah (PAD),1619588649132.0,2023-03-01
2023,4,Jawa Barat,Pendapatan Asli Daerah (PAD),2807620579025.0,2023-04-01
2023,5,Jawa Barat,Pendapatan Asli Daerah (PAD),0.0,2023-05-01
2023,6,Jawa Barat,Pendapatan Asli Daerah (PAD),2195466517643.2002,2023-06-01
2023,7,Jawa Barat,Pendapatan Asli Daerah (PAD),2030340800.0,2023-07-01
2023,8,Jawa Barat,Pendapatan Asli Daerah (PAD),3650732940.0,2023-08-01
2023,9,Jawa Barat,Pendapatan Asli Daerah (PAD),4205137230.0,2023-09-01
2023,10,Jawa Barat,Pendapatan Asli Daerah (PAD),1571876852732.0,2023-10-01
2023,11,Jawa Barat,Pendapatan Asli Daerah (PAD),8936700636066.0,2023-11-01
2023,12,Jawa Barat,Pendapatan Asli Daerah (PAD),2263817807284.0,2023-12-01
2024,1,Jawa Barat,Pendapatan Asli Daerah (PAD),3338727339277.0,2024-01-01
2024,2,Jawa Barat,Pendapatan Asli Daerah (PAD),2307037008669.0,2024-02-01
2024,3,Jawa Barat,Pendapatan Asli Daerah (PAD),1576137672970.0,2024-03-01
2024,4,Jawa Barat,Pendapatan Asli Daerah (PAD),1239930258535.0,2024-04-01
2024,5,Jawa Barat,Pendapatan Asli Daerah (PAD),3465934184491.0,2024-05-01
2024,6,Jawa Barat,Pendapatan Asli Daerah (PAD),0.0,2024-06-01
2024,7,Jawa Barat,Pendapatan Asli Daerah (PAD),4623884558759.0,2024-07-01
2024,8,Jawa Barat,Pendapatan Asli Daerah (PAD),9402873549807.0,2024-08-01
2024,9,Jawa Barat,Pendapatan Asli Daerah (PAD),3562742250.0,2024-09-01
2024,10,Jawa Barat,Pendapatan Asli Daerah (PAD),1646587518632.0,2024-10-01
2024,11,Jawa Barat,Pendapatan Asli Daerah (PAD),1047358006.0,2024-11-01
2024,12,Jawa Barat,Pendapatan Asli Daerah (PAD),0.0,2024-12-01
2025,1,Jawa Barat,Pendapatan Asli Daerah (PAD),1030622852460.0,2025-01-01
2025,2,Jawa Barat,Pendapatan Asli Daerah (PAD),1017504068954.0,2025-02-01
2025,3,Jawa Barat,Pendapatan Asli Daerah (PAD),1193944343132.0,2025-03-01
2025,4,Jawa Barat,Pendapatan Asli Daerah (PAD),2631940254949.0,2025-04-01
2025,5,Jawa Barat,Pendapatan Asli Daerah (PAD),1477850929881.0,2025-05-01
2025,6,Jawa Barat,Pendapatan Asli Daerah (PAD),1444842924086.0,2025-06-01
2025,7,Jawa Barat,Pendapatan Asli Daerah (PAD),1776447193991.0,2025-07-01
2025,8,Jawa Barat,Pendapatan Asli Daerah (PAD),1096147662635.0,2025-08-01
2025,9,Jawa Barat,Pendapatan Asli Daerah (PAD),1106540076270.0,2025-09-01
2025,10,Jawa Barat,Pendapatan Asli Daerah (PAD),2039521800536.0,2025-10-01
2025,11,Jawa Barat,Pendapatan Asli Daerah (PAD),1058091326615.0,2025-11-01
2025,12,Jawa Barat,Pendapatan Asli Daerah (PAD),2214625862250.0,2025-12-01
2021,1,Jawa Barat,Total Belanja Daerah,37470910437064.0,2021-01-01
2021,2,Jawa Barat,Total Belanja Daerah,0.0,2021-02-01
2021,3,Jawa Barat,Total Belanja Daerah,0.0,2021-03-01
2021,4,Jawa Barat,Total Belanja Daerah,0.0,2021-04-01
2021,5,Jawa Barat,Total Belanja Daerah,0.0,2021-05-01
2021,6,Jawa Barat,Total Belanja Daerah,0.0,2021-06-01
2021,7,Jawa Barat,Total Belanja Daerah,0.0,2021-07-01
2021,8,Jawa Barat,Total Belanja Daerah,0.0,2021-08-01
2021,9,Jawa Barat,Total Belanja Daerah,0.0,2021-09-01
2021,10,Jawa Barat,Total Belanja Daerah,0.0,2021-10-01
2021,11,Jawa Barat,Total Belanja Daerah,0.0,2021-11-01
2021,12,Jawa Barat,Total Belanja Daerah,0.0,2021-12-01
2022,1,Jawa Barat,Total Belanja Daerah,32644213921729.0,2022-01-01
2022,2,Jawa Barat,Total Belanja Daerah,0.0,2022-02-01
2022,3,Jawa Barat,Total Belanja Daerah,0.0,2022-03-01
2022,4,Jawa Barat,Total Belanja Daerah,0.0,2022-04-01
2022,5,Jawa Barat,Total Belanja Daerah,0.0,2022-05-01
2022,6,Jawa Barat,Total Belanja Daerah,0.0,2022-06-01
2022,7,Jawa Barat,Total Belanja Daerah,0.0,2022-07-01
2022,8,Jawa Barat,Total Belanja Daerah,0.0,2022-08-01
2022,9,Jawa Barat,Total Belanja Daerah,0.0,2022-09-01
2022,10,Jawa Barat,Total Belanja Daerah,0.0,2022-10-01
2022,11,Jawa Barat,Total Belanja Daerah,0.0,2022-11-01
2022,12,Jawa Barat,Total Belanja Daerah,0.0,2022-12-01
2023,1,Jawa Barat,Total Belanja Daerah,441877238068.0,2023-01-01
2023,2,Jawa Barat,Total Belanja Daerah,1535190449704.0,2023-02-01
2023,3,Jawa Barat,Total Belanja Daerah,1518251835399.0,2023-03-01
2023,4,Jawa Barat,Total Belanja Daerah,3771411054375.0,2023-04-01
2023,5,Jawa Barat,Total Belanja Daerah,0.0,2023-05-01
2023,6,Jawa Barat,Total Belanja Daerah,4713267564408.0,2023-06-01
2023,7,Jawa Barat,Total Belanja Daerah,2648312133674.0,2023-07-01
2023,8,Jawa Barat,Total Belanja Daerah,2160377170252.0,2023-08-01
2023,9,Jawa Barat,Total Belanja Daerah,1945550973918.0,2023-09-01
2023,10,Jawa Barat,Total Belanja Daerah,3153151745767.0,2023-10-01
2023,11,Jawa Barat,Total Belanja Daerah,2604338827018.0,2023-11-01
2023,12,Jawa Barat,Total Belanja Daerah,8187398882692.0,2023-12-01
2024,1,Jawa Barat,Total Belanja Daerah,1448470666925.0,2024-01-01
2024,2,Jawa Barat,Total Belanja Daerah,1479453069110.0,2024-02-01
2024,3,Jawa Barat,Total Belanja Daerah,3198958034625.0,2024-03-01
2024,4,Jawa Barat,Total Belanja Daerah,2155832773417.0,2024-04-01
2024,5,Jawa Barat,Total Belanja Daerah,3926081850777.0,2024-05-01
2024,6,Jawa Barat,Total Belanja Daerah,2741953772773.0,2024-06-01
2024,7,Jawa Barat,Total Belanja Daerah,3689943042442.0,2024-07-01
2024,8,Jawa Barat,Total Belanja Daerah,3696514636044.0,2024-08-01
2024,9,Jawa Barat,Total Belanja Daerah,2104905355771.0,2024-09-01
2024,10,Jawa Barat,Total Belanja Daerah,3315544151357.0,2024-10-01
2024,11,Jawa Barat,Total Belanja Daerah,2566164710742.0,2024-11-01
2024,12,Jawa Barat,Total Belanja Daerah,5224977869052.0,2024-12-01
2025,1,Jawa Barat,Total Belanja Daerah,1809074423875.0,2025-01-01
2025,2,Jawa Barat,Total Belanja Daerah,1221029561801.0,2025-02-01
2025,3,Jawa Barat,Total Belanja Daerah,2349087159948.0,2025-03-01
2025,4,Jawa Barat,Total Belanja Daerah,1159669602327.0,2025-04-01
2025,5,Jawa Barat,Total Belanja Daerah,2973734584564.0,2025-05-01
2025,6,Jawa Barat,Total Belanja Daerah,2780341532754.0,2025-06-01
2025,7,Jawa Barat,Total Belanja Daerah,1683965089189.0,2025-07-01
2025,8,Jawa Barat,Total Belanja Daerah,2965014098896.0,2025-08-01
2025,9,Jawa Barat,Total Belanja Daerah,1763194148715.0,2025-09-01
2025,10,Jawa Barat,Total Belanja Daerah,3858079028221.0,2025-10-01
2025,11,Jawa Barat,Total Belanja Daerah,2682349887501.0,2025-11-01
2025,12,Jawa Barat,Total Belanja Daerah,5119601378512.0,2025-12-01
2021,1,Jawa Barat,Total Pendapatan Daerah,36991873224931.0,2021-01-01
2021,2,Jawa Barat,Total Pendapatan Daerah,0.0,2021-02-01
2021,3,Jawa Barat,Total Pendapatan Daerah,0.0,2021-03-01
2021,4,Jawa Barat,Total Pendapatan Daerah,0.0,2021-04-01
2021,5,Jawa Barat,Total Pendapatan Daerah,0.0,2021-05-01
2021,6,Jawa Barat,Total Pendapatan Daerah,0.0,2021-06-01
2021,7,Jawa Barat,Total Pendapatan Daerah,0.0,2021-07-01
2021,8,Jawa Barat,Total Pendapatan Daerah,0.0,2021-08-01
2021,9,Jawa Barat,Total Pendapatan Daerah,0.0,2021-09-01
2021,10,Jawa Barat,Total Pendapatan Daerah,0.0,2021-10-01
2021,11,Jawa Barat,Total Pendapatan Daerah,0.0,2021-11-01
2021,12,Jawa Barat,Total Pendapatan Daerah,0.0,2021-12-01
2022,1,Jawa Barat,Total Pendapatan Daerah,33232271411803.0,2022-01-01
2022,2,Jawa Barat,Total Pendapatan Daerah,0.0,2022-02-01
2022,3,Jawa Barat,Total Pendapatan Daerah,0.0,2022-03-01
2022,4,Jawa Barat,Total Pendapatan Daerah,0.0,2022-04-01
2022,5,Jawa Barat,Total Pendapatan Daerah,0.0,2022-05-01
2022,6,Jawa Barat,Total Pendapatan Daerah,0.0,2022-06-01
2022,7,Jawa Barat,Total Pendapatan Daerah,0.0,2022-07-01
2022,8,Jawa Barat,Total Pendapatan Daerah,0.0,2022-08-01
2022,9,Jawa Barat,Total Pendapatan Daerah,0.0,2022-09-01
2022,10,Jawa Barat,Total Pendapatan Daerah,0.0,2022-10-01
2022,11,Jawa Barat,Total Pendapatan Daerah,0.0,2022-11-01
2022,12,Jawa Barat,Total Pendapatan Daerah,0.0,2022-12-01
2023,1,Jawa Barat,Total Pendapatan Daerah,1749103599202.2,2023-01-01
2023,2,Jawa Barat,Total Pendapatan Daerah,2522957203083.5996,2023-02-01
2023,3,Jawa Barat,Total Pendapatan Daerah,2885921130733.0,2023-03-01
2023,4,Jawa Barat,Total Pendapatan Daerah,3782282114842.2,2023-04-01
2023,5,Jawa Barat,Total Pendapatan Daerah,0.0,2023-05-01
2023,6,Jawa Barat,Total Pendapatan Daerah,3361028685890.0,2023-06-01
2023,7,Jawa Barat,Total Pendapatan Daerah,2030340800.0,2023-07-01
2023,8,Jawa Barat,Total Pendapatan Daerah,3650732940.0,2023-08-01
2023,9,Jawa Barat,Total Pendapatan Daerah,4205137230.0,2023-09-01
2023,10,Jawa Barat,Total Pendapatan Daerah,1571876852732.0,2023-10-01
2023,11,Jawa Barat,Total Pendapatan Daerah,10130253882277.0,2023-11-01
2023,12,Jawa Barat,Total Pendapatan Daerah,6977770817316.0,2023-12-01
2024,1,Jawa Barat,Total Pendapatan Daerah,5996767458324.0,2024-01-01
2024,2,Jawa Barat,Total Pendapatan Daerah,2610876198992.0,2024-02-01
2024,3,Jawa Barat,Total Pendapatan Daerah,2603812530015.0,2024-03-01
2024,4,Jawa Barat,Total Pendapatan Daerah,1683487087301.0,2024-04-01
2024,5,Jawa Barat,Total Pendapatan Daerah,4808045277791.0,2024-05-01
2024,6,Jawa Barat,Total Pendapatan Daerah,0.0,2024-06-01
2024,7,Jawa Barat,Total Pendapatan Daerah,6991424339733.0,2024-07-01
2024,8,Jawa Barat,Total Pendapatan Daerah,11512454899291.0,2024-08-01
2024,9,Jawa Barat,Total Pendapatan Daerah,3562742250.0,2024-09-01
2024,10,Jawa Barat,Total Pendapatan Daerah,2323939667239.0,2024-10-01
2024,11,Jawa Barat,Total Pendapatan Daerah,1047358006.0,2024-11-01
2024,12,Jawa Barat,Total Pendapatan Daerah,0.0,2024-12-01
2025,1,Jawa Barat,Total Pendapatan Daerah,3216056535460.0,2025-01-01
2025,2,Jawa Barat,Total Pendapatan Daerah,1517437604552.0,2025-02-01
2025,3,Jawa Barat,Total Pendapatan Daerah,1823916792170.0,2025-03-01
2025,4,Jawa Barat,Total Pendapatan Daerah,3329136596249.0,2025-04-01
2025,5,Jawa Barat,Total Pendapatan Daerah,1895449452864.0,2025-05-01
2025,6,Jawa Barat,Total Pendapatan Daerah,2464264479186.0,2025-06-01
2025,7,Jawa Barat,Total Pendapatan Daerah,2255444266991.0,2025-07-01
2025,8,Jawa Barat,Total Pendapatan Daerah,3484555976435.0,2025-08-01
2025,9,Jawa Barat,Total Pendapatan Daerah,1706433743969.0,2025-09-01
2025,10,Jawa Barat,Total Pendapatan Daerah,3096806181180.0,2025-10-01
2025,11,Jawa Barat,Total Pendapatan Daerah,1841095154242.0,2025-11-01
2025,12,Jawa Barat,Total Pendapatan Daerah,2778433137824.0,2025-12-01
2021,1,Jawa Barat,Transfer ke Daerah dan Dana Desa (TKDD),16577293915554.0,2021-01-01
2021,2,Jawa Barat,Transfer ke Daerah dan Dana Desa (TKDD),0.0,2021-02-01
2021,3,Jawa Barat,Transfer ke Daerah dan Dana Desa (TKDD),0.0,2021-03-01
2021,4,Jawa Barat,Transfer ke Daerah dan Dana Desa (TKDD),0.0,2021-04-01
2021,5,Jawa Barat,Transfer ke Daerah dan Dana Desa (TKDD),0.0,2021-05-01
2021,6,Jawa Barat,Transfer ke Daerah dan Dana Desa (TKDD),0.0,2021-06-01
2021,7,Jawa Barat,Transfer ke Daerah dan Dana Desa (TKDD),0.0,2021-07-01
2021,8,Jawa Barat,Transfer ke Daerah dan Dana Desa (TKDD),0.0,2021-08-01
2021,9,Jawa Barat,Transfer ke Daerah dan Dana Desa (TKDD),0.0,2021-09-01
2021,10,Jawa Barat,Transfer ke Daerah dan Dana Desa (TKDD),0.0,2021-10-01
2021,11,Jawa Barat,Transfer ke Daerah dan Dana Desa (TKDD),0.0,2021-11-01
2021,12,Jawa Barat,Transfer ke Daerah dan Dana Desa (TKDD),0.0,2021-12-01
2022,1,Jawa Barat,Transfer ke Daerah dan Dana Desa (TKDD),9860664924368.0,2022-01-01
2022,2,Jawa Barat,Transfer ke Daerah dan Dana Desa (TKDD),0.0,2022-02-01
2022,3,Jawa Barat,Transfer ke Daerah dan Dana Desa (TKDD),0.0,2022-03-01
2022,4,Jawa Barat,Transfer ke Daerah dan Dana Desa (TKDD),0.0,2022-04-01
2022,5,Jawa Barat,Transfer ke Daerah dan Dana Desa (TKDD),0.0,2022-05-01
2022,6,Jawa Barat,Transfer ke Daerah dan Dana Desa (TKDD),0.0,2022-06-01
2022,7,Jawa Barat,Transfer ke Daerah dan Dana Desa (TKDD),0.0,2022-07-01
2022,8,Jawa Barat,Transfer ke Daerah dan Dana Desa (TKDD),0.0,2022-08-01
2022,9,Jawa Barat,Transfer ke Daerah dan Dana Desa (TKDD),0.0,2022-09-01
2022,10,Jawa Barat,Transfer ke Daerah dan Dana Desa (TKDD),0.0,2022-10-01
2022,11,Jawa Barat,Transfer ke Daerah dan Dana Desa (TKDD),0.0,2022-11-01
2022,12,Jawa Barat,Transfer ke Daerah dan Dana Desa (TKDD),0.0,2022-12-01
2023,1,Jawa Barat,Transfer ke Daerah dan Dana Desa (TKDD),0.0,2023-01-01
2023,2,Jawa Barat,Transfer ke Daerah dan Dana Desa (TKDD),998561634400.0,2023-02-01
2023,3,Jawa Barat,Transfer ke Daerah dan Dana Desa (TKDD),1266332481601.0,2023-03-01
2023,4,Jawa Barat,Transfer ke Daerah dan Dana Desa (TKDD),974661535817.0,2023-04-01
2023,5,Jawa Barat,Transfer ke Daerah dan Dana Desa (TKDD),0.0,2023-05-01
2023,6,Jawa Barat,Transfer ke Daerah dan Dana Desa (TKDD),1100961617456.0,2023-06-01
2023,7,Jawa Barat,Transfer ke Daerah dan Dana Desa (TKDD),0.0,2023-07-01
2023,8,Jawa Barat,Transfer ke Daerah dan Dana Desa (TKDD),0.0,2023-08-01
2023,9,Jawa Barat,Transfer ke Daerah dan Dana Desa (TKDD),0.0,2023-09-01
2023,10,Jawa Barat,Transfer ke Daerah dan Dana Desa (TKDD),0.0,2023-10-01
2023,11,Jawa Barat,Transfer ke Daerah dan Dana Desa (TKDD),1193553246211.0,2023-11-01
2023,12,Jawa Barat,Transfer ke Daerah dan Dana Desa (TKDD),4636255601185.0,2023-12-01
2024,1,Jawa Barat,Transfer ke Daerah dan Dana Desa (TKDD),2649033829038.0,2024-01-01
2024,2,Jawa Barat,Transfer ke Daerah dan Dana Desa (TKDD),301439803600.0,2024-02-01
2024,3,Jawa Barat,Transfer ke Daerah dan Dana Desa (TKDD),1027674857045.0,2024-03-01
2024,4,Jawa Barat,Transfer ke Daerah dan Dana Desa (TKDD),443556828766.0,2024-04-01
2024,5,Jawa Barat,Transfer ke Daerah dan Dana Desa (TKDD),1342111093300.0,2024-05-01
2024,6,Jawa Barat,Transfer ke Daerah dan Dana Desa (TKDD),92926725937.0,2024-06-01
2024,7,Jawa Barat,Transfer ke Daerah dan Dana Desa (TKDD),2356134104242.0,2024-07-01
2024,8,Jawa Barat,Transfer ke Daerah dan Dana Desa (TKDD),2109581349484.0,2024-08-01
2024,9,Jawa Barat,Transfer ke Daerah dan Dana Desa (TKDD),0.0,2024-09-01
2024,10,Jawa Barat,Transfer ke Daerah dan Dana Desa (TKDD),677352148607.0,2024-10-01
2024,11,Jawa Barat,Transfer ke Daerah dan Dana Desa (TKDD),0.0,2024-11-01
2024,12,Jawa Barat,Transfer ke Daerah dan Dana Desa (TKDD),352725610440.0,2024-12-01
2025,1,Jawa Barat,Transfer ke Daerah dan Dana Desa (TKDD),2185433683000.0,2025-01-01
2025,2,Jawa Barat,Transfer ke Daerah dan Dana Desa (TKDD),499933535598.0,2025-02-01
2025,3,Jawa Barat,Transfer ke Daerah dan Dana Desa (TKDD),629972449038.0,2025-03-01
2025,4,Jawa Barat,Transfer ke Daerah dan Dana Desa (TKDD),697196341300.0,2025-04-01
2025,5,Jawa Barat,Transfer ke Daerah dan Dana Desa (TKDD),417598522983.0,2025-05-01
2025,6,Jawa Barat,Transfer ke Daerah dan Dana Desa (TKDD),1019421555100.0,2025-06-01
2025,7,Jawa Barat,Transfer ke Daerah dan Dana Desa (TKDD),478997073000.0,2025-07-01
2025,8,Jawa Barat,Transfer ke Daerah dan Dana Desa (TKDD),2388408313800.0,2025-08-01
2025,9,Jawa Barat,Transfer ke Daerah dan Dana Desa (TKDD),599893667699.0,2025-09-01
2025,10,Jawa Barat,Transfer ke Daerah dan Dana Desa (TKDD),1057284380644.0,2025-10-01
2025,11,Jawa Barat,Transfer ke Daerah dan Dana Desa (TKDD),782911287627.0,2025-11-01
2025,12,Jawa Barat,Transfer ke Daerah dan Dana Desa (TKDD),540606483574.0,2025-12-01
2021,1,Jawa Tengah,Belanja Modal,1447620411245.0,2021-01-01
2021,2,Jawa Tengah,Belanja Modal,0.0,2021-02-01
2021,3,Jawa Tengah,Belanja Modal,0.0,2021-03-01
2021,4,Jawa Tengah,Belanja Modal,0.0,2021-04-01
2021,5,Jawa Tengah,Belanja Modal,0.0,2021-05-01
2021,6,Jawa Tengah,Belanja Modal,0.0,2021-06-01
2021,7,Jawa Tengah,Belanja Modal,0.0,2021-07-01
2021,8,Jawa Tengah,Belanja Modal,0.0,2021-08-01
2021,9,Jawa Tengah,Belanja Modal,0.0,2021-09-01
2021,10,Jawa Tengah,Belanja Modal,0.0,2021-10-01
2021,11,Jawa Tengah,Belanja Modal,0.0,2021-11-01
2021,12,Jawa Tengah,Belanja Modal,0.0,2021-12-01
2022,1,Jawa Tengah,Belanja Modal,1713641630081.0,2022-01-01
2022,2,Jawa Tengah,Belanja Modal,0.0,2022-02-01
2022,3,Jawa Tengah,Belanja Modal,0.0,2022-03-01
2022,4,Jawa Tengah,Belanja Modal,0.0,2022-04-01
2022,5,Jawa Tengah,Belanja Modal,0.0,2022-05-01
2022,6,Jawa Tengah,Belanja Modal,0.0,2022-06-01
2022,7,Jawa Tengah,Belanja Modal,0.0,2022-07-01
2022,8,Jawa Tengah,Belanja Modal,0.0,2022-08-01
2022,9,Jawa Tengah,Belanja Modal,0.0,2022-09-01
2022,10,Jawa Tengah,Belanja Modal,0.0,2022-10-01
2022,11,Jawa Tengah,Belanja Modal,0.0,2022-11-01
2022,12,Jawa Tengah,Belanja Modal,0.0,2022-12-01
2023,1,Jawa Tengah,Belanja Modal,942239452.0,2023-01-01
2023,2,Jawa Tengah,Belanja Modal,11270469208.0,2023-02-01
2023,3,Jawa Tengah,Belanja Modal,37491600956.0,2023-03-01
2023,4,Jawa Tengah,Belanja Modal,84213288323.0,2023-04-01
2023,5,Jawa Tengah,Belanja Modal,0.0,2023-05-01
2023,6,Jawa Tengah,Belanja Modal,96724545293.0,2023-06-01
2023,7,Jawa Tengah,Belanja Modal,430328920524.0,2023-07-01
2023,8,Jawa Tengah,Belanja Modal,112179270793.0,2023-08-01
2023,9,Jawa Tengah,Belanja Modal,119378142238.0,2023-09-01
2023,10,Jawa Tengah,Belanja Modal,179305177834.0,2023-10-01
2023,11,Jawa Tengah,Belanja Modal,191144142322.0,2023-11-01
2023,12,Jawa Tengah,Belanja Modal,448925822428.0,2023-12-01
2024,1,Jawa Tengah,Belanja Modal,1085912217.0,2024-01-01
2024,2,Jawa Tengah,Belanja Modal,4625940523.0,2024-02-01
2024,3,Jawa Tengah,Belanja Modal,74477634137.0,2024-03-01
2024,4,Jawa Tengah,Belanja Modal,82972186046.0,2024-04-01
2024,5,Jawa Tengah,Belanja Modal,235621424421.0,2024-05-01
2024,6,Jawa Tengah,Belanja Modal,95986878140.0,2024-06-01
2024,7,Jawa Tengah,Belanja Modal,127745335766.0,2024-07-01
2024,8,Jawa Tengah,Belanja Modal,384341763348.0,2024-08-01
2024,9,Jawa Tengah,Belanja Modal,127136763589.0,2024-09-01
2024,10,Jawa Tengah,Belanja Modal,109336064796.0,2024-10-01
2024,11,Jawa Tengah,Belanja Modal,123434360589.0,2024-11-01
2024,12,Jawa Tengah,Belanja Modal,366319833422.0,2024-12-01
2025,1,Jawa Tengah,Belanja Modal,258005475.0,2025-01-01
2025,2,Jawa Tengah,Belanja Modal,7798267945.0,2025-02-01
2025,3,Jawa Tengah,Belanja Modal,16259082047.0,2025-03-01
2025,4,Jawa Tengah,Belanja Modal,19902492048.0,2025-04-01
2025,5,Jawa Tengah,Belanja Modal,13066519055.0,2025-05-01
2025,6,Jawa Tengah,Belanja Modal,44400263784.0,2025-06-01
2025,7,Jawa Tengah,Belanja Modal,159485407636.0,2025-07-01
2025,8,Jawa Tengah,Belanja Modal,243760334660.0,2025-08-01
2025,9,Jawa Tengah,Belanja Modal,220887661198.0,2025-09-01
2025,10,Jawa Tengah,Belanja Modal,175319029479.0,2025-10-01
2025,11,Jawa Tengah,Belanja Modal,263916273742.0,2025-11-01
2025,12,Jawa Tengah,Belanja Modal,630505338930.0,2025-12-01
2021,1,Jawa Tengah,Pendapatan Asli Daerah (PAD),14695474898162.0,2021-01-01
2021,2,Jawa Tengah,Pendapatan Asli Daerah (PAD),0.0,2021-02-01
2021,3,Jawa Tengah,Pendapatan Asli Daerah (PAD),0.0,2021-03-01
2021,4,Jawa Tengah,Pendapatan Asli Daerah (PAD),0.0,2021-04-01
2021,5,Jawa Tengah,Pendapatan Asli Daerah (PAD),0.0,2021-05-01
2021,6,Jawa Tengah,Pendapatan Asli Daerah (PAD),0.0,2021-06-01
2021,7,Jawa Tengah,Pendapatan Asli Daerah (PAD),0.0,2021-07-01
2021,8,Jawa Tengah,Pendapatan Asli Daerah (PAD),0.0,2021-08-01
2021,9,Jawa Tengah,Pendapatan Asli Daerah (PAD),0.0,2021-09-01
2021,10,Jawa Tengah,Pendapatan Asli Daerah (PAD),0.0,2021-10-01
2021,11,Jawa Tengah,Pendapatan Asli Daerah (PAD),0.0,2021-11-01
2021,12,Jawa Tengah,Pendapatan Asli Daerah (PAD),0.0,2021-12-01
2022,1,Jawa Tengah,Pendapatan Asli Daerah (PAD),16264618853852.0,2022-01-01
2022,2,Jawa Tengah,Pendapatan Asli Daerah (PAD),0.0,2022-02-01
2022,3,Jawa Tengah,Pendapatan Asli Daerah (PAD),0.0,2022-03-01
2022,4,Jawa Tengah,Pendapatan Asli Daerah (PAD),0.0,2022-04-01
2022,5,Jawa Tengah,Pendapatan Asli Daerah (PAD),0.0,2022-05-01
2022,6,Jawa Tengah,Pendapatan Asli Daerah (PAD),0.0,2022-06-01
2022,7,Jawa Tengah,Pendapatan Asli Daerah (PAD),0.0,2022-07-01
2022,8,Jawa Tengah,Pendapatan Asli Daerah (PAD),0.0,2022-08-01
2022,9,Jawa Tengah,Pendapatan Asli Daerah (PAD),0.0,2022-09-01
2022,10,Jawa Tengah,Pendapatan Asli Daerah (PAD),0.0,2022-10-01
2022,11,Jawa Tengah,Pendapatan Asli Daerah (PAD),0.0,2022-11-01
2022,12,Jawa Tengah,Pendapatan Asli Daerah (PAD),0.0,2022-12-01
2023,1,Jawa Tengah,Pendapatan Asli Daerah (PAD),1136683617557.0,2023-01-01
2023,2,Jawa Tengah,Pendapatan Asli Daerah (PAD),1025889630649.0,2023-02-01
2023,3,Jawa Tengah,Pendapatan Asli Daerah (PAD),1019108144845.0,2023-03-01
2023,4,Jawa Tengah,Pendapatan Asli Daerah (PAD),2156266244648.0,2023-04-01
2023,5,Jawa Tengah,Pendapatan Asli Daerah (PAD),0.0,2023-05-01
2023,6,Jawa Tengah,Pendapatan Asli Daerah (PAD),1065583387838.0,2023-06-01
2023,7,Jawa Tengah,Pendapatan Asli Daerah (PAD),1861523862039.0,2023-07-01
2023,8,Jawa Tengah,Pendapatan Asli Daerah (PAD),1150928933719.0,2023-08-01
2023,9,Jawa Tengah,Pendapatan Asli Daerah (PAD),1187566996811.0,2023-09-01
2023,10,Jawa Tengah,Pendapatan Asli Daerah (PAD),1763707533579.0,2023-10-01
2023,11,Jawa Tengah,Pendapatan Asli Daerah (PAD),1159354503597.0,2023-11-01
2023,12,Jawa Tengah,Pendapatan Asli Daerah (PAD),1827508578110.0,2023-12-01
2024,1,Jawa Tengah,Pendapatan Asli Daerah (PAD),1184683674985.0,2024-01-01
2024,2,Jawa Tengah,Pendapatan Asli Daerah (PAD),1436885836400.0,2024-02-01
2024,3,Jawa Tengah,Pendapatan Asli Daerah (PAD),1107223856609.0,2024-03-01
2024,4,Jawa Tengah,Pendapatan Asli Daerah (PAD),2185788270943.0,2024-04-01
2024,5,Jawa Tengah,Pendapatan Asli Daerah (PAD),1236496621857.0,2024-05-01
2024,6,Jawa Tengah,Pendapatan Asli Daerah (PAD),1122012564704.0,2024-06-01
2024,7,Jawa Tengah,Pendapatan Asli Daerah (PAD),1873760252677.0,2024-07-01
2024,8,Jawa Tengah,Pendapatan Asli Daerah (PAD),1160974702383.0,2024-08-01
2024,9,Jawa Tengah,Pendapatan Asli Daerah (PAD),1170077884337.0,2024-09-01
2024,10,Jawa Tengah,Pendapatan Asli Daerah (PAD),2160729763559.0,2024-10-01
2024,11,Jawa Tengah,Pendapatan Asli Daerah (PAD),1077099237159.0,2024-11-01
2024,12,Jawa Tengah,Pendapatan Asli Daerah (PAD),1935204247891.0,2024-12-01
2025,1,Jawa Tengah,Pendapatan Asli Daerah (PAD),881279617894.0,2025-01-01
2025,2,Jawa Tengah,Pendapatan Asli Daerah (PAD),1128233986206.0,2025-02-01
2025,3,Jawa Tengah,Pendapatan Asli Daerah (PAD),965443698049.0,2025-03-01
2025,4,Jawa Tengah,Pendapatan Asli Daerah (PAD),2022782921811.0,2025-04-01
2025,5,Jawa Tengah,Pendapatan Asli Daerah (PAD),1068834965734.0,2025-05-01
2025,6,Jawa Tengah,Pendapatan Asli Daerah (PAD),1200418292617.0,2025-06-01
2025,7,Jawa Tengah,Pendapatan Asli Daerah (PAD),1583152930139.0,2025-07-01
2025,8,Jawa Tengah,Pendapatan Asli Daerah (PAD),940667889620.0,2025-08-01
2025,9,Jawa Tengah,Pendapatan Asli Daerah (PAD),956013924325.0,2025-09-01
2025,10,Jawa Tengah,Pendapatan Asli Daerah (PAD),1695773416414.0,2025-10-01
2025,11,Jawa Tengah,Pendapatan Asli Daerah (PAD),896669458433.0,2025-11-01
2025,12,Jawa Tengah,Pendapatan Asli Daerah (PAD),1633860777094.0,2025-12-01
2021,1,Jawa Tengah,Total Belanja Daerah,25843800193834.0,2021-01-01
2021,2,Jawa Tengah,Total Belanja Daerah,0.0,2021-02-01
2021,3,Jawa Tengah,Total Belanja Daerah,0.0,2021-03-01
2021,4,Jawa Tengah,Total Belanja Daerah,0.0,2021-04-01
2021,5,Jawa Tengah,Total Belanja Daerah,0.0,2021-05-01
2021,6,Jawa Tengah,Total Belanja Daerah,0.0,2021-06-01
2021,7,Jawa Tengah,Total Belanja Daerah,0.0,2021-07-01
2021,8,Jawa Tengah,Total Belanja Daerah,0.0,2021-08-01
2021,9,Jawa Tengah,Total Belanja Daerah,0.0,2021-09-01
2021,10,Jawa Tengah,Total Belanja Daerah,0.0,2021-10-01
2021,11,Jawa Tengah,Total Belanja Daerah,0.0,2021-11-01
2021,12,Jawa Tengah,Total Belanja Daerah,0.0,2021-12-01
2022,1,Jawa Tengah,Total Belanja Daerah,23950240497405.0,2022-01-01
2022,2,Jawa Tengah,Total Belanja Daerah,0.0,2022-02-01
2022,3,Jawa Tengah,Total Belanja Daerah,0.0,2022-03-01
2022,4,Jawa Tengah,Total Belanja Daerah,0.0,2022-04-01
2022,5,Jawa Tengah,Total Belanja Daerah,0.0,2022-05-01
2022,6,Jawa Tengah,Total Belanja Daerah,0.0,2022-06-01
2022,7,Jawa Tengah,Total Belanja Daerah,0.0,2022-07-01
2022,8,Jawa Tengah,Total Belanja Daerah,0.0,2022-08-01
2022,9,Jawa Tengah,Total Belanja Daerah,0.0,2022-09-01
2022,10,Jawa Tengah,Total Belanja Daerah,0.0,2022-10-01
2022,11,Jawa Tengah,Total Belanja Daerah,0.0,2022-11-01
2022,12,Jawa Tengah,Total Belanja Daerah,0.0,2022-12-01
2023,1,Jawa Tengah,Total Belanja Daerah,521380024747.0,2023-01-01
2023,2,Jawa Tengah,Total Belanja Daerah,1424714251987.0,2023-02-01
2023,3,Jawa Tengah,Total Belanja Daerah,1920769543155.0,2023-03-01
2023,4,Jawa Tengah,Total Belanja Daerah,3048963275540.0,2023-04-01
2023,5,Jawa Tengah,Total Belanja Daerah,0.0,2023-05-01
2023,6,Jawa Tengah,Total Belanja Daerah,1861768810353.0,2023-06-01
2023,7,Jawa Tengah,Total Belanja Daerah,3151746878044.0,2023-07-01
2023,8,Jawa Tengah,Total Belanja Daerah,2259913247389.0,2023-08-01
2023,9,Jawa Tengah,Total Belanja Daerah,1699087300187.0,2023-09-01
2023,10,Jawa Tengah,Total Belanja Daerah,1633491665839.0,2023-10-01
2023,11,Jawa Tengah,Total Belanja Daerah,2556379826917.0,2023-11-01
2023,12,Jawa Tengah,Total Belanja Daerah,4067899696196.0,2023-12-01
2024,1,Jawa Tengah,Total Belanja Daerah,1620371768615.0,2024-01-01
2024,2,Jawa Tengah,Total Belanja Daerah,1389188875237.0,2024-02-01
2024,3,Jawa Tengah,Total Belanja Daerah,1940231799873.0,2024-03-01
2024,4,Jawa Tengah,Total Belanja Daerah,1917488703745.0,2024-04-01
2024,5,Jawa Tengah,Total Belanja Daerah,2726558124304.0,2024-05-01
2024,6,Jawa Tengah,Total Belanja Daerah,1802930209579.0,2024-06-01
2024,7,Jawa Tengah,Total Belanja Daerah,3255244228818.0,2024-07-01
2024,8,Jawa Tengah,Total Belanja Daerah,2754850037519.0,2024-08-01
2024,9,Jawa Tengah,Total Belanja Daerah,1709377151030.0,2024-09-01
2024,10,Jawa Tengah,Total Belanja Daerah,2382846431566.0,2024-10-01
2024,11,Jawa Tengah,Total Belanja Daerah,2025562268209.0,2024-11-01
2024,12,Jawa Tengah,Total Belanja Daerah,3662476899308.0,2024-12-01
2025,1,Jawa Tengah,Total Belanja Daerah,1632365542830.0,2025-01-01
2025,2,Jawa Tengah,Total Belanja Daerah,884938021701.0,2025-02-01
2025,3,Jawa Tengah,Total Belanja Daerah,1751874084955.0,2025-03-01
2025,4,Jawa Tengah,Total Belanja Daerah,1144085701721.0,2025-04-01
2025,5,Jawa Tengah,Total Belanja Daerah,2486900596370.0,2025-05-01
2025,6,Jawa Tengah,Total Belanja Daerah,1761197246885.0,2025-06-01
2025,7,Jawa Tengah,Total Belanja Daerah,2102461998616.0,2025-07-01
2025,8,Jawa Tengah,Total Belanja Daerah,2842960743686.0,2025-08-01
2025,9,Jawa Tengah,Total Belanja Daerah,1638631190282.0,2025-09-01
2025,10,Jawa Tengah,Total Belanja Daerah,2220601725685.0,2025-10-01
2025,11,Jawa Tengah,Total Belanja Daerah,1959364216031.0,2025-11-01
2025,12,Jawa Tengah,Total Belanja Daerah,3446457060494.0,2025-12-01
2021,1,Jawa Tengah,Total Pendapatan Daerah,26633000085963.0,2021-01-01
2021,2,Jawa Tengah,Total Pendapatan Daerah,0.0,2021-02-01
2021,3,Jawa Tengah,Total Pendapatan Daerah,0.0,2021-03-01
2021,4,Jawa Tengah,Total Pendapatan Daerah,0.0,2021-04-01
2021,5,Jawa Tengah,Total Pendapatan Daerah,0.0,2021-05-01
2021,6,Jawa Tengah,Total Pendapatan Daerah,0.0,2021-06-01
2021,7,Jawa Tengah,Total Pendapatan Daerah,0.0,2021-07-01
2021,8,Jawa Tengah,Total Pendapatan Daerah,0.0,2021-08-01
2021,9,Jawa Tengah,Total Pendapatan Daerah,0.0,2021-09-01
2021,10,Jawa Tengah,Total Pendapatan Daerah,0.0,2021-10-01
2021,11,Jawa Tengah,Total Pendapatan Daerah,0.0,2021-11-01
2021,12,Jawa Tengah,Total Pendapatan Daerah,0.0,2021-12-01
2022,1,Jawa Tengah,Total Pendapatan Daerah,24167935634127.0,2022-01-01
2022,2,Jawa Tengah,Total Pendapatan Daerah,0.0,2022-02-01
2022,3,Jawa Tengah,Total Pendapatan Daerah,0.0,2022-03-01
2022,4,Jawa Tengah,Total Pendapatan Daerah,0.0,2022-04-01
2022,5,Jawa Tengah,Total Pendapatan Daerah,0.0,2022-05-01
2022,6,Jawa Tengah,Total Pendapatan Daerah,0.0,2022-06-01
2022,7,Jawa Tengah,Total Pendapatan Daerah,0.0,2022-07-01
2022,8,Jawa Tengah,Total Pendapatan Daerah,0.0,2022-08-01
2022,9,Jawa Tengah,Total Pendapatan Daerah,0.0,2022-09-01
2022,10,Jawa Tengah,Total Pendapatan Daerah,0.0,2022-10-01
2022,11,Jawa Tengah,Total Pendapatan Daerah,0.0,2022-11-01
2022,12,Jawa Tengah,Total Pendapatan Daerah,0.0,2022-12-01
2023,1,Jawa Tengah,Total Pendapatan Daerah,1383747780557.0,2023-01-01
2023,2,Jawa Tengah,Total Pendapatan Daerah,1762339935553.0,2023-02-01
2023,3,Jawa Tengah,Total Pendapatan Daerah,2244092544488.0,2023-03-01
2023,4,Jawa Tengah,Total Pendapatan Daerah,2872851875716.0,2023-04-01
2023,5,Jawa Tengah,Total Pendapatan Daerah,0.0,2023-05-01
2023,6,Jawa Tengah,Total Pendapatan Daerah,1323274607667.0,2023-06-01
2023,7,Jawa Tengah,Total Pendapatan Daerah,3851029376536.0,2023-07-01
2023,8,Jawa Tengah,Total Pendapatan Daerah,1467153566669.0,2023-08-01
2023,9,Jawa Tengah,Total Pendapatan Daerah,1668537639561.0,2023-09-01
2023,10,Jawa Tengah,Total Pendapatan Daerah,2730331907580.0,2023-10-01
2023,11,Jawa Tengah,Total Pendapatan Daerah,1613704410204.0,2023-11-01
2023,12,Jawa Tengah,Total Pendapatan Daerah,2501795914290.0,2023-12-01
2024,1,Jawa Tengah,Total Pendapatan Daerah,2829434783559.0,2024-01-01
2024,2,Jawa Tengah,Total Pendapatan Daerah,1739351419914.0,2024-02-01
2024,3,Jawa Tengah,Total Pendapatan Daerah,1663792478189.0,2024-03-01
2024,4,Jawa Tengah,Total Pendapatan Daerah,2559296057235.0,2024-04-01
2024,5,Jawa Tengah,Total Pendapatan Daerah,1944265062956.0,2024-05-01
2024,6,Jawa Tengah,Total Pendapatan Daerah,1941627642204.0,2024-06-01
2024,7,Jawa Tengah,Total Pendapatan Daerah,2389191548782.0,2024-07-01
2024,8,Jawa Tengah,Total Pendapatan Daerah,2611968542804.0,2024-08-01
2024,9,Jawa Tengah,Total Pendapatan Daerah,1669428639165.0,2024-09-01
2024,10,Jawa Tengah,Total Pendapatan Daerah,3040733613968.0,2024-10-01
2024,11,Jawa Tengah,Total Pendapatan Daerah,1641514104239.0,2024-11-01
2024,12,Jawa Tengah,Total Pendapatan Daerah,2348115733404.0,2024-12-01
2025,1,Jawa Tengah,Total Pendapatan Daerah,2547228089994.0,2025-01-01
2025,2,Jawa Tengah,Total Pendapatan Daerah,1128803895376.0,2025-02-01
2025,3,Jawa Tengah,Total Pendapatan Daerah,1883697027699.0,2025-03-01
2025,4,Jawa Tengah,Total Pendapatan Daerah,2645305877196.0,2025-04-01
2025,5,Jawa Tengah,Total Pendapatan Daerah,1506531943735.0,2025-05-01
2025,6,Jawa Tengah,Total Pendapatan Daerah,1628852039772.0,2025-06-01
2025,7,Jawa Tengah,Total Pendapatan Daerah,2449939730528.0,2025-07-01
2025,8,Jawa Tengah,Total Pendapatan Daerah,2128812817473.0,2025-08-01
2025,9,Jawa Tengah,Total Pendapatan Daerah,1651096767794.0,2025-09-01
2025,10,Jawa Tengah,Total Pendapatan Daerah,2543479344910.0,2025-10-01
2025,11,Jawa Tengah,Total Pendapatan Daerah,1264149948186.0,2025-11-01
2025,12,Jawa Tengah,Total Pendapatan Daerah,2384071495214.0,2025-12-01
2021,1,Jawa Tengah,Transfer ke Daerah dan Dana Desa (TKDD),11871796336054.0,2021-01-01
2021,2,Jawa Tengah,Transfer ke Daerah dan Dana Desa (TKDD),0.0,2021-02-01
2021,3,Jawa Tengah,Transfer ke Daerah dan Dana Desa (TKDD),0.0,2021-03-01
2021,4,Jawa Tengah,Transfer ke Daerah dan Dana Desa (TKDD),0.0,2021-04-01
2021,5,Jawa Tengah,Transfer ke Daerah dan Dana Desa (TKDD),0.0,2021-05-01
2021,6,Jawa Tengah,Transfer ke Daerah dan Dana Desa (TKDD),0.0,2021-06-01
2021,7,Jawa Tengah,Transfer ke Daerah dan Dana Desa (TKDD),0.0,2021-07-01
2021,8,Jawa Tengah,Transfer ke Daerah dan Dana Desa (TKDD),0.0,2021-08-01
2021,9,Jawa Tengah,Transfer ke Daerah dan Dana Desa (TKDD),0.0,2021-09-01
2021,10,Jawa Tengah,Transfer ke Daerah dan Dana Desa (TKDD),0.0,2021-10-01
2021,11,Jawa Tengah,Transfer ke Daerah dan Dana Desa (TKDD),0.0,2021-11-01
2021,12,Jawa Tengah,Transfer ke Daerah dan Dana Desa (TKDD),0.0,2021-12-01
2022,1,Jawa Tengah,Transfer ke Daerah dan Dana Desa (TKDD),7810882578787.0,2022-01-01
2022,2,Jawa Tengah,Transfer ke Daerah dan Dana Desa (TKDD),0.0,2022-02-01
2022,3,Jawa Tengah,Transfer ke Daerah dan Dana Desa (TKDD),0.0,2022-03-01
2022,4,Jawa Tengah,Transfer ke Daerah dan Dana Desa (TKDD),0.0,2022-04-01
2022,5,Jawa Tengah,Transfer ke Daerah dan Dana Desa (TKDD),0.0,2022-05-01
2022,6,Jawa Tengah,Transfer ke Daerah dan Dana Desa (TKDD),0.0,2022-06-01
2022,7,Jawa Tengah,Transfer ke Daerah dan Dana Desa (TKDD),0.0,2022-07-01
2022,8,Jawa Tengah,Transfer ke Daerah dan Dana Desa (TKDD),0.0,2022-08-01
2022,9,Jawa Tengah,Transfer ke Daerah dan Dana Desa (TKDD),0.0,2022-09-01
2022,10,Jawa Tengah,Transfer ke Daerah dan Dana Desa (TKDD),0.0,2022-10-01
2022,11,Jawa Tengah,Transfer ke Daerah dan Dana Desa (TKDD),0.0,2022-11-01
2022,12,Jawa Tengah,Transfer ke Daerah dan Dana Desa (TKDD),0.0,2022-12-01
2023,1,Jawa Tengah,Transfer ke Daerah dan Dana Desa (TKDD),247062163000.0,2023-01-01
2023,2,Jawa Tengah,Transfer ke Daerah dan Dana Desa (TKDD),736450304904.0,2023-02-01
2023,3,Jawa Tengah,Transfer ke Daerah dan Dana Desa (TKDD),1224984399643.0,2023-03-01
2023,4,Jawa Tengah,Transfer ke Daerah dan Dana Desa (TKDD),716585631068.0,2023-04-01
2023,5,Jawa Tengah,Transfer ke Daerah dan Dana Desa (TKDD),0.0,2023-05-01
2023,6,Jawa Tengah,Transfer ke Daerah dan Dana Desa (TKDD),245952969829.0,2023-06-01
2023,7,Jawa Tengah,Transfer ke Daerah dan Dana Desa (TKDD),1987523289497.0,2023-07-01
2023,8,Jawa Tengah,Transfer ke Daerah dan Dana Desa (TKDD),314268257950.0,2023-08-01
2023,9,Jawa Tengah,Transfer ke Daerah dan Dana Desa (TKDD),479014267750.0,2023-09-01
2023,10,Jawa Tengah,Transfer ke Daerah dan Dana Desa (TKDD),964652999001.0,2023-10-01
2023,11,Jawa Tengah,Transfer ke Daerah dan Dana Desa (TKDD),452393531607.0,2023-11-01
2023,12,Jawa Tengah,Transfer ke Daerah dan Dana Desa (TKDD),617833387872.0,2023-12-01
2024,1,Jawa Tengah,Transfer ke Daerah dan Dana Desa (TKDD),1644748101000.0,2024-01-01
2024,2,Jawa Tengah,Transfer ke Daerah dan Dana Desa (TKDD),302463830500.0,2024-02-01
2024,3,Jawa Tengah,Transfer ke Daerah dan Dana Desa (TKDD),556197479112.0,2024-03-01
2024,4,Jawa Tengah,Transfer ke Daerah dan Dana Desa (TKDD),373507786292.0,2024-04-01
2024,5,Jawa Tengah,Transfer ke Daerah dan Dana Desa (TKDD),707628441099.0,2024-05-01
2024,6,Jawa Tengah,Transfer ke Daerah dan Dana Desa (TKDD),819615077500.0,2024-06-01
2024,7,Jawa Tengah,Transfer ke Daerah dan Dana Desa (TKDD),515431296105.0,2024-07-01
2024,8,Jawa Tengah,Transfer ke Daerah dan Dana Desa (TKDD),1433931592421.0,2024-08-01
2024,9,Jawa Tengah,Transfer ke Daerah dan Dana Desa (TKDD),497044373828.0,2024-09-01
2024,10,Jawa Tengah,Transfer ke Daerah dan Dana Desa (TKDD),877867279345.0,2024-10-01
2024,11,Jawa Tengah,Transfer ke Daerah dan Dana Desa (TKDD),562282086080.0,2024-11-01
2024,12,Jawa Tengah,Transfer ke Daerah dan Dana Desa (TKDD),410721523513.0,2024-12-01
2025,1,Jawa Tengah,Transfer ke Daerah dan Dana Desa (TKDD),1665948472100.0,2025-01-01
2025,2,Jawa Tengah,Transfer ke Daerah dan Dana Desa (TKDD),540171170.0,2025-02-01
2025,3,Jawa Tengah,Transfer ke Daerah dan Dana Desa (TKDD),918236861229.0,2025-03-01
2025,4,Jawa Tengah,Transfer ke Daerah dan Dana Desa (TKDD),622518905385.0,2025-04-01
2025,5,Jawa Tengah,Transfer ke Daerah dan Dana Desa (TKDD),346814338120.0,2025-05-01
2025,6,Jawa Tengah,Transfer ke Daerah dan Dana Desa (TKDD),428333747155.0,2025-06-01
2025,7,Jawa Tengah,Transfer ke Daerah dan Dana Desa (TKDD),866649554069.0,2025-07-01
2025,8,Jawa Tengah,Transfer ke Daerah dan Dana Desa (TKDD),1173266742853.0,2025-08-01
2025,9,Jawa Tengah,Transfer ke Daerah dan Dana Desa (TKDD),690831933469.0,2025-09-01
2025,10,Jawa Tengah,Transfer ke Daerah dan Dana Desa (TKDD),845580473496.0,2025-10-01
2025,11,Jawa Tengah,Transfer ke Daerah dan Dana Desa (TKDD),367480489753.0,2025-11-01
2025,12,Jawa Tengah,Transfer ke Daerah dan Dana Desa (TKDD),699162067709.0,2025-12-01
2021,1,Jawa Timur,Belanja Modal,1969920805388.0,2021-01-01
2021,2,Jawa Timur,Belanja Modal,0.0,2021-02-01
2021,3,Jawa Timur,Belanja Modal,0.0,2021-03-01
2021,4,Jawa Timur,Belanja Modal,0.0,2021-04-01
2021,5,Jawa Timur,Belanja Modal,0.0,2021-05-01
2021,6,Jawa Timur,Belanja Modal,0.0,2021-06-01
2021,7,Jawa Timur,Belanja Modal,0.0,2021-07-01
2021,8,Jawa Timur,Belanja Modal,0.0,2021-08-01
2021,9,Jawa Timur,Belanja Modal,0.0,2021-09-01
2021,10,Jawa Timur,Belanja Modal,0.0,2021-10-01
2021,11,Jawa Timur,Belanja Modal,0.0,2021-11-01
2021,12,Jawa Timur,Belanja Modal,0.0,2021-12-01
2022,1,Jawa Timur,Belanja Modal,2505994499065.6,2022-01-01
2022,2,Jawa Timur,Belanja Modal,0.0,2022-02-01
2022,3,Jawa Timur,Belanja Modal,0.0,2022-03-01
2022,4,Jawa Timur,Belanja Modal,0.0,2022-04-01
2022,5,Jawa Timur,Belanja Modal,0.0,2022-05-01
2022,6,Jawa Timur,Belanja Modal,0.0,2022-06-01
2022,7,Jawa Timur,Belanja Modal,0.0,2022-07-01
2022,8,Jawa Timur,Belanja Modal,0.0,2022-08-01
2022,9,Jawa Timur,Belanja Modal,0.0,2022-09-01
2022,10,Jawa Timur,Belanja Modal,0.0,2022-10-01
2022,11,Jawa Timur,Belanja Modal,0.0,2022-11-01
2022,12,Jawa Timur,Belanja Modal,0.0,2022-12-01
2023,1,Jawa Timur,Belanja Modal,257068990.0,2023-01-01
2023,2,Jawa Timur,Belanja Modal,2875757191.0,2023-02-01
2023,3,Jawa Timur,Belanja Modal,10900454715.0,2023-03-01
2023,4,Jawa Timur,Belanja Modal,31618236387.0,2023-04-01
2023,5,Jawa Timur,Belanja Modal,0.0,2023-05-01
2023,6,Jawa Timur,Belanja Modal,116403177056.0,2023-06-01
2023,7,Jawa Timur,Belanja Modal,95209376583.0,2023-07-01
2023,8,Jawa Timur,Belanja Modal,147770748969.0,2023-08-01
2023,9,Jawa Timur,Belanja Modal,291171224063.0,2023-09-01
2023,10,Jawa Timur,Belanja Modal,161713551231.0,2023-10-01
2023,11,Jawa Timur,Belanja Modal,303079165078.0,2023-11-01
2023,12,Jawa Timur,Belanja Modal,1428473043479.7002,2023-12-01
2024,1,Jawa Timur,Belanja Modal,376517917.0,2024-01-01
2024,2,Jawa Timur,Belanja Modal,6975563760.0,2024-02-01
2024,3,Jawa Timur,Belanja Modal,32394036053.0,2024-03-01
2024,4,Jawa Timur,Belanja Modal,18031632577.0,2024-04-01
2024,5,Jawa Timur,Belanja Modal,95079279084.0,2024-05-01
2024,6,Jawa Timur,Belanja Modal,79177315319.0,2024-06-01
2024,7,Jawa Timur,Belanja Modal,127701897593.0,2024-07-01
2024,8,Jawa Timur,Belanja Modal,136600296702.0,2024-08-01
2024,9,Jawa Timur,Belanja Modal,249353759535.0,2024-09-01
2024,10,Jawa Timur,Belanja Modal,211467958544.0,2024-10-01
2024,11,Jawa Timur,Belanja Modal,392138009951.5,2024-11-01
2024,12,Jawa Timur,Belanja Modal,958328082195.6001,2024-12-01
2025,1,Jawa Timur,Belanja Modal,31914620.0,2025-01-01
2025,2,Jawa Timur,Belanja Modal,1967658708.0,2025-02-01
2025,3,Jawa Timur,Belanja Modal,29981290867.0,2025-03-01
2025,4,Jawa Timur,Belanja Modal,76179174313.0,2025-04-01
2025,5,Jawa Timur,Belanja Modal,71499626682.0,2025-05-01
2025,6,Jawa Timur,Belanja Modal,77451741861.0,2025-06-01
2025,7,Jawa Timur,Belanja Modal,303508761794.0,2025-07-01
2025,8,Jawa Timur,Belanja Modal,167298029064.0,2025-08-01
2025,9,Jawa Timur,Belanja Modal,151445506029.92004,2025-09-01
2025,10,Jawa Timur,Belanja Modal,166454792711.97998,2025-10-01
2025,11,Jawa Timur,Belanja Modal,518142887091.1,2025-11-01
2025,12,Jawa Timur,Belanja Modal,211438205476.0,2025-12-01
2021,1,Jawa Timur,Pendapatan Asli Daerah (PAD),18935885925146.0,2021-01-01
2021,2,Jawa Timur,Pendapatan Asli Daerah (PAD),0.0,2021-02-01
2021,3,Jawa Timur,Pendapatan Asli Daerah (PAD),0.0,2021-03-01
2021,4,Jawa Timur,Pendapatan Asli Daerah (PAD),0.0,2021-04-01
2021,5,Jawa Timur,Pendapatan Asli Daerah (PAD),0.0,2021-05-01
2021,6,Jawa Timur,Pendapatan Asli Daerah (PAD),0.0,2021-06-01
2021,7,Jawa Timur,Pendapatan Asli Daerah (PAD),0.0,2021-07-01
2021,8,Jawa Timur,Pendapatan Asli Daerah (PAD),0.0,2021-08-01
2021,9,Jawa Timur,Pendapatan Asli Daerah (PAD),0.0,2021-09-01
2021,10,Jawa Timur,Pendapatan Asli Daerah (PAD),0.0,2021-10-01
2021,11,Jawa Timur,Pendapatan Asli Daerah (PAD),0.0,2021-11-01
2021,12,Jawa Timur,Pendapatan Asli Daerah (PAD),0.0,2021-12-01
2022,1,Jawa Timur,Pendapatan Asli Daerah (PAD),21256651207716.0,2022-01-01
2022,2,Jawa Timur,Pendapatan Asli Daerah (PAD),0.0,2022-02-01
2022,3,Jawa Timur,Pendapatan Asli Daerah (PAD),0.0,2022-03-01
2022,4,Jawa Timur,Pendapatan Asli Daerah (PAD),0.0,2022-04-01
2022,5,Jawa Timur,Pendapatan Asli Daerah (PAD),0.0,2022-05-01
2022,6,Jawa Timur,Pendapatan Asli Daerah (PAD),0.0,2022-06-01
2022,7,Jawa Timur,Pendapatan Asli Daerah (PAD),0.0,2022-07-01
2022,8,Jawa Timur,Pendapatan Asli Daerah (PAD),0.0,2022-08-01
2022,9,Jawa Timur,Pendapatan Asli Daerah (PAD),0.0,2022-09-01
2022,10,Jawa Timur,Pendapatan Asli Daerah (PAD),0.0,2022-10-01
2022,11,Jawa Timur,Pendapatan Asli Daerah (PAD),0.0,2022-11-01
2022,12,Jawa Timur,Pendapatan Asli Daerah (PAD),0.0,2022-12-01
2023,1,Jawa Timur,Pendapatan Asli Daerah (PAD),1564528717218.0,2023-01-01
2023,2,Jawa Timur,Pendapatan Asli Daerah (PAD),1331297261551.7998,2023-02-01
2023,3,Jawa Timur,Pendapatan Asli Daerah (PAD),1493256617308.2002,2023-03-01
2023,4,Jawa Timur,Pendapatan Asli Daerah (PAD),2556566539839.5996,2023-04-01
2023,5,Jawa Timur,Pendapatan Asli Daerah (PAD),0.0,2023-05-01
2023,6,Jawa Timur,Pendapatan Asli Daerah (PAD),1512369016760.6006,2023-06-01
2023,7,Jawa Timur,Pendapatan Asli Daerah (PAD),2378940117341.8,2023-07-01
2023,8,Jawa Timur,Pendapatan Asli Daerah (PAD),1610905330272.0,2023-08-01
2023,9,Jawa Timur,Pendapatan Asli Daerah (PAD),1559041407955.0,2023-09-01
2023,10,Jawa Timur,Pendapatan Asli Daerah (PAD),2373470933418.0,2023-10-01
2023,11,Jawa Timur,Pendapatan Asli Daerah (PAD),1615001544422.0,2023-11-01
2023,12,Jawa Timur,Pendapatan Asli Daerah (PAD),2327187353512.0,2023-12-01
2024,1,Jawa Timur,Pendapatan Asli Daerah (PAD),1621213137081.5,2024-01-01
2024,2,Jawa Timur,Pendapatan Asli Daerah (PAD),1451747687621.9,2024-02-01
2024,3,Jawa Timur,Pendapatan Asli Daerah (PAD),1950647362149.5005,2024-03-01
2024,4,Jawa Timur,Pendapatan Asli Daerah (PAD),2659568153426.5,2024-04-01
2024,5,Jawa Timur,Pendapatan Asli Daerah (PAD),1607923231010.0996,2024-05-01
2024,6,Jawa Timur,Pendapatan Asli Daerah (PAD),1596414036396.5,2024-06-01
2024,7,Jawa Timur,Pendapatan Asli Daerah (PAD),2470735176102.0,2024-07-01
2024,8,Jawa Timur,Pendapatan Asli Daerah (PAD),1864548421491.0,2024-08-01
2024,9,Jawa Timur,Pendapatan Asli Daerah (PAD),1560581318707.0,2024-09-01
2024,10,Jawa Timur,Pendapatan Asli Daerah (PAD),2545860739511.0,2024-10-01
2024,11,Jawa Timur,Pendapatan Asli Daerah (PAD),1754430767962.0,2024-11-01
2024,12,Jawa Timur,Pendapatan Asli Daerah (PAD),2371027598583.0,2024-12-01
2025,1,Jawa Timur,Pendapatan Asli Daerah (PAD),1110742715315.7,2025-01-01
2025,2,Jawa Timur,Pendapatan Asli Daerah (PAD),1116454903406.3,2025-02-01
2025,3,Jawa Timur,Pendapatan Asli Daerah (PAD),1233600042372.6,2025-03-01
2025,4,Jawa Timur,Pendapatan Asli Daerah (PAD),2301385739462.4,2025-04-01
2025,5,Jawa Timur,Pendapatan Asli Daerah (PAD),1222720211246.0996,2025-05-01
2025,6,Jawa Timur,Pendapatan Asli Daerah (PAD),1590483410330.5,2025-06-01
2025,7,Jawa Timur,Pendapatan Asli Daerah (PAD),2117642273627.4004,2025-07-01
2025,8,Jawa Timur,Pendapatan Asli Daerah (PAD),1255429012620.0,2025-08-01
2025,9,Jawa Timur,Pendapatan Asli Daerah (PAD),1181051737280.0,2025-09-01
2025,10,Jawa Timur,Pendapatan Asli Daerah (PAD),2044083128948.0,2025-10-01
2025,11,Jawa Timur,Pendapatan Asli Daerah (PAD),1273585348134.0,2025-11-01
2025,12,Jawa Timur,Pendapatan Asli Daerah (PAD),143637400.0,2025-12-01
2021,1,Jawa Timur,Total Belanja Daerah,33852938529602.0,2021-01-01
2021,2,Jawa Timur,Total Belanja Daerah,0.0,2021-02-01
2021,3,Jawa Timur,Total Belanja Daerah,0.0,2021-03-01
2021,4,Jawa Timur,Total Belanja Daerah,0.0,2021-04-01
2021,5,Jawa Timur,Total Belanja Daerah,0.0,2021-05-01
2021,6,Jawa Timur,Total Belanja Daerah,0.0,2021-06-01
2021,7,Jawa Timur,Total Belanja Daerah,0.0,2021-07-01
2021,8,Jawa Timur,Total Belanja Daerah,0.0,2021-08-01
2021,9,Jawa Timur,Total Belanja Daerah,0.0,2021-09-01
2021,10,Jawa Timur,Total Belanja Daerah,0.0,2021-10-01
2021,11,Jawa Timur,Total Belanja Daerah,0.0,2021-11-01
2021,12,Jawa Timur,Total Belanja Daerah,0.0,2021-12-01
2022,1,Jawa Timur,Total Belanja Daerah,31502993060591.0,2022-01-01
2022,2,Jawa Timur,Total Belanja Daerah,0.0,2022-02-01
2022,3,Jawa Timur,Total Belanja Daerah,0.0,2022-03-01
2022,4,Jawa Timur,Total Belanja Daerah,0.0,2022-04-01
2022,5,Jawa Timur,Total Belanja Daerah,0.0,2022-05-01
2022,6,Jawa Timur,Total Belanja Daerah,0.0,2022-06-01
2022,7,Jawa Timur,Total Belanja Daerah,0.0,2022-07-01
2022,8,Jawa Timur,Total Belanja Daerah,0.0,2022-08-01
2022,9,Jawa Timur,Total Belanja Daerah,0.0,2022-09-01
2022,10,Jawa Timur,Total Belanja Daerah,0.0,2022-10-01
2022,11,Jawa Timur,Total Belanja Daerah,0.0,2022-11-01
2022,12,Jawa Timur,Total Belanja Daerah,0.0,2022-12-01
2023,1,Jawa Timur,Total Belanja Daerah,823742854787.74,2023-01-01
2023,2,Jawa Timur,Total Belanja Daerah,663656400237.96,2023-02-01
2023,3,Jawa Timur,Total Belanja Daerah,1293782006626.0002,2023-03-01
2023,4,Jawa Timur,Total Belanja Daerah,2539068334376.5996,2023-04-01
2023,5,Jawa Timur,Total Belanja Daerah,0.0,2023-05-01
2023,6,Jawa Timur,Total Belanja Daerah,1576746795144.0,2023-06-01
2023,7,Jawa Timur,Total Belanja Daerah,4761540374226.7,2023-07-01
2023,8,Jawa Timur,Total Belanja Daerah,2009541977245.0,2023-08-01
2023,9,Jawa Timur,Total Belanja Daerah,2110965022695.0,2023-09-01
2023,10,Jawa Timur,Total Belanja Daerah,1603328044646.0,2023-10-01
2023,11,Jawa Timur,Total Belanja Daerah,4141334706132.0,2023-11-01
2023,12,Jawa Timur,Total Belanja Daerah,8717946509768.0,2023-12-01
2024,1,Jawa Timur,Total Belanja Daerah,481143814281.0,2024-01-01
2024,2,Jawa Timur,Total Belanja Daerah,689910968905.0,2024-02-01
2024,3,Jawa Timur,Total Belanja Daerah,1493173201290.0,2024-03-01
2024,4,Jawa Timur,Total Belanja Daerah,1813416668605.0,2024-04-01
2024,5,Jawa Timur,Total Belanja Daerah,5343683234741.4,2024-05-01
2024,6,Jawa Timur,Total Belanja Daerah,2533272505308.5996,2024-06-01
2024,7,Jawa Timur,Total Belanja Daerah,4218150823622.0,2024-07-01
2024,8,Jawa Timur,Total Belanja Daerah,2196179650184.0,2024-08-01
2024,9,Jawa Timur,Total Belanja Daerah,2220578746709.0,2024-09-01
2024,10,Jawa Timur,Total Belanja Daerah,4554820594516.0,2024-10-01
2024,11,Jawa Timur,Total Belanja Daerah,2443707894373.0,2024-11-01
2024,12,Jawa Timur,Total Belanja Daerah,6573323902183.0,2024-12-01
2025,1,Jawa Timur,Total Belanja Daerah,521708170187.0,2025-01-01
2025,2,Jawa Timur,Total Belanja Daerah,842194552010.0,2025-02-01
2025,3,Jawa Timur,Total Belanja Daerah,2263504395565.5,2025-03-01
2025,4,Jawa Timur,Total Belanja Daerah,2013914386790.0996,2025-04-01
2025,5,Jawa Timur,Total Belanja Daerah,3123876225577.301,2025-05-01
2025,6,Jawa Timur,Total Belanja Daerah,2180141600667.0996,2025-06-01
2025,7,Jawa Timur,Total Belanja Daerah,2877971225202.0,2025-07-01
2025,8,Jawa Timur,Total Belanja Daerah,2919389989638.0,2025-08-01
2025,9,Jawa Timur,Total Belanja Daerah,1455134730917.0,2025-09-01
2025,10,Jawa Timur,Total Belanja Daerah,2090470102154.0,2025-10-01
2025,11,Jawa Timur,Total Belanja Daerah,4042646201026.0,2025-11-01
2025,12,Jawa Timur,Total Belanja Daerah,896984212639.0,2025-12-01
2021,1,Jawa Timur,Total Pendapatan Daerah,34280709120324.0,2021-01-01
2021,2,Jawa Timur,Total Pendapatan Daerah,0.0,2021-02-01
2021,3,Jawa Timur,Total Pendapatan Daerah,0.0,2021-03-01
2021,4,Jawa Timur,Total Pendapatan Daerah,0.0,2021-04-01
2021,5,Jawa Timur,Total Pendapatan Daerah,0.0,2021-05-01
2021,6,Jawa Timur,Total Pendapatan Daerah,0.0,2021-06-01
2021,7,Jawa Timur,Total Pendapatan Daerah,0.0,2021-07-01
2021,8,Jawa Timur,Total Pendapatan Daerah,0.0,2021-08-01
2021,9,Jawa Timur,Total Pendapatan Daerah,0.0,2021-09-01
2021,10,Jawa Timur,Total Pendapatan Daerah,0.0,2021-10-01
2021,11,Jawa Timur,Total Pendapatan Daerah,0.0,2021-11-01
2021,12,Jawa Timur,Total Pendapatan Daerah,0.0,2021-12-01
2022,1,Jawa Timur,Total Pendapatan Daerah,31904776417444.0,2022-01-01
2022,2,Jawa Timur,Total Pendapatan Daerah,0.0,2022-02-01
2022,3,Jawa Timur,Total Pendapatan Daerah,0.0,2022-03-01
2022,4,Jawa Timur,Total Pendapatan Daerah,0.0,2022-04-01
2022,5,Jawa Timur,Total Pendapatan Daerah,0.0,2022-05-01
2022,6,Jawa Timur,Total Pendapatan Daerah,0.0,2022-06-01
2022,7,Jawa Timur,Total Pendapatan Daerah,0.0,2022-07-01
2022,8,Jawa Timur,Total Pendapatan Daerah,0.0,2022-08-01
2022,9,Jawa Timur,Total Pendapatan Daerah,0.0,2022-09-01
2022,10,Jawa Timur,Total Pendapatan Daerah,0.0,2022-10-01
2022,11,Jawa Timur,Total Pendapatan Daerah,0.0,2022-11-01
2022,12,Jawa Timur,Total Pendapatan Daerah,0.0,2022-12-01
2023,1,Jawa Timur,Total Pendapatan Daerah,2101133980482.8,2023-01-01
2023,2,Jawa Timur,Total Pendapatan Daerah,1758268742377.0999,2023-02-01
2023,3,Jawa Timur,Total Pendapatan Daerah,1921984789573.1,2023-03-01
2023,4,Jawa Timur,Total Pendapatan Daerah,3646200891725.5,2023-04-01
2023,5,Jawa Timur,Total Pendapatan Daerah,0.0,2023-05-01
2023,6,Jawa Timur,Total Pendapatan Daerah,2782234075856.5,2023-06-01
2023,7,Jawa Timur,Total Pendapatan Daerah,2777852810174.0,2023-07-01
2023,8,Jawa Timur,Total Pendapatan Daerah,2757275560151.0,2023-08-01
2023,9,Jawa Timur,Total Pendapatan Daerah,3048152600011.0,2023-09-01
2023,10,Jawa Timur,Total Pendapatan Daerah,3667272685486.0,2023-10-01
2023,11,Jawa Timur,Total Pendapatan Daerah,2531024591255.0,2023-11-01
2023,12,Jawa Timur,Total Pendapatan Daerah,3090517071305.0,2023-12-01
2024,1,Jawa Timur,Total Pendapatan Daerah,2317338189397.3,2024-01-01
2024,2,Jawa Timur,Total Pendapatan Daerah,1880204415623.4004,2024-02-01
2024,3,Jawa Timur,Total Pendapatan Daerah,3104064045390.5,2024-03-01
2024,4,Jawa Timur,Total Pendapatan Daerah,3390565885560.8,2024-04-01
2024,5,Jawa Timur,Total Pendapatan Daerah,2184918672719.0,2024-05-01
2024,6,Jawa Timur,Total Pendapatan Daerah,2834843043430.0,2024-06-01
2024,7,Jawa Timur,Total Pendapatan Daerah,4291144267425.0,2024-07-01
2024,8,Jawa Timur,Total Pendapatan Daerah,2313289246966.0,2024-08-01
2024,9,Jawa Timur,Total Pendapatan Daerah,3504481493877.0,2024-09-01
2024,10,Jawa Timur,Total Pendapatan Daerah,3789648021057.0,2024-10-01
2024,11,Jawa Timur,Total Pendapatan Daerah,2727670571475.0,2024-11-01
2024,12,Jawa Timur,Total Pendapatan Daerah,3141687826190.0,2024-12-01
2025,1,Jawa Timur,Total Pendapatan Daerah,1830819991956.8,2025-01-01
2025,2,Jawa Timur,Total Pendapatan Daerah,1663575696562.7,2025-02-01
2025,3,Jawa Timur,Total Pendapatan Daerah,1676973162333.5,2025-03-01
2025,4,Jawa Timur,Total Pendapatan Daerah,4143440816369.0,2025-04-01
2025,5,Jawa Timur,Total Pendapatan Daerah,1652519217768.0,2025-05-01
2025,6,Jawa Timur,Total Pendapatan Daerah,2554133529143.0,2025-06-01
2025,7,Jawa Timur,Total Pendapatan Daerah,3246344786990.0,2025-07-01
2025,8,Jawa Timur,Total Pendapatan Daerah,2228515408874.0,2025-08-01
2025,9,Jawa Timur,Total Pendapatan Daerah,1822435121179.0,2025-09-01
2025,10,Jawa Timur,Total Pendapatan Daerah,2883965245819.0,2025-10-01
2025,11,Jawa Timur,Total Pendapatan Daerah,2451001965897.0,2025-11-01
2025,12,Jawa Timur,Total Pendapatan Daerah,143637400.0,2025-12-01
2021,1,Jawa Timur,Transfer ke Daerah dan Dana Desa (TKDD),15186749240653.0,2021-01-01
2021,2,Jawa Timur,Transfer ke Daerah dan Dana Desa (TKDD),0.0,2021-02-01
2021,3,Jawa Timur,Transfer ke Daerah dan Dana Desa (TKDD),0.0,2021-03-01
2021,4,Jawa Timur,Transfer ke Daerah dan Dana Desa (TKDD),0.0,2021-04-01
2021,5,Jawa Timur,Transfer ke Daerah dan Dana Desa (TKDD),0.0,2021-05-01
2021,6,Jawa Timur,Transfer ke Daerah dan Dana Desa (TKDD),0.0,2021-06-01
2021,7,Jawa Timur,Transfer ke Daerah dan Dana Desa (TKDD),0.0,2021-07-01
2021,8,Jawa Timur,Transfer ke Daerah dan Dana Desa (TKDD),0.0,2021-08-01
2021,9,Jawa Timur,Transfer ke Daerah dan Dana Desa (TKDD),0.0,2021-09-01
2021,10,Jawa Timur,Transfer ke Daerah dan Dana Desa (TKDD),0.0,2021-10-01
2021,11,Jawa Timur,Transfer ke Daerah dan Dana Desa (TKDD),0.0,2021-11-01
2021,12,Jawa Timur,Transfer ke Daerah dan Dana Desa (TKDD),0.0,2021-12-01
2022,1,Jawa Timur,Transfer ke Daerah dan Dana Desa (TKDD),10563739586218.0,2022-01-01
2022,2,Jawa Timur,Transfer ke Daerah dan Dana Desa (TKDD),0.0,2022-02-01
2022,3,Jawa Timur,Transfer ke Daerah dan Dana Desa (TKDD),0.0,2022-03-01
2022,4,Jawa Timur,Transfer ke Daerah dan Dana Desa (TKDD),0.0,2022-04-01
2022,5,Jawa Timur,Transfer ke Daerah dan Dana Desa (TKDD),0.0,2022-05-01
2022,6,Jawa Timur,Transfer ke Daerah dan Dana Desa (TKDD),0.0,2022-06-01
2022,7,Jawa Timur,Transfer ke Daerah dan Dana Desa (TKDD),0.0,2022-07-01
2022,8,Jawa Timur,Transfer ke Daerah dan Dana Desa (TKDD),0.0,2022-08-01
2022,9,Jawa Timur,Transfer ke Daerah dan Dana Desa (TKDD),0.0,2022-09-01
2022,10,Jawa Timur,Transfer ke Daerah dan Dana Desa (TKDD),0.0,2022-10-01
2022,11,Jawa Timur,Transfer ke Daerah dan Dana Desa (TKDD),0.0,2022-11-01
2022,12,Jawa Timur,Transfer ke Daerah dan Dana Desa (TKDD),0.0,2022-12-01
2023,1,Jawa Timur,Transfer ke Daerah dan Dana Desa (TKDD),530989663000.0,2023-01-01
2023,2,Jawa Timur,Transfer ke Daerah dan Dana Desa (TKDD),424779513282.0,2023-02-01
2023,3,Jawa Timur,Transfer ke Daerah dan Dana Desa (TKDD),427928790022.0,2023-03-01
2023,4,Jawa Timur,Transfer ke Daerah dan Dana Desa (TKDD),1088228368189.0,2023-04-01
2023,5,Jawa Timur,Transfer ke Daerah dan Dana Desa (TKDD),0.0,2023-05-01
2023,6,Jawa Timur,Transfer ke Daerah dan Dana Desa (TKDD),1262548594754.0,2023-06-01
2023,7,Jawa Timur,Transfer ke Daerah dan Dana Desa (TKDD),392536651500.0,2023-07-01
2023,8,Jawa Timur,Transfer ke Daerah dan Dana Desa (TKDD),1141478234200.0,2023-08-01
2023,9,Jawa Timur,Transfer ke Daerah dan Dana Desa (TKDD),1486636586350.0,2023-09-01
2023,10,Jawa Timur,Transfer ke Daerah dan Dana Desa (TKDD),1291426821448.0,2023-10-01
2023,11,Jawa Timur,Transfer ke Daerah dan Dana Desa (TKDD),913688017456.0,2023-11-01
2023,12,Jawa Timur,Transfer ke Daerah dan Dana Desa (TKDD),760862301269.0,2023-12-01
2024,1,Jawa Timur,Transfer ke Daerah dan Dana Desa (TKDD),693861443200.0,2024-01-01
2024,2,Jawa Timur,Transfer ke Daerah dan Dana Desa (TKDD),428056573800.0,2024-02-01
2024,3,Jawa Timur,Transfer ke Daerah dan Dana Desa (TKDD),1153160644397.0,2024-03-01
2024,4,Jawa Timur,Transfer ke Daerah dan Dana Desa (TKDD),730592343700.0,2024-04-01
2024,5,Jawa Timur,Transfer ke Daerah dan Dana Desa (TKDD),576279801750.0,2024-05-01
2024,6,Jawa Timur,Transfer ke Daerah dan Dana Desa (TKDD),1238305532414.0,2024-06-01
2024,7,Jawa Timur,Transfer ke Daerah dan Dana Desa (TKDD),1819839238000.0,2024-07-01
2024,8,Jawa Timur,Transfer ke Daerah dan Dana Desa (TKDD),439014922622.0,2024-08-01
2024,9,Jawa Timur,Transfer ke Daerah dan Dana Desa (TKDD),1934313942135.0,2024-09-01
2024,10,Jawa Timur,Transfer ke Daerah dan Dana Desa (TKDD),1241178146801.0,2024-10-01
2024,11,Jawa Timur,Transfer ke Daerah dan Dana Desa (TKDD),970753409424.0,2024-11-01
2024,12,Jawa Timur,Transfer ke Daerah dan Dana Desa (TKDD),731049114240.0,2024-12-01
2025,1,Jawa Timur,Transfer ke Daerah dan Dana Desa (TKDD),716906001500.0,2025-01-01
2025,2,Jawa Timur,Transfer ke Daerah dan Dana Desa (TKDD),545741694700.0,2025-02-01
2025,3,Jawa Timur,Transfer ke Daerah dan Dana Desa (TKDD),442908076615.0,2025-03-01
2025,4,Jawa Timur,Transfer ke Daerah dan Dana Desa (TKDD),1841662590550.0,2025-04-01
2025,5,Jawa Timur,Transfer ke Daerah dan Dana Desa (TKDD),429764285774.0,2025-05-01
2025,6,Jawa Timur,Transfer ke Daerah dan Dana Desa (TKDD),966796966950.0,2025-06-01
2025,7,Jawa Timur,Transfer ke Daerah dan Dana Desa (TKDD),1084145190020.0,2025-07-01
2025,8,Jawa Timur,Transfer ke Daerah dan Dana Desa (TKDD),970693645252.0,2025-08-01
2025,9,Jawa Timur,Transfer ke Daerah dan Dana Desa (TKDD),638977118000.0,2025-09-01
2025,10,Jawa Timur,Transfer ke Daerah dan Dana Desa (TKDD),837263439470.0,2025-10-01
2025,11,Jawa Timur,Transfer ke Daerah dan Dana Desa (TKDD),1177346357652.0,2025-11-01
2025,12,Jawa Timur,Transfer ke Daerah dan Dana Desa (TKDD),0.0,2025-12-01
2021,1,Kalimantan Barat,Belanja Modal,927107860128.0,2021-01-01
2021,2,Kalimantan Barat,Belanja Modal,0.0,2021-02-01
2021,3,Kalimantan Barat,Belanja Modal,0.0,2021-03-01
2021,4,Kalimantan Barat,Belanja Modal,0.0,2021-04-01
2021,5,Kalimantan Barat,Belanja Modal,0.0,2021-05-01
2021,6,Kalimantan Barat,Belanja Modal,0.0,2021-06-01
2021,7,Kalimantan Barat,Belanja Modal,0.0,2021-07-01
2021,8,Kalimantan Barat,Belanja Modal,0.0,2021-08-01
2021,9,Kalimantan Barat,Belanja Modal,0.0,2021-09-01
2021,10,Kalimantan Barat,Belanja Modal,0.0,2021-10-01
2021,11,Kalimantan Barat,Belanja Modal,0.0,2021-11-01
2021,12,Kalimantan Barat,Belanja Modal,0.0,2021-12-01
2022,1,Kalimantan Barat,Belanja Modal,1003966698357.8,2022-01-01
2022,2,Kalimantan Barat,Belanja Modal,0.0,2022-02-01
2022,3,Kalimantan Barat,Belanja Modal,0.0,2022-03-01
2022,4,Kalimantan Barat,Belanja Modal,0.0,2022-04-01
2022,5,Kalimantan Barat,Belanja Modal,0.0,2022-05-01
2022,6,Kalimantan Barat,Belanja Modal,0.0,2022-06-01
2022,7,Kalimantan Barat,Belanja Modal,0.0,2022-07-01
2022,8,Kalimantan Barat,Belanja Modal,0.0,2022-08-01
2022,9,Kalimantan Barat,Belanja Modal,0.0,2022-09-01
2022,10,Kalimantan Barat,Belanja Modal,0.0,2022-10-01
2022,11,Kalimantan Barat,Belanja Modal,0.0,2022-11-01
2022,12,Kalimantan Barat,Belanja Modal,0.0,2022-12-01
2023,1,Kalimantan Barat,Belanja Modal,0.0,2023-01-01
2023,2,Kalimantan Barat,Belanja Modal,59282000383.0,2023-02-01
2023,3,Kalimantan Barat,Belanja Modal,35609840253.0,2023-03-01
2023,4,Kalimantan Barat,Belanja Modal,54883011613.0,2023-04-01
2023,5,Kalimantan Barat,Belanja Modal,0.0,2023-05-01
2023,6,Kalimantan Barat,Belanja Modal,103500391563.0,2023-06-01
2023,7,Kalimantan Barat,Belanja Modal,90227428339.0,2023-07-01
2023,8,Kalimantan Barat,Belanja Modal,189615623864.0,2023-08-01
2023,9,Kalimantan Barat,Belanja Modal,133075119685.0,2023-09-01
2023,10,Kalimantan Barat,Belanja Modal,171616254193.0,2023-10-01
2023,11,Kalimantan Barat,Belanja Modal,139178763245.0,2023-11-01
2023,12,Kalimantan Barat,Belanja Modal,404927225158.6001,2023-12-01
2024,1,Kalimantan Barat,Belanja Modal,1977466101.0,2024-01-01
2024,2,Kalimantan Barat,Belanja Modal,9399560799.0,2024-02-01
2024,3,Kalimantan Barat,Belanja Modal,49049437647.0,2024-03-01
2024,4,Kalimantan Barat,Belanja Modal,26944067469.0,2024-04-01
2024,5,Kalimantan Barat,Belanja Modal,35322886194.0,2024-05-01
2024,6,Kalimantan Barat,Belanja Modal,22420137442.0,2024-06-01
2024,7,Kalimantan Barat,Belanja Modal,96707050732.0,2024-07-01
2024,8,Kalimantan Barat,Belanja Modal,107179817533.0,2024-08-01
2024,9,Kalimantan Barat,Belanja Modal,116051758688.0,2024-09-01
2024,10,Kalimantan Barat,Belanja Modal,72481256243.0,2024-10-01
2024,11,Kalimantan Barat,Belanja Modal,134708169718.0,2024-11-01
2024,12,Kalimantan Barat,Belanja Modal,297571652986.06995,2024-12-01
2025,1,Kalimantan Barat,Belanja Modal,0.0,2025-01-01
2025,2,Kalimantan Barat,Belanja Modal,160751821.0,2025-02-01
2025,3,Kalimantan Barat,Belanja Modal,6624546705.0,2025-03-01
2025,4,Kalimantan Barat,Belanja Modal,5279475123.0,2025-04-01
2025,5,Kalimantan Barat,Belanja Modal,10013120527.0,2025-05-01
2025,6,Kalimantan Barat,Belanja Modal,34868766299.0,2025-06-01
2025,7,Kalimantan Barat,Belanja Modal,21624722784.0,2025-07-01
2025,8,Kalimantan Barat,Belanja Modal,38815607834.0,2025-08-01
2025,9,Kalimantan Barat,Belanja Modal,43736253250.0,2025-09-01
2025,10,Kalimantan Barat,Belanja Modal,83930373198.0,2025-10-01
2025,11,Kalimantan Barat,Belanja Modal,69627121471.0,2025-11-01
2025,12,Kalimantan Barat,Belanja Modal,316233327118.0,2025-12-01
2021,1,Kalimantan Barat,Pendapatan Asli Daerah (PAD),2507322119836.0,2021-01-01
2021,2,Kalimantan Barat,Pendapatan Asli Daerah (PAD),0.0,2021-02-01
2021,3,Kalimantan Barat,Pendapatan Asli Daerah (PAD),0.0,2021-03-01
2021,4,Kalimantan Barat,Pendapatan Asli Daerah (PAD),0.0,2021-04-01
2021,5,Kalimantan Barat,Pendapatan Asli Daerah (PAD),0.0,2021-05-01
2021,6,Kalimantan Barat,Pendapatan Asli Daerah (PAD),0.0,2021-06-01
2021,7,Kalimantan Barat,Pendapatan Asli Daerah (PAD),0.0,2021-07-01
2021,8,Kalimantan Barat,Pendapatan Asli Daerah (PAD),0.0,2021-08-01
2021,9,Kalimantan Barat,Pendapatan Asli Daerah (PAD),0.0,2021-09-01
2021,10,Kalimantan Barat,Pendapatan Asli Daerah (PAD),0.0,2021-10-01
2021,11,Kalimantan Barat,Pendapatan Asli Daerah (PAD),0.0,2021-11-01
2021,12,Kalimantan Barat,Pendapatan Asli Daerah (PAD),0.0,2021-12-01
2022,1,Kalimantan Barat,Pendapatan Asli Daerah (PAD),3217812121331.2,2022-01-01
2022,2,Kalimantan Barat,Pendapatan Asli Daerah (PAD),0.0,2022-02-01
2022,3,Kalimantan Barat,Pendapatan Asli Daerah (PAD),0.0,2022-03-01
2022,4,Kalimantan Barat,Pendapatan Asli Daerah (PAD),0.0,2022-04-01
2022,5,Kalimantan Barat,Pendapatan Asli Daerah (PAD),0.0,2022-05-01
2022,6,Kalimantan Barat,Pendapatan Asli Daerah (PAD),0.0,2022-06-01
2022,7,Kalimantan Barat,Pendapatan Asli Daerah (PAD),0.0,2022-07-01
2022,8,Kalimantan Barat,Pendapatan Asli Daerah (PAD),0.0,2022-08-01
2022,9,Kalimantan Barat,Pendapatan Asli Daerah (PAD),0.0,2022-09-01
2022,10,Kalimantan Barat,Pendapatan Asli Daerah (PAD),0.0,2022-10-01
2022,11,Kalimantan Barat,Pendapatan Asli Daerah (PAD),0.0,2022-11-01
2022,12,Kalimantan Barat,Pendapatan Asli Daerah (PAD),0.0,2022-12-01
2023,1,Kalimantan Barat,Pendapatan Asli Daerah (PAD),225492037891.88,2023-01-01
2023,2,Kalimantan Barat,Pendapatan Asli Daerah (PAD),204087373015.13,2023-02-01
2023,3,Kalimantan Barat,Pendapatan Asli Daerah (PAD),343652004292.89,2023-03-01
2023,4,Kalimantan Barat,Pendapatan Asli Daerah (PAD),346095323894.2999,2023-04-01
2023,5,Kalimantan Barat,Pendapatan Asli Daerah (PAD),0.0,2023-05-01
2023,6,Kalimantan Barat,Pendapatan Asli Daerah (PAD),215497567084.0,2023-06-01
2023,7,Kalimantan Barat,Pendapatan Asli Daerah (PAD),330445974406.1001,2023-07-01
2023,8,Kalimantan Barat,Pendapatan Asli Daerah (PAD),236860303210.8999,2023-08-01
2023,9,Kalimantan Barat,Pendapatan Asli Daerah (PAD),215250783209.30005,2023-09-01
2023,10,Kalimantan Barat,Pendapatan Asli Daerah (PAD),321097679649.1001,2023-10-01
2023,11,Kalimantan Barat,Pendapatan Asli Daerah (PAD),235389713039.0,2023-11-01
2023,12,Kalimantan Barat,Pendapatan Asli Daerah (PAD),326889954306.1997,2023-12-01
2024,1,Kalimantan Barat,Pendapatan Asli Daerah (PAD),237104733340.16,2024-01-01
2024,2,Kalimantan Barat,Pendapatan Asli Daerah (PAD),303142198361.04004,2024-02-01
2024,3,Kalimantan Barat,Pendapatan Asli Daerah (PAD),210552333981.63995,2024-03-01
2024,4,Kalimantan Barat,Pendapatan Asli Daerah (PAD),399692090738.76013,2024-04-01
2024,5,Kalimantan Barat,Pendapatan Asli Daerah (PAD),228962803644.3999,2024-05-01
2024,6,Kalimantan Barat,Pendapatan Asli Daerah (PAD),218763707750.0,2024-06-01
2024,7,Kalimantan Barat,Pendapatan Asli Daerah (PAD),349991125679.3999,2024-07-01
2024,8,Kalimantan Barat,Pendapatan Asli Daerah (PAD),234249930212.80005,2024-08-01
2024,9,Kalimantan Barat,Pendapatan Asli Daerah (PAD),235019560918.59985,2024-09-01
2024,10,Kalimantan Barat,Pendapatan Asli Daerah (PAD),342023768126.7002,2024-10-01
2024,11,Kalimantan Barat,Pendapatan Asli Daerah (PAD),227712369903.2998,2024-11-01
2024,12,Kalimantan Barat,Pendapatan Asli Daerah (PAD),382571570272.4004,2024-12-01
2025,1,Kalimantan Barat,Pendapatan Asli Daerah (PAD),189542972978.18,2025-01-01
2025,2,Kalimantan Barat,Pendapatan Asli Daerah (PAD),141335567239.11,2025-02-01
2025,3,Kalimantan Barat,Pendapatan Asli Daerah (PAD),383440602951.88007,2025-03-01
2025,4,Kalimantan Barat,Pendapatan Asli Daerah (PAD),405130757206.32996,2025-04-01
2025,5,Kalimantan Barat,Pendapatan Asli Daerah (PAD),188369185643.69995,2025-05-01
2025,6,Kalimantan Barat,Pendapatan Asli Daerah (PAD),200212346296.6001,2025-06-01
2025,7,Kalimantan Barat,Pendapatan Asli Daerah (PAD),257523861898.19995,2025-07-01
2025,8,Kalimantan Barat,Pendapatan Asli Daerah (PAD),168402324335.0,2025-08-01
2025,9,Kalimantan Barat,Pendapatan Asli Daerah (PAD),163373259216.30005,2025-09-01
2025,10,Kalimantan Barat,Pendapatan Asli Daerah (PAD),275654307762.30005,2025-10-01
2025,11,Kalimantan Barat,Pendapatan Asli Daerah (PAD),175492827763.0,2025-11-01
2025,12,Kalimantan Barat,Pendapatan Asli Daerah (PAD),266102937032.8999,2025-12-01
2021,1,Kalimantan Barat,Total Belanja Daerah,6303146996600.0,2021-01-01
2021,2,Kalimantan Barat,Total Belanja Daerah,0.0,2021-02-01
2021,3,Kalimantan Barat,Total Belanja Daerah,0.0,2021-03-01
2021,4,Kalimantan Barat,Total Belanja Daerah,0.0,2021-04-01
2021,5,Kalimantan Barat,Total Belanja Daerah,0.0,2021-05-01
2021,6,Kalimantan Barat,Total Belanja Daerah,0.0,2021-06-01
2021,7,Kalimantan Barat,Total Belanja Daerah,0.0,2021-07-01
2021,8,Kalimantan Barat,Total Belanja Daerah,0.0,2021-08-01
2021,9,Kalimantan Barat,Total Belanja Daerah,0.0,2021-09-01
2021,10,Kalimantan Barat,Total Belanja Daerah,0.0,2021-10-01
2021,11,Kalimantan Barat,Total Belanja Daerah,0.0,2021-11-01
2021,12,Kalimantan Barat,Total Belanja Daerah,0.0,2021-12-01
2022,1,Kalimantan Barat,Total Belanja Daerah,5726863899071.0,2022-01-01
2022,2,Kalimantan Barat,Total Belanja Daerah,0.0,2022-02-01
2022,3,Kalimantan Barat,Total Belanja Daerah,0.0,2022-03-01
2022,4,Kalimantan Barat,Total Belanja Daerah,0.0,2022-04-01
2022,5,Kalimantan Barat,Total Belanja Daerah,0.0,2022-05-01
2022,6,Kalimantan Barat,Total Belanja Daerah,0.0,2022-06-01
2022,7,Kalimantan Barat,Total Belanja Daerah,0.0,2022-07-01
2022,8,Kalimantan Barat,Total Belanja Daerah,0.0,2022-08-01
2022,9,Kalimantan Barat,Total Belanja Daerah,0.0,2022-09-01
2022,10,Kalimantan Barat,Total Belanja Daerah,0.0,2022-10-01
2022,11,Kalimantan Barat,Total Belanja Daerah,0.0,2022-11-01
2022,12,Kalimantan Barat,Total Belanja Daerah,0.0,2022-12-01
2023,1,Kalimantan Barat,Total Belanja Daerah,67456632396.0,2023-01-01
2023,2,Kalimantan Barat,Total Belanja Daerah,424488765725.92,2023-02-01
2023,3,Kalimantan Barat,Total Belanja Daerah,481390146019.29,2023-03-01
2023,4,Kalimantan Barat,Total Belanja Daerah,431540924526.5901,2023-04-01
2023,5,Kalimantan Barat,Total Belanja Daerah,0.0,2023-05-01
2023,6,Kalimantan Barat,Total Belanja Daerah,492231056181.0,2023-06-01
2023,7,Kalimantan Barat,Total Belanja Daerah,467126244151.80005,2023-07-01
2023,8,Kalimantan Barat,Total Belanja Daerah,671914549011.0,2023-08-01
2023,9,Kalimantan Barat,Total Belanja Daerah,478956401819.0,2023-09-01
2023,10,Kalimantan Barat,Total Belanja Daerah,495701677437.0,2023-10-01
2023,11,Kalimantan Barat,Total Belanja Daerah,825689730568.8999,2023-11-01
2023,12,Kalimantan Barat,Total Belanja Daerah,1523957905622.5996,2023-12-01
2024,1,Kalimantan Barat,Total Belanja Daerah,125481468918.0,2024-01-01
2024,2,Kalimantan Barat,Total Belanja Daerah,166557409899.40002,2024-02-01
2024,3,Kalimantan Barat,Total Belanja Daerah,334466584156.0,2024-03-01
2024,4,Kalimantan Barat,Total Belanja Daerah,423766101913.6,2024-04-01
2024,5,Kalimantan Barat,Total Belanja Daerah,824213816123.8,2024-05-01
2024,6,Kalimantan Barat,Total Belanja Daerah,554550323269.9998,2024-06-01
2024,7,Kalimantan Barat,Total Belanja Daerah,320766745891.9004,2024-07-01
2024,8,Kalimantan Barat,Total Belanja Daerah,837880716645.0,2024-08-01
2024,9,Kalimantan Barat,Total Belanja Daerah,380672400584.3999,2024-09-01
2024,10,Kalimantan Barat,Total Belanja Daerah,463787406078.9995,2024-10-01
2024,11,Kalimantan Barat,Total Belanja Daerah,591393419405.9004,2024-11-01
2024,12,Kalimantan Barat,Total Belanja Daerah,1331505919169.7002,2024-12-01
2025,1,Kalimantan Barat,Total Belanja Daerah,117945622959.0,2025-01-01
2025,2,Kalimantan Barat,Total Belanja Daerah,144064176386.65,2025-02-01
2025,3,Kalimantan Barat,Total Belanja Daerah,383587764054.6,2025-03-01
2025,4,Kalimantan Barat,Total Belanja Daerah,314794630550.0,2025-04-01
2025,5,Kalimantan Barat,Total Belanja Daerah,360375324716.94995,2025-05-01
2025,6,Kalimantan Barat,Total Belanja Daerah,540884373254.0,2025-06-01
2025,7,Kalimantan Barat,Total Belanja Daerah,295106570904.0,2025-07-01
2025,8,Kalimantan Barat,Total Belanja Daerah,387512782178.00024,2025-08-01
2025,9,Kalimantan Barat,Total Belanja Daerah,273551545191.0,2025-09-01
2025,10,Kalimantan Barat,Total Belanja Daerah,393919020306.0,2025-10-01
2025,11,Kalimantan Barat,Total Belanja Daerah,519704674423.0,2025-11-01
2025,12,Kalimantan Barat,Total Belanja Daerah,1517461360572.0,2025-12-01
2021,1,Kalimantan Barat,Total Pendapatan Daerah,6431288413199.0,2021-01-01
2021,2,Kalimantan Barat,Total Pendapatan Daerah,0.0,2021-02-01
2021,3,Kalimantan Barat,Total Pendapatan Daerah,0.0,2021-03-01
2021,4,Kalimantan Barat,Total Pendapatan Daerah,0.0,2021-04-01
2021,5,Kalimantan Barat,Total Pendapatan Daerah,0.0,2021-05-01
2021,6,Kalimantan Barat,Total Pendapatan Daerah,0.0,2021-06-01
2021,7,Kalimantan Barat,Total Pendapatan Daerah,0.0,2021-07-01
2021,8,Kalimantan Barat,Total Pendapatan Daerah,0.0,2021-08-01
2021,9,Kalimantan Barat,Total Pendapatan Daerah,0.0,2021-09-01
2021,10,Kalimantan Barat,Total Pendapatan Daerah,0.0,2021-10-01
2021,11,Kalimantan Barat,Total Pendapatan Daerah,0.0,2021-11-01
2021,12,Kalimantan Barat,Total Pendapatan Daerah,0.0,2021-12-01
2022,1,Kalimantan Barat,Total Pendapatan Daerah,6103471493098.2,2022-01-01
2022,2,Kalimantan Barat,Total Pendapatan Daerah,0.0,2022-02-01
2022,3,Kalimantan Barat,Total Pendapatan Daerah,0.0,2022-03-01
2022,4,Kalimantan Barat,Total Pendapatan Daerah,0.0,2022-04-01
2022,5,Kalimantan Barat,Total Pendapatan Daerah,0.0,2022-05-01
2022,6,Kalimantan Barat,Total Pendapatan Daerah,0.0,2022-06-01
2022,7,Kalimantan Barat,Total Pendapatan Daerah,0.0,2022-07-01
2022,8,Kalimantan Barat,Total Pendapatan Daerah,0.0,2022-08-01
2022,9,Kalimantan Barat,Total Pendapatan Daerah,0.0,2022-09-01
2022,10,Kalimantan Barat,Total Pendapatan Daerah,0.0,2022-10-01
2022,11,Kalimantan Barat,Total Pendapatan Daerah,0.0,2022-11-01
2022,12,Kalimantan Barat,Total Pendapatan Daerah,0.0,2022-12-01
2023,1,Kalimantan Barat,Total Pendapatan Daerah,443869228291.88,2023-01-01
2023,2,Kalimantan Barat,Total Pendapatan Daerah,452052486015.13,2023-02-01
2023,3,Kalimantan Barat,Total Pendapatan Daerah,644809653293.8899,2023-03-01
2023,4,Kalimantan Barat,Total Pendapatan Daerah,497687472430.30005,2023-04-01
2023,5,Kalimantan Barat,Total Pendapatan Daerah,0.0,2023-05-01
2023,6,Kalimantan Barat,Total Pendapatan Daerah,419192469784.00024,2023-06-01
2023,7,Kalimantan Barat,Total Pendapatan Daerah,622289235856.0996,2023-07-01
2023,8,Kalimantan Barat,Total Pendapatan Daerah,636241883566.9004,2023-08-01
2023,9,Kalimantan Barat,Total Pendapatan Daerah,400487341661.2998,2023-09-01
2023,10,Kalimantan Barat,Total Pendapatan Daerah,678281021057.0996,2023-10-01
2023,11,Kalimantan Barat,Total Pendapatan Daerah,430145090991.0,2023-11-01
2023,12,Kalimantan Barat,Total Pendapatan Daerah,747113263613.2002,2023-12-01
2024,1,Kalimantan Barat,Total Pendapatan Daerah,685658028940.16,2024-01-01
2024,2,Kalimantan Barat,Total Pendapatan Daerah,424461242631.0399,2024-02-01
2024,3,Kalimantan Barat,Total Pendapatan Daerah,498975386681.6001,2024-03-01
2024,4,Kalimantan Barat,Total Pendapatan Daerah,549177459789.69995,2024-04-01
2024,5,Kalimantan Barat,Total Pendapatan Daerah,437662057644.5,2024-05-01
2024,6,Kalimantan Barat,Total Pendapatan Daerah,441646326873.0,2024-06-01
2024,7,Kalimantan Barat,Total Pendapatan Daerah,635477821439.3999,2024-07-01
2024,8,Kalimantan Barat,Total Pendapatan Daerah,606631599426.8003,2024-08-01
2024,9,Kalimantan Barat,Total Pendapatan Daerah,423113352435.5996,2024-09-01
2024,10,Kalimantan Barat,Total Pendapatan Daerah,753134387788.7002,2024-10-01
2024,11,Kalimantan Barat,Total Pendapatan Daerah,357612366329.2998,2024-11-01
2024,12,Kalimantan Barat,Total Pendapatan Daerah,647604862510.4004,2024-12-01
2025,1,Kalimantan Barat,Total Pendapatan Daerah,656685063778.18,2025-01-01
2025,2,Kalimantan Barat,Total Pendapatan Daerah,297029458639.11,2025-02-01
2025,3,Kalimantan Barat,Total Pendapatan Daerah,622596725689.9099,2025-03-01
2025,4,Kalimantan Barat,Total Pendapatan Daerah,571056370739.3,2025-04-01
2025,5,Kalimantan Barat,Total Pendapatan Daerah,371520536693.7002,2025-05-01
2025,6,Kalimantan Barat,Total Pendapatan Daerah,435459612052.5996,2025-06-01
2025,7,Kalimantan Barat,Total Pendapatan Daerah,555207299400.2002,2025-07-01
2025,8,Kalimantan Barat,Total Pendapatan Daerah,427517496477.0,2025-08-01
2025,9,Kalimantan Barat,Total Pendapatan Daerah,410310000303.2998,2025-09-01
2025,10,Kalimantan Barat,Total Pendapatan Daerah,512071242624.2998,2025-10-01
2025,11,Kalimantan Barat,Total Pendapatan Daerah,461240803691.0,2025-11-01
2025,12,Kalimantan Barat,Total Pendapatan Daerah,440225904745.9004,2025-12-01
2021,1,Kalimantan Barat,Transfer ke Daerah dan Dana Desa (TKDD),3878077918657.0,2021-01-01
2021,2,Kalimantan Barat,Transfer ke Daerah dan Dana Desa (TKDD),0.0,2021-02-01
2021,3,Kalimantan Barat,Transfer ke Daerah dan Dana Desa (TKDD),0.0,2021-03-01
2021,4,Kalimantan Barat,Transfer ke Daerah dan Dana Desa (TKDD),0.0,2021-04-01
2021,5,Kalimantan Barat,Transfer ke Daerah dan Dana Desa (TKDD),0.0,2021-05-01
2021,6,Kalimantan Barat,Transfer ke Daerah dan Dana Desa (TKDD),0.0,2021-06-01
2021,7,Kalimantan Barat,Transfer ke Daerah dan Dana Desa (TKDD),0.0,2021-07-01
2021,8,Kalimantan Barat,Transfer ke Daerah dan Dana Desa (TKDD),0.0,2021-08-01
2021,9,Kalimantan Barat,Transfer ke Daerah dan Dana Desa (TKDD),0.0,2021-09-01
2021,10,Kalimantan Barat,Transfer ke Daerah dan Dana Desa (TKDD),0.0,2021-10-01
2021,11,Kalimantan Barat,Transfer ke Daerah dan Dana Desa (TKDD),0.0,2021-11-01
2021,12,Kalimantan Barat,Transfer ke Daerah dan Dana Desa (TKDD),0.0,2021-12-01
2022,1,Kalimantan Barat,Transfer ke Daerah dan Dana Desa (TKDD),2826541835787.0,2022-01-01
2022,2,Kalimantan Barat,Transfer ke Daerah dan Dana Desa (TKDD),0.0,2022-02-01
2022,3,Kalimantan Barat,Transfer ke Daerah dan Dana Desa (TKDD),0.0,2022-03-01
2022,4,Kalimantan Barat,Transfer ke Daerah dan Dana Desa (TKDD),0.0,2022-04-01
2022,5,Kalimantan Barat,Transfer ke Daerah dan Dana Desa (TKDD),0.0,2022-05-01
2022,6,Kalimantan Barat,Transfer ke Daerah dan Dana Desa (TKDD),0.0,2022-06-01
2022,7,Kalimantan Barat,Transfer ke Daerah dan Dana Desa (TKDD),0.0,2022-07-01
2022,8,Kalimantan Barat,Transfer ke Daerah dan Dana Desa (TKDD),0.0,2022-08-01
2022,9,Kalimantan Barat,Transfer ke Daerah dan Dana Desa (TKDD),0.0,2022-09-01
2022,10,Kalimantan Barat,Transfer ke Daerah dan Dana Desa (TKDD),0.0,2022-10-01
2022,11,Kalimantan Barat,Transfer ke Daerah dan Dana Desa (TKDD),0.0,2022-11-01
2022,12,Kalimantan Barat,Transfer ke Daerah dan Dana Desa (TKDD),0.0,2022-12-01
2023,1,Kalimantan Barat,Transfer ke Daerah dan Dana Desa (TKDD),218357870400.0,2023-01-01
2023,2,Kalimantan Barat,Transfer ke Daerah dan Dana Desa (TKDD),247965113000.0,2023-02-01
2023,3,Kalimantan Barat,Transfer ke Daerah dan Dana Desa (TKDD),301157649001.0,2023-03-01
2023,4,Kalimantan Barat,Transfer ke Daerah dan Dana Desa (TKDD),151592148536.0,2023-04-01
2023,5,Kalimantan Barat,Transfer ke Daerah dan Dana Desa (TKDD),0.0,2023-05-01
2023,6,Kalimantan Barat,Transfer ke Daerah dan Dana Desa (TKDD),203498432700.0,2023-06-01
2023,7,Kalimantan Barat,Transfer ke Daerah dan Dana Desa (TKDD),291253851450.0,2023-07-01
2023,8,Kalimantan Barat,Transfer ke Daerah dan Dana Desa (TKDD),398988640356.0,2023-08-01
2023,9,Kalimantan Barat,Transfer ke Daerah dan Dana Desa (TKDD),184843618452.0,2023-09-01
2023,10,Kalimantan Barat,Transfer ke Daerah dan Dana Desa (TKDD),357183341408.0,2023-10-01
2023,11,Kalimantan Barat,Transfer ke Daerah dan Dana Desa (TKDD),194362437952.0,2023-11-01
2023,12,Kalimantan Barat,Transfer ke Daerah dan Dana Desa (TKDD),361946504043.0,2023-12-01
2024,1,Kalimantan Barat,Transfer ke Daerah dan Dana Desa (TKDD),448553295600.0,2024-01-01
2024,2,Kalimantan Barat,Transfer ke Daerah dan Dana Desa (TKDD),121294044270.0,2024-02-01
2024,3,Kalimantan Barat,Transfer ke Daerah dan Dana Desa (TKDD),288423052700.0,2024-03-01
2024,4,Kalimantan Barat,Transfer ke Daerah dan Dana Desa (TKDD),149485369051.0,2024-04-01
2024,5,Kalimantan Barat,Transfer ke Daerah dan Dana Desa (TKDD),208699254000.0,2024-05-01
2024,6,Kalimantan Barat,Transfer ke Daerah dan Dana Desa (TKDD),222882619123.0,2024-06-01
2024,7,Kalimantan Barat,Transfer ke Daerah dan Dana Desa (TKDD),285065783760.0,2024-07-01
2024,8,Kalimantan Barat,Transfer ke Daerah dan Dana Desa (TKDD),371960757214.0,2024-08-01
2024,9,Kalimantan Barat,Transfer ke Daerah dan Dana Desa (TKDD),187672879517.0,2024-09-01
2024,10,Kalimantan Barat,Transfer ke Daerah dan Dana Desa (TKDD),410689707662.0,2024-10-01
2024,11,Kalimantan Barat,Transfer ke Daerah dan Dana Desa (TKDD),129479084426.0,2024-11-01
2024,12,Kalimantan Barat,Transfer ke Daerah dan Dana Desa (TKDD),264612380238.0,2024-12-01
2025,1,Kalimantan Barat,Transfer ke Daerah dan Dana Desa (TKDD),467142090800.0,2025-01-01
2025,2,Kalimantan Barat,Transfer ke Daerah dan Dana Desa (TKDD),155693891400.0,2025-02-01
2025,3,Kalimantan Barat,Transfer ke Daerah dan Dana Desa (TKDD),239156122738.0,2025-03-01
2025,4,Kalimantan Barat,Transfer ke Daerah dan Dana Desa (TKDD),165925613533.0,2025-04-01
2025,5,Kalimantan Barat,Transfer ke Daerah dan Dana Desa (TKDD),183151351050.0,2025-05-01
2025,6,Kalimantan Barat,Transfer ke Daerah dan Dana Desa (TKDD),235247265756.0,2025-06-01
2025,7,Kalimantan Barat,Transfer ke Daerah dan Dana Desa (TKDD),297247427502.0,2025-07-01
2025,8,Kalimantan Barat,Transfer ke Daerah dan Dana Desa (TKDD),258693762142.0,2025-08-01
2025,9,Kalimantan Barat,Transfer ke Daerah dan Dana Desa (TKDD),246515331087.0,2025-09-01
2025,10,Kalimantan Barat,Transfer ke Daerah dan Dana Desa (TKDD),236416934862.0,2025-10-01
2025,11,Kalimantan Barat,Transfer ke Daerah dan Dana Desa (TKDD),284896655928.0,2025-11-01
2025,12,Kalimantan Barat,Transfer ke Daerah dan Dana Desa (TKDD),174122967713.0,2025-12-01
2021,1,Kalimantan Selatan,Belanja Modal,956156711886.92,2021-01-01
2021,2,Kalimantan Selatan,Belanja Modal,0.0,2021-02-01
2021,3,Kalimantan Selatan,Belanja Modal,0.0,2021-03-01
2021,4,Kalimantan Selatan,Belanja Modal,0.0,2021-04-01
2021,5,Kalimantan Selatan,Belanja Modal,0.0,2021-05-01
2021,6,Kalimantan Selatan,Belanja Modal,0.0,2021-06-01
2021,7,Kalimantan Selatan,Belanja Modal,0.0,2021-07-01
2021,8,Kalimantan Selatan,Belanja Modal,0.0,2021-08-01
2021,9,Kalimantan Selatan,Belanja Modal,0.0,2021-09-01
2021,10,Kalimantan Selatan,Belanja Modal,0.0,2021-10-01
2021,11,Kalimantan Selatan,Belanja Modal,0.0,2021-11-01
2021,12,Kalimantan Selatan,Belanja Modal,0.0,2021-12-01
2022,1,Kalimantan Selatan,Belanja Modal,1070308780572.5,2022-01-01
2022,2,Kalimantan Selatan,Belanja Modal,0.0,2022-02-01
2022,3,Kalimantan Selatan,Belanja Modal,0.0,2022-03-01
2022,4,Kalimantan Selatan,Belanja Modal,0.0,2022-04-01
2022,5,Kalimantan Selatan,Belanja Modal,0.0,2022-05-01
2022,6,Kalimantan Selatan,Belanja Modal,0.0,2022-06-01
2022,7,Kalimantan Selatan,Belanja Modal,0.0,2022-07-01
2022,8,Kalimantan Selatan,Belanja Modal,0.0,2022-08-01
2022,9,Kalimantan Selatan,Belanja Modal,0.0,2022-09-01
2022,10,Kalimantan Selatan,Belanja Modal,0.0,2022-10-01
2022,11,Kalimantan Selatan,Belanja Modal,0.0,2022-11-01
2022,12,Kalimantan Selatan,Belanja Modal,0.0,2022-12-01
2023,1,Kalimantan Selatan,Belanja Modal,10201327218.0,2023-01-01
2023,2,Kalimantan Selatan,Belanja Modal,5064632902.0,2023-02-01
2023,3,Kalimantan Selatan,Belanja Modal,81381065725.0,2023-03-01
2023,4,Kalimantan Selatan,Belanja Modal,77684523669.0,2023-04-01
2023,5,Kalimantan Selatan,Belanja Modal,0.0,2023-05-01
2023,6,Kalimantan Selatan,Belanja Modal,115410215431.0,2023-06-01
2023,7,Kalimantan Selatan,Belanja Modal,167587058445.09998,2023-07-01
2023,8,Kalimantan Selatan,Belanja Modal,138310655257.0,2023-08-01
2023,9,Kalimantan Selatan,Belanja Modal,91668872459.0,2023-09-01
2023,10,Kalimantan Selatan,Belanja Modal,187572090638.0,2023-10-01
2023,11,Kalimantan Selatan,Belanja Modal,275475449498.0001,2023-11-01
2023,12,Kalimantan Selatan,Belanja Modal,816376322794.5999,2023-12-01
2024,1,Kalimantan Selatan,Belanja Modal,4887350571.0,2024-01-01
2024,2,Kalimantan Selatan,Belanja Modal,128197112451.0,2024-02-01
2024,3,Kalimantan Selatan,Belanja Modal,209956566573.0,2024-03-01
2024,4,Kalimantan Selatan,Belanja Modal,146659204867.0,2024-04-01
2024,5,Kalimantan Selatan,Belanja Modal,251936318299.0,2024-05-01
2024,6,Kalimantan Selatan,Belanja Modal,256689932139.0,2024-06-01
2024,7,Kalimantan Selatan,Belanja Modal,359290850288.0,2024-07-01
2024,8,Kalimantan Selatan,Belanja Modal,231758537574.0,2024-08-01
2024,9,Kalimantan Selatan,Belanja Modal,223433070555.0,2024-09-01
2024,10,Kalimantan Selatan,Belanja Modal,176875424450.0,2024-10-01
2024,11,Kalimantan Selatan,Belanja Modal,128621125219.0,2024-11-01
2024,12,Kalimantan Selatan,Belanja Modal,851064165855.2002,2024-12-01
2025,1,Kalimantan Selatan,Belanja Modal,2999703144.0,2025-01-01
2025,2,Kalimantan Selatan,Belanja Modal,2961897500.0,2025-02-01
2025,3,Kalimantan Selatan,Belanja Modal,19615249027.0,2025-03-01
2025,4,Kalimantan Selatan,Belanja Modal,46248341138.0,2025-04-01
2025,5,Kalimantan Selatan,Belanja Modal,67529014964.0,2025-05-01
2025,6,Kalimantan Selatan,Belanja Modal,131300814210.0,2025-06-01
2025,7,Kalimantan Selatan,Belanja Modal,346107739205.0,2025-07-01
2025,8,Kalimantan Selatan,Belanja Modal,179898698500.0,2025-08-01
2025,9,Kalimantan Selatan,Belanja Modal,208045602972.0,2025-09-01
2025,10,Kalimantan Selatan,Belanja Modal,287458847047.0,2025-10-01
2025,11,Kalimantan Selatan,Belanja Modal,467327588280.0,2025-11-01
2025,12,Kalimantan Selatan,Belanja Modal,1509538009459.5,2025-12-01
2021,1,Kalimantan Selatan,Pendapatan Asli Daerah (PAD),3564914942945.3,2021-01-01
2021,2,Kalimantan Selatan,Pendapatan Asli Daerah (PAD),0.0,2021-02-01
2021,3,Kalimantan Selatan,Pendapatan Asli Daerah (PAD),0.0,2021-03-01
2021,4,Kalimantan Selatan,Pendapatan Asli Daerah (PAD),0.0,2021-04-01
2021,5,Kalimantan Selatan,Pendapatan Asli Daerah (PAD),0.0,2021-05-01
2021,6,Kalimantan Selatan,Pendapatan Asli Daerah (PAD),0.0,2021-06-01
2021,7,Kalimantan Selatan,Pendapatan Asli Daerah (PAD),0.0,2021-07-01
2021,8,Kalimantan Selatan,Pendapatan Asli Daerah (PAD),0.0,2021-08-01
2021,9,Kalimantan Selatan,Pendapatan Asli Daerah (PAD),0.0,2021-09-01
2021,10,Kalimantan Selatan,Pendapatan Asli Daerah (PAD),0.0,2021-10-01
2021,11,Kalimantan Selatan,Pendapatan Asli Daerah (PAD),0.0,2021-11-01
2021,12,Kalimantan Selatan,Pendapatan Asli Daerah (PAD),0.0,2021-12-01
2022,1,Kalimantan Selatan,Pendapatan Asli Daerah (PAD),4558042727438.3,2022-01-01
2022,2,Kalimantan Selatan,Pendapatan Asli Daerah (PAD),0.0,2022-02-01
2022,3,Kalimantan Selatan,Pendapatan Asli Daerah (PAD),0.0,2022-03-01
2022,4,Kalimantan Selatan,Pendapatan Asli Daerah (PAD),0.0,2022-04-01
2022,5,Kalimantan Selatan,Pendapatan Asli Daerah (PAD),0.0,2022-05-01
2022,6,Kalimantan Selatan,Pendapatan Asli Daerah (PAD),0.0,2022-06-01
2022,7,Kalimantan Selatan,Pendapatan Asli Daerah (PAD),0.0,2022-07-01
2022,8,Kalimantan Selatan,Pendapatan Asli Daerah (PAD),0.0,2022-08-01
2022,9,Kalimantan Selatan,Pendapatan Asli Daerah (PAD),0.0,2022-09-01
2022,10,Kalimantan Selatan,Pendapatan Asli Daerah (PAD),0.0,2022-10-01
2022,11,Kalimantan Selatan,Pendapatan Asli Daerah (PAD),0.0,2022-11-01
2022,12,Kalimantan Selatan,Pendapatan Asli Daerah (PAD),0.0,2022-12-01
2023,1,Kalimantan Selatan,Pendapatan Asli Daerah (PAD),379205778051.2,2023-01-01
2023,2,Kalimantan Selatan,Pendapatan Asli Daerah (PAD),406140133017.61993,2023-02-01
2023,3,Kalimantan Selatan,Pendapatan Asli Daerah (PAD),353344593948.78015,2023-03-01
2023,4,Kalimantan Selatan,Pendapatan Asli Daerah (PAD),467686360711.69995,2023-04-01
2023,5,Kalimantan Selatan,Pendapatan Asli Daerah (PAD),0.0,2023-05-01
2023,6,Kalimantan Selatan,Pendapatan Asli Daerah (PAD),338158372241.09985,2023-06-01
2023,7,Kalimantan Selatan,Pendapatan Asli Daerah (PAD),428743908791.7002,2023-07-01
2023,8,Kalimantan Selatan,Pendapatan Asli Daerah (PAD),377762442541.1001,2023-08-01
2023,9,Kalimantan Selatan,Pendapatan Asli Daerah (PAD),378067642856.3999,2023-09-01
2023,10,Kalimantan Selatan,Pendapatan Asli Daerah (PAD),455800080139.6001,2023-10-01
2023,11,Kalimantan Selatan,Pendapatan Asli Daerah (PAD),416630091738.7998,2023-11-01
2023,12,Kalimantan Selatan,Pendapatan Asli Daerah (PAD),497678428756.0,2023-12-01
2024,1,Kalimantan Selatan,Pendapatan Asli Daerah (PAD),397496563976.33,2024-01-01
2024,2,Kalimantan Selatan,Pendapatan Asli Daerah (PAD),402250793033.83,2024-02-01
2024,3,Kalimantan Selatan,Pendapatan Asli Daerah (PAD),359908900235.0399,2024-03-01
2024,4,Kalimantan Selatan,Pendapatan Asli Daerah (PAD),365352360196.6001,2024-04-01
2024,5,Kalimantan Selatan,Pendapatan Asli Daerah (PAD),382607432031.30005,2024-05-01
2024,6,Kalimantan Selatan,Pendapatan Asli Daerah (PAD),796705403366.1001,2024-06-01
2024,7,Kalimantan Selatan,Pendapatan Asli Daerah (PAD),201552829341.5,2024-07-01
2024,8,Kalimantan Selatan,Pendapatan Asli Daerah (PAD),429630289494.5996,2024-08-01
2024,9,Kalimantan Selatan,Pendapatan Asli Daerah (PAD),444845475675.2002,2024-09-01
2024,10,Kalimantan Selatan,Pendapatan Asli Daerah (PAD),559412711096.2998,2024-10-01
2024,11,Kalimantan Selatan,Pendapatan Asli Daerah (PAD),411166878395.7998,2024-11-01
2024,12,Kalimantan Selatan,Pendapatan Asli Daerah (PAD),786746295605.1006,2024-12-01
2025,1,Kalimantan Selatan,Pendapatan Asli Daerah (PAD),344163418375.84,2025-01-01
2025,2,Kalimantan Selatan,Pendapatan Asli Daerah (PAD),346764036126.04,2025-02-01
2025,3,Kalimantan Selatan,Pendapatan Asli Daerah (PAD),458635394381.62,2025-03-01
2025,4,Kalimantan Selatan,Pendapatan Asli Daerah (PAD),504017487916.19995,2025-04-01
2025,5,Kalimantan Selatan,Pendapatan Asli Daerah (PAD),384189778582.90015,2025-05-01
2025,6,Kalimantan Selatan,Pendapatan Asli Daerah (PAD),418315372553.6001,2025-06-01
2025,7,Kalimantan Selatan,Pendapatan Asli Daerah (PAD),403549545896.0,2025-07-01
2025,8,Kalimantan Selatan,Pendapatan Asli Daerah (PAD),484837508669.8999,2025-08-01
2025,9,Kalimantan Selatan,Pendapatan Asli Daerah (PAD),425349110835.2998,2025-09-01
2025,10,Kalimantan Selatan,Pendapatan Asli Daerah (PAD),508098778442.0,2025-10-01
2025,11,Kalimantan Selatan,Pendapatan Asli Daerah (PAD),427435992552.6001,2025-11-01
2025,12,Kalimantan Selatan,Pendapatan Asli Daerah (PAD),580865269762.2002,2025-12-01
2021,1,Kalimantan Selatan,Total Belanja Daerah,6434676072254.6,2021-01-01
2021,2,Kalimantan Selatan,Total Belanja Daerah,0.0,2021-02-01
2021,3,Kalimantan Selatan,Total Belanja Daerah,0.0,2021-03-01
2021,4,Kalimantan Selatan,Total Belanja Daerah,0.0,2021-04-01
2021,5,Kalimantan Selatan,Total Belanja Daerah,0.0,2021-05-01
2021,6,Kalimantan Selatan,Total Belanja Daerah,0.0,2021-06-01
2021,7,Kalimantan Selatan,Total Belanja Daerah,0.0,2021-07-01
2021,8,Kalimantan Selatan,Total Belanja Daerah,0.0,2021-08-01
2021,9,Kalimantan Selatan,Total Belanja Daerah,0.0,2021-09-01
2021,10,Kalimantan Selatan,Total Belanja Daerah,0.0,2021-10-01
2021,11,Kalimantan Selatan,Total Belanja Daerah,0.0,2021-11-01
2021,12,Kalimantan Selatan,Total Belanja Daerah,0.0,2021-12-01
2022,1,Kalimantan Selatan,Total Belanja Daerah,7341779488457.9,2022-01-01
2022,2,Kalimantan Selatan,Total Belanja Daerah,0.0,2022-02-01
2022,3,Kalimantan Selatan,Total Belanja Daerah,0.0,2022-03-01
2022,4,Kalimantan Selatan,Total Belanja Daerah,0.0,2022-04-01
2022,5,Kalimantan Selatan,Total Belanja Daerah,0.0,2022-05-01
2022,6,Kalimantan Selatan,Total Belanja Daerah,0.0,2022-06-01
2022,7,Kalimantan Selatan,Total Belanja Daerah,0.0,2022-07-01
2022,8,Kalimantan Selatan,Total Belanja Daerah,0.0,2022-08-01
2022,9,Kalimantan Selatan,Total Belanja Daerah,0.0,2022-09-01
2022,10,Kalimantan Selatan,Total Belanja Daerah,0.0,2022-10-01
2022,11,Kalimantan Selatan,Total Belanja Daerah,0.0,2022-11-01
2022,12,Kalimantan Selatan,Total Belanja Daerah,0.0,2022-12-01
2023,1,Kalimantan Selatan,Total Belanja Daerah,260319531358.86,2023-01-01
2023,2,Kalimantan Selatan,Total Belanja Daerah,810385151516.4401,2023-02-01
2023,3,Kalimantan Selatan,Total Belanja Daerah,411103278734.3999,2023-03-01
2023,4,Kalimantan Selatan,Total Belanja Daerah,582765336495.5,2023-04-01
2023,5,Kalimantan Selatan,Total Belanja Daerah,0.0,2023-05-01
2023,6,Kalimantan Selatan,Total Belanja Daerah,1196703601583.7,2023-06-01
2023,7,Kalimantan Selatan,Total Belanja Daerah,544684269598.1001,2023-07-01
2023,8,Kalimantan Selatan,Total Belanja Daerah,497429617124.3999,2023-08-01
2023,9,Kalimantan Selatan,Total Belanja Daerah,664794614370.8999,2023-09-01
2023,10,Kalimantan Selatan,Total Belanja Daerah,844888716982.9004,2023-10-01
2023,11,Kalimantan Selatan,Total Belanja Daerah,1392018577882.0,2023-11-01
2023,12,Kalimantan Selatan,Total Belanja Daerah,1603779841557.499,2023-12-01
2024,1,Kalimantan Selatan,Total Belanja Daerah,783519184235.47,2024-01-01
2024,2,Kalimantan Selatan,Total Belanja Daerah,439838611066.42993,2024-02-01
2024,3,Kalimantan Selatan,Total Belanja Daerah,698114653962.5,2024-03-01
2024,4,Kalimantan Selatan,Total Belanja Daerah,626866339419.3999,2024-04-01
2024,5,Kalimantan Selatan,Total Belanja Daerah,1377435886053.0,2024-05-01
2024,6,Kalimantan Selatan,Total Belanja Daerah,919658109548.6006,2024-06-01
2024,7,Kalimantan Selatan,Total Belanja Daerah,830845421170.0,2024-07-01
2024,8,Kalimantan Selatan,Total Belanja Daerah,1185799737388.0996,2024-08-01
2024,9,Kalimantan Selatan,Total Belanja Daerah,594270145004.7998,2024-09-01
2024,10,Kalimantan Selatan,Total Belanja Daerah,578038162456.7002,2024-10-01
2024,11,Kalimantan Selatan,Total Belanja Daerah,664154958153.2002,2024-11-01
2024,12,Kalimantan Selatan,Total Belanja Daerah,2440031277615.8,2024-12-01
2025,1,Kalimantan Selatan,Total Belanja Daerah,148803739944.0,2025-01-01
2025,2,Kalimantan Selatan,Total Belanja Daerah,1007027731013.2,2025-02-01
2025,3,Kalimantan Selatan,Total Belanja Daerah,491041674919.30005,2025-03-01
2025,4,Kalimantan Selatan,Total Belanja Daerah,341663490292.69995,2025-04-01
2025,5,Kalimantan Selatan,Total Belanja Daerah,1104059497709.8,2025-05-01
2025,6,Kalimantan Selatan,Total Belanja Daerah,513917618544.0,2025-06-01
2025,7,Kalimantan Selatan,Total Belanja Daerah,1042094089671.0,2025-07-01
2025,8,Kalimantan Selatan,Total Belanja Daerah,875564468556.7998,2025-08-01
2025,9,Kalimantan Selatan,Total Belanja Daerah,592029454144.0,2025-09-01
2025,10,Kalimantan Selatan,Total Belanja Daerah,1005677512663.6006,2025-10-01
2025,11,Kalimantan Selatan,Total Belanja Daerah,1303780644010.3994,2025-11-01
2025,12,Kalimantan Selatan,Total Belanja Daerah,2664894104948.2,2025-12-01
2021,1,Kalimantan Selatan,Total Pendapatan Daerah,6623086492762.3,2021-01-01
2021,2,Kalimantan Selatan,Total Pendapatan Daerah,0.0,2021-02-01
2021,3,Kalimantan Selatan,Total Pendapatan Daerah,0.0,2021-03-01
2021,4,Kalimantan Selatan,Total Pendapatan Daerah,0.0,2021-04-01
2021,5,Kalimantan Selatan,Total Pendapatan Daerah,0.0,2021-05-01
2021,6,Kalimantan Selatan,Total Pendapatan Daerah,0.0,2021-06-01
2021,7,Kalimantan Selatan,Total Pendapatan Daerah,0.0,2021-07-01
2021,8,Kalimantan Selatan,Total Pendapatan Daerah,0.0,2021-08-01
2021,9,Kalimantan Selatan,Total Pendapatan Daerah,0.0,2021-09-01
2021,10,Kalimantan Selatan,Total Pendapatan Daerah,0.0,2021-10-01
2021,11,Kalimantan Selatan,Total Pendapatan Daerah,0.0,2021-11-01
2021,12,Kalimantan Selatan,Total Pendapatan Daerah,0.0,2021-12-01
2022,1,Kalimantan Selatan,Total Pendapatan Daerah,8155596924194.3,2022-01-01
2022,2,Kalimantan Selatan,Total Pendapatan Daerah,0.0,2022-02-01
2022,3,Kalimantan Selatan,Total Pendapatan Daerah,0.0,2022-03-01
2022,4,Kalimantan Selatan,Total Pendapatan Daerah,0.0,2022-04-01
2022,5,Kalimantan Selatan,Total Pendapatan Daerah,0.0,2022-05-01
2022,6,Kalimantan Selatan,Total Pendapatan Daerah,0.0,2022-06-01
2022,7,Kalimantan Selatan,Total Pendapatan Daerah,0.0,2022-07-01
2022,8,Kalimantan Selatan,Total Pendapatan Daerah,0.0,2022-08-01
2022,9,Kalimantan Selatan,Total Pendapatan Daerah,0.0,2022-09-01
2022,10,Kalimantan Selatan,Total Pendapatan Daerah,0.0,2022-10-01
2022,11,Kalimantan Selatan,Total Pendapatan Daerah,0.0,2022-11-01
2022,12,Kalimantan Selatan,Total Pendapatan Daerah,0.0,2022-12-01
2023,1,Kalimantan Selatan,Total Pendapatan Daerah,903245739205.2,2023-01-01
2023,2,Kalimantan Selatan,Total Pendapatan Daerah,477156934072.6001,2023-02-01
2023,3,Kalimantan Selatan,Total Pendapatan Daerah,509701928998.80005,2023-03-01
2023,4,Kalimantan Selatan,Total Pendapatan Daerah,1482052801490.6997,2023-04-01
2023,5,Kalimantan Selatan,Total Pendapatan Daerah,0.0,2023-05-01
2023,6,Kalimantan Selatan,Total Pendapatan Daerah,678867523135.1001,2023-06-01
2023,7,Kalimantan Selatan,Total Pendapatan Daerah,1229492768867.6997,2023-07-01
2023,8,Kalimantan Selatan,Total Pendapatan Daerah,472744451974.1006,2023-08-01
2023,9,Kalimantan Selatan,Total Pendapatan Daerah,686776571420.3994,2023-09-01
2023,10,Kalimantan Selatan,Total Pendapatan Daerah,1497248658114.6006,2023-10-01
2023,11,Kalimantan Selatan,Total Pendapatan Daerah,625912184645.7998,2023-11-01
2023,12,Kalimantan Selatan,Total Pendapatan Daerah,880991886841.0996,2023-12-01
2024,1,Kalimantan Selatan,Total Pendapatan Daerah,1131181675065.3,2024-01-01
2024,2,Kalimantan Selatan,Total Pendapatan Daerah,578459276560.8999,2024-02-01
2024,3,Kalimantan Selatan,Total Pendapatan Daerah,610689801746.0002,2024-03-01
2024,4,Kalimantan Selatan,Total Pendapatan Daerah,1134604256790.5996,2024-04-01
2024,5,Kalimantan Selatan,Total Pendapatan Daerah,548866680559.3003,2024-05-01
2024,6,Kalimantan Selatan,Total Pendapatan Daerah,865085916413.1001,2024-06-01
2024,7,Kalimantan Selatan,Total Pendapatan Daerah,1589270137974.5,2024-07-01
2024,8,Kalimantan Selatan,Total Pendapatan Daerah,632967184761.5996,2024-08-01
2024,9,Kalimantan Selatan,Total Pendapatan Daerah,705849615853.2002,2024-09-01
2024,10,Kalimantan Selatan,Total Pendapatan Daerah,1992416288189.3008,2024-10-01
2024,11,Kalimantan Selatan,Total Pendapatan Daerah,792283426064.1992,2024-11-01
2024,12,Kalimantan Selatan,Total Pendapatan Daerah,1828058980011.0,2024-12-01
2025,1,Kalimantan Selatan,Total Pendapatan Daerah,825776810867.84,2025-01-01
2025,2,Kalimantan Selatan,Total Pendapatan Daerah,493451196702.05994,2025-02-01
2025,3,Kalimantan Selatan,Total Pendapatan Daerah,946268171614.6001,2025-03-01
2025,4,Kalimantan Selatan,Total Pendapatan Daerah,881620123416.2002,2025-04-01
2025,5,Kalimantan Selatan,Total Pendapatan Daerah,851499259767.8999,2025-05-01
2025,6,Kalimantan Selatan,Total Pendapatan Daerah,782085941610.6001,2025-06-01
2025,7,Kalimantan Selatan,Total Pendapatan Daerah,1247067385690.0,2025-07-01
2025,8,Kalimantan Selatan,Total Pendapatan Daerah,1319030304567.8994,2025-08-01
2025,9,Kalimantan Selatan,Total Pendapatan Daerah,1070508890017.3008,2025-09-01
2025,10,Kalimantan Selatan,Total Pendapatan Daerah,778817412191.0,2025-10-01
2025,11,Kalimantan Selatan,Total Pendapatan Daerah,1294751799474.5996,2025-11-01
2025,12,Kalimantan Selatan,Total Pendapatan Daerah,687796049467.0,2025-12-01
2021,1,Kalimantan Selatan,Transfer ke Daerah dan Dana Desa (TKDD),2972176267366.0,2021-01-01
2021,2,Kalimantan Selatan,Transfer ke Daerah dan Dana Desa (TKDD),0.0,2021-02-01
2021,3,Kalimantan Selatan,Transfer ke Daerah dan Dana Desa (TKDD),0.0,2021-03-01
2021,4,Kalimantan Selatan,Transfer ke Daerah dan Dana Desa (TKDD),0.0,2021-04-01
2021,5,Kalimantan Selatan,Transfer ke Daerah dan Dana Desa (TKDD),0.0,2021-05-01
2021,6,Kalimantan Selatan,Transfer ke Daerah dan Dana Desa (TKDD),0.0,2021-06-01
2021,7,Kalimantan Selatan,Transfer ke Daerah dan Dana Desa (TKDD),0.0,2021-07-01
2021,8,Kalimantan Selatan,Transfer ke Daerah dan Dana Desa (TKDD),0.0,2021-08-01
2021,9,Kalimantan Selatan,Transfer ke Daerah dan Dana Desa (TKDD),0.0,2021-09-01
2021,10,Kalimantan Selatan,Transfer ke Daerah dan Dana Desa (TKDD),0.0,2021-10-01
2021,11,Kalimantan Selatan,Transfer ke Daerah dan Dana Desa (TKDD),0.0,2021-11-01
2021,12,Kalimantan Selatan,Transfer ke Daerah dan Dana Desa (TKDD),0.0,2021-12-01
2022,1,Kalimantan Selatan,Transfer ke Daerah dan Dana Desa (TKDD),3526413444092.0,2022-01-01
2022,2,Kalimantan Selatan,Transfer ke Daerah dan Dana Desa (TKDD),0.0,2022-02-01
2022,3,Kalimantan Selatan,Transfer ke Daerah dan Dana Desa (TKDD),0.0,2022-03-01
2022,4,Kalimantan Selatan,Transfer ke Daerah dan Dana Desa (TKDD),0.0,2022-04-01
2022,5,Kalimantan Selatan,Transfer ke Daerah dan Dana Desa (TKDD),0.0,2022-05-01
2022,6,Kalimantan Selatan,Transfer ke Daerah dan Dana Desa (TKDD),0.0,2022-06-01
2022,7,Kalimantan Selatan,Transfer ke Daerah dan Dana Desa (TKDD),0.0,2022-07-01
2022,8,Kalimantan Selatan,Transfer ke Daerah dan Dana Desa (TKDD),0.0,2022-08-01
2022,9,Kalimantan Selatan,Transfer ke Daerah dan Dana Desa (TKDD),0.0,2022-09-01
2022,10,Kalimantan Selatan,Transfer ke Daerah dan Dana Desa (TKDD),0.0,2022-10-01
2022,11,Kalimantan Selatan,Transfer ke Daerah dan Dana Desa (TKDD),0.0,2022-11-01
2022,12,Kalimantan Selatan,Transfer ke Daerah dan Dana Desa (TKDD),0.0,2022-12-01
2023,1,Kalimantan Selatan,Transfer ke Daerah dan Dana Desa (TKDD),523577647800.0,2023-01-01
2023,2,Kalimantan Selatan,Transfer ke Daerah dan Dana Desa (TKDD),70601819400.0,2023-02-01
2023,3,Kalimantan Selatan,Transfer ke Daerah dan Dana Desa (TKDD),155808832068.0,2023-03-01
2023,4,Kalimantan Selatan,Transfer ke Daerah dan Dana Desa (TKDD),1013983377579.0,2023-04-01
2023,5,Kalimantan Selatan,Transfer ke Daerah dan Dana Desa (TKDD),0.0,2023-05-01
2023,6,Kalimantan Selatan,Transfer ke Daerah dan Dana Desa (TKDD),338901119917.0,2023-06-01
2023,7,Kalimantan Selatan,Transfer ke Daerah dan Dana Desa (TKDD),800045365350.0,2023-07-01
2023,8,Kalimantan Selatan,Transfer ke Daerah dan Dana Desa (TKDD),94284069250.0,2023-08-01
2023,9,Kalimantan Selatan,Transfer ke Daerah dan Dana Desa (TKDD),292668112450.0,2023-09-01
2023,10,Kalimantan Selatan,Transfer ke Daerah dan Dana Desa (TKDD),1025023139465.0,2023-10-01
2023,11,Kalimantan Selatan,Transfer ke Daerah dan Dana Desa (TKDD),208615798967.0,2023-11-01
2023,12,Kalimantan Selatan,Transfer ke Daerah dan Dana Desa (TKDD),362764163685.0,2023-12-01
2024,1,Kalimantan Selatan,Transfer ke Daerah dan Dana Desa (TKDD),733154693000.0,2024-01-01
2024,2,Kalimantan Selatan,Transfer ke Daerah dan Dana Desa (TKDD),175822136200.0,2024-02-01
2024,3,Kalimantan Selatan,Transfer ke Daerah dan Dana Desa (TKDD),250378716868.0,2024-03-01
2024,4,Kalimantan Selatan,Transfer ke Daerah dan Dana Desa (TKDD),768870506750.0,2024-04-01
2024,5,Kalimantan Selatan,Transfer ke Daerah dan Dana Desa (TKDD),165730905600.0,2024-05-01
2024,6,Kalimantan Selatan,Transfer ke Daerah dan Dana Desa (TKDD),68075611754.0,2024-06-01
2024,7,Kalimantan Selatan,Transfer ke Daerah dan Dana Desa (TKDD),1387122690884.0,2024-07-01
2024,8,Kalimantan Selatan,Transfer ke Daerah dan Dana Desa (TKDD),190626564742.0,2024-08-01
2024,9,Kalimantan Selatan,Transfer ke Daerah dan Dana Desa (TKDD),257833062704.0,2024-09-01
2024,10,Kalimantan Selatan,Transfer ke Daerah dan Dana Desa (TKDD),1423461443177.0,2024-10-01
2024,11,Kalimantan Selatan,Transfer ke Daerah dan Dana Desa (TKDD),376976095049.0,2024-11-01
2024,12,Kalimantan Selatan,Transfer ke Daerah dan Dana Desa (TKDD),788304581248.0,2024-12-01
2025,1,Kalimantan Selatan,Transfer ke Daerah dan Dana Desa (TKDD),481285472700.0,2025-01-01
2025,2,Kalimantan Selatan,Transfer ke Daerah dan Dana Desa (TKDD),146282834911.0,2025-02-01
2025,3,Kalimantan Selatan,Transfer ke Daerah dan Dana Desa (TKDD),487256734850.0,2025-03-01
2025,4,Kalimantan Selatan,Transfer ke Daerah dan Dana Desa (TKDD),358413383203.0,2025-04-01
2025,5,Kalimantan Selatan,Transfer ke Daerah dan Dana Desa (TKDD),458224448060.0,2025-05-01
2025,6,Kalimantan Selatan,Transfer ke Daerah dan Dana Desa (TKDD),360866706352.0,2025-06-01
2025,7,Kalimantan Selatan,Transfer ke Daerah dan Dana Desa (TKDD),707123648529.0,2025-07-01
2025,8,Kalimantan Selatan,Transfer ke Daerah dan Dana Desa (TKDD),833573664480.0,2025-08-01
2025,9,Kalimantan Selatan,Transfer ke Daerah dan Dana Desa (TKDD),644499583182.0,2025-09-01
2025,10,Kalimantan Selatan,Transfer ke Daerah dan Dana Desa (TKDD),270109112749.0,2025-10-01
2025,11,Kalimantan Selatan,Transfer ke Daerah dan Dana Desa (TKDD),666689260922.0,2025-11-01
2025,12,Kalimantan Selatan,Transfer ke Daerah dan Dana Desa (TKDD),106205958705.0,2025-12-01
2021,1,Kalimantan Tengah,Belanja Modal,872467667935.12,2021-01-01
2021,2,Kalimantan Tengah,Belanja Modal,0.0,2021-02-01
2021,3,Kalimantan Tengah,Belanja Modal,0.0,2021-03-01
2021,4,Kalimantan Tengah,Belanja Modal,0.0,2021-04-01
2021,5,Kalimantan Tengah,Belanja Modal,0.0,2021-05-01
2021,6,Kalimantan Tengah,Belanja Modal,0.0,2021-06-01
2021,7,Kalimantan Tengah,Belanja Modal,0.0,2021-07-01
2021,8,Kalimantan Tengah,Belanja Modal,0.0,2021-08-01
2021,9,Kalimantan Tengah,Belanja Modal,0.0,2021-09-01
2021,10,Kalimantan Tengah,Belanja Modal,0.0,2021-10-01
2021,11,Kalimantan Tengah,Belanja Modal,0.0,2021-11-01
2021,12,Kalimantan Tengah,Belanja Modal,0.0,2021-12-01
2022,1,Kalimantan Tengah,Belanja Modal,1091793384959.0,2022-01-01
2022,2,Kalimantan Tengah,Belanja Modal,0.0,2022-02-01
2022,3,Kalimantan Tengah,Belanja Modal,0.0,2022-03-01
2022,4,Kalimantan Tengah,Belanja Modal,0.0,2022-04-01
2022,5,Kalimantan Tengah,Belanja Modal,0.0,2022-05-01
2022,6,Kalimantan Tengah,Belanja Modal,0.0,2022-06-01
2022,7,Kalimantan Tengah,Belanja Modal,0.0,2022-07-01
2022,8,Kalimantan Tengah,Belanja Modal,0.0,2022-08-01
2022,9,Kalimantan Tengah,Belanja Modal,0.0,2022-09-01
2022,10,Kalimantan Tengah,Belanja Modal,0.0,2022-10-01
2022,11,Kalimantan Tengah,Belanja Modal,0.0,2022-11-01
2022,12,Kalimantan Tengah,Belanja Modal,0.0,2022-12-01
2023,1,Kalimantan Tengah,Belanja Modal,176867353.0,2023-01-01
2023,2,Kalimantan Tengah,Belanja Modal,42220348277.0,2023-02-01
2023,3,Kalimantan Tengah,Belanja Modal,64794097568.0,2023-03-01
2023,4,Kalimantan Tengah,Belanja Modal,194374966499.0,2023-04-01
2023,5,Kalimantan Tengah,Belanja Modal,0.0,2023-05-01
2023,6,Kalimantan Tengah,Belanja Modal,49532612820.0,2023-06-01
2023,7,Kalimantan Tengah,Belanja Modal,80484104946.0,2023-07-01
2023,8,Kalimantan Tengah,Belanja Modal,173384296816.0,2023-08-01
2023,9,Kalimantan Tengah,Belanja Modal,113842236973.0,2023-09-01
2023,10,Kalimantan Tengah,Belanja Modal,121637226487.0,2023-10-01
2023,11,Kalimantan Tengah,Belanja Modal,185289107079.0,2023-11-01
2023,12,Kalimantan Tengah,Belanja Modal,452903461349.0,2023-12-01
2024,1,Kalimantan Tengah,Belanja Modal,0.0,2024-01-01
2024,2,Kalimantan Tengah,Belanja Modal,139406713129.0,2024-02-01
2024,3,Kalimantan Tengah,Belanja Modal,411512772721.0,2024-03-01
2024,4,Kalimantan Tengah,Belanja Modal,50241096940.93994,2024-04-01
2024,5,Kalimantan Tengah,Belanja Modal,117760729646.0,2024-05-01
2024,6,Kalimantan Tengah,Belanja Modal,183844930611.66003,2024-06-01
2024,7,Kalimantan Tengah,Belanja Modal,159358812268.40002,2024-07-01
2024,8,Kalimantan Tengah,Belanja Modal,167535854292.0,2024-08-01
2024,9,Kalimantan Tengah,Belanja Modal,264994367071.3999,2024-09-01
2024,10,Kalimantan Tengah,Belanja Modal,283848877422.30005,2024-10-01
2024,11,Kalimantan Tengah,Belanja Modal,455125558854.09985,2024-11-01
2024,12,Kalimantan Tengah,Belanja Modal,724161398868.1001,2024-12-01
2025,1,Kalimantan Tengah,Belanja Modal,0.0,2025-01-01
2025,2,Kalimantan Tengah,Belanja Modal,0.0,2025-02-01
2025,3,Kalimantan Tengah,Belanja Modal,119544175335.0,2025-03-01
2025,4,Kalimantan Tengah,Belanja Modal,486137879100.0,2025-04-01
2025,5,Kalimantan Tengah,Belanja Modal,215642966978.34998,2025-05-01
2025,6,Kalimantan Tengah,Belanja Modal,78562489781.07007,2025-06-01
2025,7,Kalimantan Tengah,Belanja Modal,112790419042.17993,2025-07-01
2025,8,Kalimantan Tengah,Belanja Modal,119759664790.59998,2025-08-01
2025,9,Kalimantan Tengah,Belanja Modal,124450857496.40015,2025-09-01
2025,10,Kalimantan Tengah,Belanja Modal,193987780903.3999,2025-10-01
2025,11,Kalimantan Tengah,Belanja Modal,107760965633.80005,2025-11-01
2025,12,Kalimantan Tengah,Belanja Modal,0.0,2025-12-01
2021,1,Kalimantan Tengah,Pendapatan Asli Daerah (PAD),1851575071028.7,2021-01-01
2021,2,Kalimantan Tengah,Pendapatan Asli Daerah (PAD),0.0,2021-02-01
2021,3,Kalimantan Tengah,Pendapatan Asli Daerah (PAD),0.0,2021-03-01
2021,4,Kalimantan Tengah,Pendapatan Asli Daerah (PAD),0.0,2021-04-01
2021,5,Kalimantan Tengah,Pendapatan Asli Daerah (PAD),0.0,2021-05-01
2021,6,Kalimantan Tengah,Pendapatan Asli Daerah (PAD),0.0,2021-06-01
2021,7,Kalimantan Tengah,Pendapatan Asli Daerah (PAD),0.0,2021-07-01
2021,8,Kalimantan Tengah,Pendapatan Asli Daerah (PAD),0.0,2021-08-01
2021,9,Kalimantan Tengah,Pendapatan Asli Daerah (PAD),0.0,2021-09-01
2021,10,Kalimantan Tengah,Pendapatan Asli Daerah (PAD),0.0,2021-10-01
2021,11,Kalimantan Tengah,Pendapatan Asli Daerah (PAD),0.0,2021-11-01
2021,12,Kalimantan Tengah,Pendapatan Asli Daerah (PAD),0.0,2021-12-01
2022,1,Kalimantan Tengah,Pendapatan Asli Daerah (PAD),2523597744203.6,2022-01-01
2022,2,Kalimantan Tengah,Pendapatan Asli Daerah (PAD),0.0,2022-02-01
2022,3,Kalimantan Tengah,Pendapatan Asli Daerah (PAD),0.0,2022-03-01
2022,4,Kalimantan Tengah,Pendapatan Asli Daerah (PAD),0.0,2022-04-01
2022,5,Kalimantan Tengah,Pendapatan Asli Daerah (PAD),0.0,2022-05-01
2022,6,Kalimantan Tengah,Pendapatan Asli Daerah (PAD),0.0,2022-06-01
2022,7,Kalimantan Tengah,Pendapatan Asli Daerah (PAD),0.0,2022-07-01
2022,8,Kalimantan Tengah,Pendapatan Asli Daerah (PAD),0.0,2022-08-01
2022,9,Kalimantan Tengah,Pendapatan Asli Daerah (PAD),0.0,2022-09-01
2022,10,Kalimantan Tengah,Pendapatan Asli Daerah (PAD),0.0,2022-10-01
2022,11,Kalimantan Tengah,Pendapatan Asli Daerah (PAD),0.0,2022-11-01
2022,12,Kalimantan Tengah,Pendapatan Asli Daerah (PAD),0.0,2022-12-01
2023,1,Kalimantan Tengah,Pendapatan Asli Daerah (PAD),193218447022.08,2023-01-01
2023,2,Kalimantan Tengah,Pendapatan Asli Daerah (PAD),171150931449.00003,2023-02-01
2023,3,Kalimantan Tengah,Pendapatan Asli Daerah (PAD),189020298162.27997,2023-03-01
2023,4,Kalimantan Tengah,Pendapatan Asli Daerah (PAD),259353617512.75,2023-04-01
2023,5,Kalimantan Tengah,Pendapatan Asli Daerah (PAD),0.0,2023-05-01
2023,6,Kalimantan Tengah,Pendapatan Asli Daerah (PAD),163747315163.0,2023-06-01
2023,7,Kalimantan Tengah,Pendapatan Asli Daerah (PAD),244237988998.19006,2023-07-01
2023,8,Kalimantan Tengah,Pendapatan Asli Daerah (PAD),210674048926.30005,2023-08-01
2023,9,Kalimantan Tengah,Pendapatan Asli Daerah (PAD),202926172207.3999,2023-09-01
2023,10,Kalimantan Tengah,Pendapatan Asli Daerah (PAD),242993779083.3999,2023-10-01
2023,11,Kalimantan Tengah,Pendapatan Asli Daerah (PAD),212805882404.5,2023-11-01
2023,12,Kalimantan Tengah,Pendapatan Asli Daerah (PAD),326865539381.1001,2023-12-01
2024,1,Kalimantan Tengah,Pendapatan Asli Daerah (PAD),204680384545.15,2024-01-01
2024,2,Kalimantan Tengah,Pendapatan Asli Daerah (PAD),187454629953.35,2024-02-01
2024,3,Kalimantan Tengah,Pendapatan Asli Daerah (PAD),199014399186.49,2024-03-01
2024,4,Kalimantan Tengah,Pendapatan Asli Daerah (PAD),271427071127.5,2024-04-01
2024,5,Kalimantan Tengah,Pendapatan Asli Daerah (PAD),207801633784.91003,2024-05-01
2024,6,Kalimantan Tengah,Pendapatan Asli Daerah (PAD),350593808848.4999,2024-06-01
2024,7,Kalimantan Tengah,Pendapatan Asli Daerah (PAD),129639084568.7002,2024-07-01
2024,8,Kalimantan Tengah,Pendapatan Asli Daerah (PAD),218065086587.09985,2024-08-01
2024,9,Kalimantan Tengah,Pendapatan Asli Daerah (PAD),223233035828.69995,2024-09-01
2024,10,Kalimantan Tengah,Pendapatan Asli Daerah (PAD),265764229156.5,2024-10-01
2024,11,Kalimantan Tengah,Pendapatan Asli Daerah (PAD),249896931373.6001,2024-11-01
2024,12,Kalimantan Tengah,Pendapatan Asli Daerah (PAD),316439022426.2002,2024-12-01
2025,1,Kalimantan Tengah,Pendapatan Asli Daerah (PAD),168337843180.05,2025-01-01
2025,2,Kalimantan Tengah,Pendapatan Asli Daerah (PAD),203327173485.81,2025-02-01
2025,3,Kalimantan Tengah,Pendapatan Asli Daerah (PAD),195378739996.0,2025-03-01
2025,4,Kalimantan Tengah,Pendapatan Asli Daerah (PAD),251494264468.67004,2025-04-01
2025,5,Kalimantan Tengah,Pendapatan Asli Daerah (PAD),189792184324.37,2025-05-01
2025,6,Kalimantan Tengah,Pendapatan Asli Daerah (PAD),152454608613.79993,2025-06-01
2025,7,Kalimantan Tengah,Pendapatan Asli Daerah (PAD),297503330667.6001,2025-07-01
2025,8,Kalimantan Tengah,Pendapatan Asli Daerah (PAD),211399437806.69995,2025-08-01
2025,9,Kalimantan Tengah,Pendapatan Asli Daerah (PAD),237533298174.5,2025-09-01
2025,10,Kalimantan Tengah,Pendapatan Asli Daerah (PAD),214409810466.1001,2025-10-01
2025,11,Kalimantan Tengah,Pendapatan Asli Daerah (PAD),195432235130.0,2025-11-01
2025,12,Kalimantan Tengah,Pendapatan Asli Daerah (PAD),0.0,2025-12-01
2021,1,Kalimantan Tengah,Total Belanja Daerah,4584753691272.4,2021-01-01
2021,2,Kalimantan Tengah,Total Belanja Daerah,0.0,2021-02-01
2021,3,Kalimantan Tengah,Total Belanja Daerah,0.0,2021-03-01
2021,4,Kalimantan Tengah,Total Belanja Daerah,0.0,2021-04-01
2021,5,Kalimantan Tengah,Total Belanja Daerah,0.0,2021-05-01
2021,6,Kalimantan Tengah,Total Belanja Daerah,0.0,2021-06-01
2021,7,Kalimantan Tengah,Total Belanja Daerah,0.0,2021-07-01
2021,8,Kalimantan Tengah,Total Belanja Daerah,0.0,2021-08-01
2021,9,Kalimantan Tengah,Total Belanja Daerah,0.0,2021-09-01
2021,10,Kalimantan Tengah,Total Belanja Daerah,0.0,2021-10-01
2021,11,Kalimantan Tengah,Total Belanja Daerah,0.0,2021-11-01
2021,12,Kalimantan Tengah,Total Belanja Daerah,0.0,2021-12-01
2022,1,Kalimantan Tengah,Total Belanja Daerah,5147570980714.3,2022-01-01
2022,2,Kalimantan Tengah,Total Belanja Daerah,0.0,2022-02-01
2022,3,Kalimantan Tengah,Total Belanja Daerah,0.0,2022-03-01
2022,4,Kalimantan Tengah,Total Belanja Daerah,0.0,2022-04-01
2022,5,Kalimantan Tengah,Total Belanja Daerah,0.0,2022-05-01
2022,6,Kalimantan Tengah,Total Belanja Daerah,0.0,2022-06-01
2022,7,Kalimantan Tengah,Total Belanja Daerah,0.0,2022-07-01
2022,8,Kalimantan Tengah,Total Belanja Daerah,0.0,2022-08-01
2022,9,Kalimantan Tengah,Total Belanja Daerah,0.0,2022-09-01
2022,10,Kalimantan Tengah,Total Belanja Daerah,0.0,2022-10-01
2022,11,Kalimantan Tengah,Total Belanja Daerah,0.0,2022-11-01
2022,12,Kalimantan Tengah,Total Belanja Daerah,0.0,2022-12-01
2023,1,Kalimantan Tengah,Total Belanja Daerah,75104161467.0,2023-01-01
2023,2,Kalimantan Tengah,Total Belanja Daerah,140845309411.0,2023-02-01
2023,3,Kalimantan Tengah,Total Belanja Daerah,220340856910.0,2023-03-01
2023,4,Kalimantan Tengah,Total Belanja Daerah,762602766593.0,2023-04-01
2023,5,Kalimantan Tengah,Total Belanja Daerah,0.0,2023-05-01
2023,6,Kalimantan Tengah,Total Belanja Daerah,387669723978.0,2023-06-01
2023,7,Kalimantan Tengah,Total Belanja Daerah,391433591981.0,2023-07-01
2023,8,Kalimantan Tengah,Total Belanja Daerah,697058121477.0,2023-08-01
2023,9,Kalimantan Tengah,Total Belanja Daerah,403319236276.8999,2023-09-01
2023,10,Kalimantan Tengah,Total Belanja Daerah,417318419282.0,2023-10-01
2023,11,Kalimantan Tengah,Total Belanja Daerah,798673677667.0,2023-11-01
2023,12,Kalimantan Tengah,Total Belanja Daerah,1537401813264.5005,2023-12-01
2024,1,Kalimantan Tengah,Total Belanja Daerah,59080271134.0,2024-01-01
2024,2,Kalimantan Tengah,Total Belanja Daerah,255772627397.53003,2024-02-01
2024,3,Kalimantan Tengah,Total Belanja Daerah,744480604785.37,2024-03-01
2024,4,Kalimantan Tengah,Total Belanja Daerah,545330797021.2001,2024-04-01
2024,5,Kalimantan Tengah,Total Belanja Daerah,585505109979.2998,2024-05-01
2024,6,Kalimantan Tengah,Total Belanja Daerah,749035409663.6001,2024-06-01
2024,7,Kalimantan Tengah,Total Belanja Daerah,607158666194.7002,2024-07-01
2024,8,Kalimantan Tengah,Total Belanja Daerah,618835630513.3999,2024-08-01
2024,9,Kalimantan Tengah,Total Belanja Daerah,877814493039.1997,2024-09-01
2024,10,Kalimantan Tengah,Total Belanja Daerah,759176779541.5,2024-10-01
2024,11,Kalimantan Tengah,Total Belanja Daerah,1385585587306.2002,2024-11-01
2024,12,Kalimantan Tengah,Total Belanja Daerah,1947798812365.9004,2024-12-01
2025,1,Kalimantan Tengah,Total Belanja Daerah,71133675526.79,2025-01-01
2025,2,Kalimantan Tengah,Total Belanja Daerah,102130362248.04,2025-02-01
2025,3,Kalimantan Tengah,Total Belanja Daerah,430170072923.2301,2025-03-01
2025,4,Kalimantan Tengah,Total Belanja Daerah,687133850636.24,2025-04-01
2025,5,Kalimantan Tengah,Total Belanja Daerah,489036142945.5,2025-05-01
2025,6,Kalimantan Tengah,Total Belanja Daerah,524539796084.09985,2025-06-01
2025,7,Kalimantan Tengah,Total Belanja Daerah,563480250360.7002,2025-07-01
2025,8,Kalimantan Tengah,Total Belanja Daerah,642280453984.2998,2025-08-01
2025,9,Kalimantan Tengah,Total Belanja Daerah,651842948933.2002,2025-09-01
2025,10,Kalimantan Tengah,Total Belanja Daerah,521304885910.9995,2025-10-01
2025,11,Kalimantan Tengah,Total Belanja Daerah,762832315198.5,2025-11-01
2025,12,Kalimantan Tengah,Total Belanja Daerah,0.0,2025-12-01
2021,1,Kalimantan Tengah,Total Pendapatan Daerah,5199634633666.7,2021-01-01
2021,2,Kalimantan Tengah,Total Pendapatan Daerah,0.0,2021-02-01
2021,3,Kalimantan Tengah,Total Pendapatan Daerah,0.0,2021-03-01
2021,4,Kalimantan Tengah,Total Pendapatan Daerah,0.0,2021-04-01
2021,5,Kalimantan Tengah,Total Pendapatan Daerah,0.0,2021-05-01
2021,6,Kalimantan Tengah,Total Pendapatan Daerah,0.0,2021-06-01
2021,7,Kalimantan Tengah,Total Pendapatan Daerah,0.0,2021-07-01
2021,8,Kalimantan Tengah,Total Pendapatan Daerah,0.0,2021-08-01
2021,9,Kalimantan Tengah,Total Pendapatan Daerah,0.0,2021-09-01
2021,10,Kalimantan Tengah,Total Pendapatan Daerah,0.0,2021-10-01
2021,11,Kalimantan Tengah,Total Pendapatan Daerah,0.0,2021-11-01
2021,12,Kalimantan Tengah,Total Pendapatan Daerah,0.0,2021-12-01
2022,1,Kalimantan Tengah,Total Pendapatan Daerah,5466828340418.1,2022-01-01
2022,2,Kalimantan Tengah,Total Pendapatan Daerah,0.0,2022-02-01
2022,3,Kalimantan Tengah,Total Pendapatan Daerah,0.0,2022-03-01
2022,4,Kalimantan Tengah,Total Pendapatan Daerah,0.0,2022-04-01
2022,5,Kalimantan Tengah,Total Pendapatan Daerah,0.0,2022-05-01
2022,6,Kalimantan Tengah,Total Pendapatan Daerah,0.0,2022-06-01
2022,7,Kalimantan Tengah,Total Pendapatan Daerah,0.0,2022-07-01
2022,8,Kalimantan Tengah,Total Pendapatan Daerah,0.0,2022-08-01
2022,9,Kalimantan Tengah,Total Pendapatan Daerah,0.0,2022-09-01
2022,10,Kalimantan Tengah,Total Pendapatan Daerah,0.0,2022-10-01
2022,11,Kalimantan Tengah,Total Pendapatan Daerah,0.0,2022-11-01
2022,12,Kalimantan Tengah,Total Pendapatan Daerah,0.0,2022-12-01
2023,1,Kalimantan Tengah,Total Pendapatan Daerah,599013531957.08,2023-01-01
2023,2,Kalimantan Tengah,Total Pendapatan Daerah,264269421579.0,2023-02-01
2023,3,Kalimantan Tengah,Total Pendapatan Daerah,370679170804.81995,2023-03-01
2023,4,Kalimantan Tengah,Total Pendapatan Daerah,937488105698.7002,2023-04-01
2023,5,Kalimantan Tengah,Total Pendapatan Daerah,0.0,2023-05-01
2023,6,Kalimantan Tengah,Total Pendapatan Daerah,249613240663.0,2023-06-01
2023,7,Kalimantan Tengah,Total Pendapatan Daerah,885360294375.1997,2023-07-01
2023,8,Kalimantan Tengah,Total Pendapatan Daerah,350010585176.3003,2023-08-01
2023,9,Kalimantan Tengah,Total Pendapatan Daerah,575328670484.3999,2023-09-01
2023,10,Kalimantan Tengah,Total Pendapatan Daerah,933410011725.4004,2023-10-01
2023,11,Kalimantan Tengah,Total Pendapatan Daerah,539181303509.5,2023-11-01
2023,12,Kalimantan Tengah,Total Pendapatan Daerah,759219573446.0996,2023-12-01
2024,1,Kalimantan Tengah,Total Pendapatan Daerah,694929941245.43,2024-01-01
2024,2,Kalimantan Tengah,Total Pendapatan Daerah,292810224953.35,2024-02-01
2024,3,Kalimantan Tengah,Total Pendapatan Daerah,434914540952.52,2024-03-01
2024,4,Kalimantan Tengah,Total Pendapatan Daerah,727174457304.5,2024-04-01
2024,5,Kalimantan Tengah,Total Pendapatan Daerah,1006827010344.9001,2024-05-01
2024,6,Kalimantan Tengah,Total Pendapatan Daerah,680751405272.5,2024-06-01
2024,7,Kalimantan Tengah,Total Pendapatan Daerah,929431490418.7002,2024-07-01
2024,8,Kalimantan Tengah,Total Pendapatan Daerah,368515418286.0996,2024-08-01
2024,9,Kalimantan Tengah,Total Pendapatan Daerah,680745722734.7002,2024-09-01
2024,10,Kalimantan Tengah,Total Pendapatan Daerah,1364308057358.5,2024-10-01
2024,11,Kalimantan Tengah,Total Pendapatan Daerah,559405513239.5996,2024-11-01
2024,12,Kalimantan Tengah,Total Pendapatan Daerah,599502521038.2002,2024-12-01
2025,1,Kalimantan Tengah,Total Pendapatan Daerah,610707089970.8,2025-01-01
2025,2,Kalimantan Tengah,Total Pendapatan Daerah,342594323665.80994,2025-02-01
2025,3,Kalimantan Tengah,Total Pendapatan Daerah,594016748614.9901,2025-03-01
2025,4,Kalimantan Tengah,Total Pendapatan Daerah,542868495205.69995,2025-04-01
2025,5,Kalimantan Tengah,Total Pendapatan Daerah,610878924528.4001,2025-05-01
2025,6,Kalimantan Tengah,Total Pendapatan Daerah,187971238765.7998,2025-06-01
2025,7,Kalimantan Tengah,Total Pendapatan Daerah,1037102330568.7998,2025-07-01
2025,8,Kalimantan Tengah,Total Pendapatan Daerah,840756456547.2002,2025-08-01
2025,9,Kalimantan Tengah,Total Pendapatan Daerah,713263432475.5,2025-09-01
2025,10,Kalimantan Tengah,Total Pendapatan Daerah,484397742333.0996,2025-10-01
2025,11,Kalimantan Tengah,Total Pendapatan Daerah,208866641825.0,2025-11-01
2025,12,Kalimantan Tengah,Total Pendapatan Daerah,0.0,2025-12-01
2021,1,Kalimantan Tengah,Transfer ke Daerah dan Dana Desa (TKDD),3309173775771.0,2021-01-01
2021,2,Kalimantan Tengah,Transfer ke Daerah dan Dana Desa (TKDD),0.0,2021-02-01
2021,3,Kalimantan Tengah,Transfer ke Daerah dan Dana Desa (TKDD),0.0,2021-03-01
2021,4,Kalimantan Tengah,Transfer ke Daerah dan Dana Desa (TKDD),0.0,2021-04-01
2021,5,Kalimantan Tengah,Transfer ke Daerah dan Dana Desa (TKDD),0.0,2021-05-01
2021,6,Kalimantan Tengah,Transfer ke Daerah dan Dana Desa (TKDD),0.0,2021-06-01
2021,7,Kalimantan Tengah,Transfer ke Daerah dan Dana Desa (TKDD),0.0,2021-07-01
2021,8,Kalimantan Tengah,Transfer ke Daerah dan Dana Desa (TKDD),0.0,2021-08-01
2021,9,Kalimantan Tengah,Transfer ke Daerah dan Dana Desa (TKDD),0.0,2021-09-01
2021,10,Kalimantan Tengah,Transfer ke Daerah dan Dana Desa (TKDD),0.0,2021-10-01
2021,11,Kalimantan Tengah,Transfer ke Daerah dan Dana Desa (TKDD),0.0,2021-11-01
2021,12,Kalimantan Tengah,Transfer ke Daerah dan Dana Desa (TKDD),0.0,2021-12-01
2022,1,Kalimantan Tengah,Transfer ke Daerah dan Dana Desa (TKDD),2924625230475.0,2022-01-01
2022,2,Kalimantan Tengah,Transfer ke Daerah dan Dana Desa (TKDD),0.0,2022-02-01
2022,3,Kalimantan Tengah,Transfer ke Daerah dan Dana Desa (TKDD),0.0,2022-03-01
2022,4,Kalimantan Tengah,Transfer ke Daerah dan Dana Desa (TKDD),0.0,2022-04-01
2022,5,Kalimantan Tengah,Transfer ke Daerah dan Dana Desa (TKDD),0.0,2022-05-01
2022,6,Kalimantan Tengah,Transfer ke Daerah dan Dana Desa (TKDD),0.0,2022-06-01
2022,7,Kalimantan Tengah,Transfer ke Daerah dan Dana Desa (TKDD),0.0,2022-07-01
2022,8,Kalimantan Tengah,Transfer ke Daerah dan Dana Desa (TKDD),0.0,2022-08-01
2022,9,Kalimantan Tengah,Transfer ke Daerah dan Dana Desa (TKDD),0.0,2022-09-01
2022,10,Kalimantan Tengah,Transfer ke Daerah dan Dana Desa (TKDD),0.0,2022-10-01
2022,11,Kalimantan Tengah,Transfer ke Daerah dan Dana Desa (TKDD),0.0,2022-11-01
2022,12,Kalimantan Tengah,Transfer ke Daerah dan Dana Desa (TKDD),0.0,2022-12-01
2023,1,Kalimantan Tengah,Transfer ke Daerah dan Dana Desa (TKDD),403110429000.0,2023-01-01
2023,2,Kalimantan Tengah,Transfer ke Daerah dan Dana Desa (TKDD),92563949200.0,2023-02-01
2023,3,Kalimantan Tengah,Transfer ke Daerah dan Dana Desa (TKDD),180012904010.0,2023-03-01
2023,4,Kalimantan Tengah,Transfer ke Daerah dan Dana Desa (TKDD),676880788186.0,2023-04-01
2023,5,Kalimantan Tengah,Transfer ke Daerah dan Dana Desa (TKDD),0.0,2023-05-01
2023,6,Kalimantan Tengah,Transfer ke Daerah dan Dana Desa (TKDD),84704825500.0,2023-06-01
2023,7,Kalimantan Tengah,Transfer ke Daerah dan Dana Desa (TKDD),638966772580.0,2023-07-01
2023,8,Kalimantan Tengah,Transfer ke Daerah dan Dana Desa (TKDD),138001146250.0,2023-08-01
2023,9,Kalimantan Tengah,Transfer ke Daerah dan Dana Desa (TKDD),371620878277.0,2023-09-01
2023,10,Kalimantan Tengah,Transfer ke Daerah dan Dana Desa (TKDD),689366112642.0,2023-10-01
2023,11,Kalimantan Tengah,Transfer ke Daerah dan Dana Desa (TKDD),324179791105.0,2023-11-01
2023,12,Kalimantan Tengah,Transfer ke Daerah dan Dana Desa (TKDD),431594512165.0,2023-12-01
2024,1,Kalimantan Tengah,Transfer ke Daerah dan Dana Desa (TKDD),488509153200.0,2024-01-01
2024,2,Kalimantan Tengah,Transfer ke Daerah dan Dana Desa (TKDD),104772295000.0,2024-02-01
2024,3,Kalimantan Tengah,Transfer ke Daerah dan Dana Desa (TKDD),234578116766.0,2024-03-01
2024,4,Kalimantan Tengah,Transfer ke Daerah dan Dana Desa (TKDD),454478786177.0,2024-04-01
2024,5,Kalimantan Tengah,Transfer ke Daerah dan Dana Desa (TKDD),798065026560.0,2024-05-01
2024,6,Kalimantan Tengah,Transfer ke Daerah dan Dana Desa (TKDD),329360496424.0,2024-06-01
2024,7,Kalimantan Tengah,Transfer ke Daerah dan Dana Desa (TKDD),708448500850.0,2024-07-01
2024,8,Kalimantan Tengah,Transfer ke Daerah dan Dana Desa (TKDD),148637537699.0,2024-08-01
2024,9,Kalimantan Tengah,Transfer ke Daerah dan Dana Desa (TKDD),456780918906.0,2024-09-01
2024,10,Kalimantan Tengah,Transfer ke Daerah dan Dana Desa (TKDD),1097511310202.0,2024-10-01
2024,11,Kalimantan Tengah,Transfer ke Daerah dan Dana Desa (TKDD),308008862640.0,2024-11-01
2024,12,Kalimantan Tengah,Transfer ke Daerah dan Dana Desa (TKDD),197824946036.0,2024-12-01
2025,1,Kalimantan Tengah,Transfer ke Daerah dan Dana Desa (TKDD),441788112450.0,2025-01-01
2025,2,Kalimantan Tengah,Transfer ke Daerah dan Dana Desa (TKDD),138672491507.0,2025-02-01
2025,3,Kalimantan Tengah,Transfer ke Daerah dan Dana Desa (TKDD),397996896966.0,2025-03-01
2025,4,Kalimantan Tengah,Transfer ke Daerah dan Dana Desa (TKDD),177169258535.0,2025-04-01
2025,5,Kalimantan Tengah,Transfer ke Daerah dan Dana Desa (TKDD),408148702810.0,2025-05-01
2025,6,Kalimantan Tengah,Transfer ke Daerah dan Dana Desa (TKDD),19557431355.0,2025-06-01
2025,7,Kalimantan Tengah,Transfer ke Daerah dan Dana Desa (TKDD),738802303424.0,2025-07-01
2025,8,Kalimantan Tengah,Transfer ke Daerah dan Dana Desa (TKDD),358734179824.0,2025-08-01
2025,9,Kalimantan Tengah,Transfer ke Daerah dan Dana Desa (TKDD),474955157263.0,2025-09-01
2025,10,Kalimantan Tengah,Transfer ke Daerah dan Dana Desa (TKDD),269226034867.0,2025-10-01
2025,11,Kalimantan Tengah,Transfer ke Daerah dan Dana Desa (TKDD),13434406695.0,2025-11-01
2025,12,Kalimantan Tengah,Transfer ke Daerah dan Dana Desa (TKDD),0.0,2025-12-01
2021,1,Kalimantan Timur,Belanja Modal,1514465189714.9,2021-01-01
2021,2,Kalimantan Timur,Belanja Modal,0.0,2021-02-01
2021,3,Kalimantan Timur,Belanja Modal,0.0,2021-03-01
2021,4,Kalimantan Timur,Belanja Modal,0.0,2021-04-01
2021,5,Kalimantan Timur,Belanja Modal,0.0,2021-05-01
2021,6,Kalimantan Timur,Belanja Modal,0.0,2021-06-01
2021,7,Kalimantan Timur,Belanja Modal,0.0,2021-07-01
2021,8,Kalimantan Timur,Belanja Modal,0.0,2021-08-01
2021,9,Kalimantan Timur,Belanja Modal,0.0,2021-09-01
2021,10,Kalimantan Timur,Belanja Modal,0.0,2021-10-01
2021,11,Kalimantan Timur,Belanja Modal,0.0,2021-11-01
2021,12,Kalimantan Timur,Belanja Modal,0.0,2021-12-01
2022,1,Kalimantan Timur,Belanja Modal,1980010052267.6,2022-01-01
2022,2,Kalimantan Timur,Belanja Modal,0.0,2022-02-01
2022,3,Kalimantan Timur,Belanja Modal,0.0,2022-03-01
2022,4,Kalimantan Timur,Belanja Modal,0.0,2022-04-01
2022,5,Kalimantan Timur,Belanja Modal,0.0,2022-05-01
2022,6,Kalimantan Timur,Belanja Modal,0.0,2022-06-01
2022,7,Kalimantan Timur,Belanja Modal,0.0,2022-07-01
2022,8,Kalimantan Timur,Belanja Modal,0.0,2022-08-01
2022,9,Kalimantan Timur,Belanja Modal,0.0,2022-09-01
2022,10,Kalimantan Timur,Belanja Modal,0.0,2022-10-01
2022,11,Kalimantan Timur,Belanja Modal,0.0,2022-11-01
2022,12,Kalimantan Timur,Belanja Modal,0.0,2022-12-01
2023,1,Kalimantan Timur,Belanja Modal,3102890709.58,2023-01-01
2023,2,Kalimantan Timur,Belanja Modal,83890616252.92,2023-02-01
2023,3,Kalimantan Timur,Belanja Modal,87801281129.0,2023-03-01
2023,4,Kalimantan Timur,Belanja Modal,173315472493.0,2023-04-01
2023,5,Kalimantan Timur,Belanja Modal,0.0,2023-05-01
2023,6,Kalimantan Timur,Belanja Modal,250159090854.0,2023-06-01
2023,7,Kalimantan Timur,Belanja Modal,375517394283.0,2023-07-01
2023,8,Kalimantan Timur,Belanja Modal,349526760151.5,2023-08-01
2023,9,Kalimantan Timur,Belanja Modal,439008133809.0,2023-09-01
2023,10,Kalimantan Timur,Belanja Modal,529395522127.7002,2023-10-01
2023,11,Kalimantan Timur,Belanja Modal,550510221518.0,2023-11-01
2023,12,Kalimantan Timur,Belanja Modal,1898399747831.5,2023-12-01
2024,1,Kalimantan Timur,Belanja Modal,6218322474.0,2024-01-01
2024,2,Kalimantan Timur,Belanja Modal,11218786611.0,2024-02-01
2024,3,Kalimantan Timur,Belanja Modal,141260644776.0,2024-03-01
2024,4,Kalimantan Timur,Belanja Modal,187035921431.5,2024-04-01
2024,5,Kalimantan Timur,Belanja Modal,191689747110.7,2024-05-01
2024,6,Kalimantan Timur,Belanja Modal,266597156876.72003,2024-06-01
2024,7,Kalimantan Timur,Belanja Modal,468063467137.07996,2024-07-01
2024,8,Kalimantan Timur,Belanja Modal,389618822156.69995,2024-08-01
2024,9,Kalimantan Timur,Belanja Modal,358434248586.1001,2024-09-01
2024,10,Kalimantan Timur,Belanja Modal,344881960799.99976,2024-10-01
2024,11,Kalimantan Timur,Belanja Modal,632363467269.6001,2024-11-01
2024,12,Kalimantan Timur,Belanja Modal,1872626997451.6,2024-12-01
2025,1,Kalimantan Timur,Belanja Modal,0.0,2025-01-01
2025,2,Kalimantan Timur,Belanja Modal,23229717691.0,2025-02-01
2025,3,Kalimantan Timur,Belanja Modal,8200969846.0,2025-03-01
2025,4,Kalimantan Timur,Belanja Modal,48609184254.0,2025-04-01
2025,5,Kalimantan Timur,Belanja Modal,88913595705.0,2025-05-01
2025,6,Kalimantan Timur,Belanja Modal,180678392221.0,2025-06-01
2025,7,Kalimantan Timur,Belanja Modal,374290874658.23,2025-07-01
2025,8,Kalimantan Timur,Belanja Modal,291823868524.67004,2025-08-01
2025,9,Kalimantan Timur,Belanja Modal,343430752843.9999,2025-09-01
2025,10,Kalimantan Timur,Belanja Modal,485384513964.0,2025-10-01
2025,11,Kalimantan Timur,Belanja Modal,337753597686.0,2025-11-01
2025,12,Kalimantan Timur,Belanja Modal,1940102888986.0,2025-12-01
2021,1,Kalimantan Timur,Pendapatan Asli Daerah (PAD),6111918272284.4,2021-01-01
2021,2,Kalimantan Timur,Pendapatan Asli Daerah (PAD),0.0,2021-02-01
2021,3,Kalimantan Timur,Pendapatan Asli Daerah (PAD),0.0,2021-03-01
2021,4,Kalimantan Timur,Pendapatan Asli Daerah (PAD),0.0,2021-04-01
2021,5,Kalimantan Timur,Pendapatan Asli Daerah (PAD),0.0,2021-05-01
2021,6,Kalimantan Timur,Pendapatan Asli Daerah (PAD),0.0,2021-06-01
2021,7,Kalimantan Timur,Pendapatan Asli Daerah (PAD),0.0,2021-07-01
2021,8,Kalimantan Timur,Pendapatan Asli Daerah (PAD),0.0,2021-08-01
2021,9,Kalimantan Timur,Pendapatan Asli Daerah (PAD),0.0,2021-09-01
2021,10,Kalimantan Timur,Pendapatan Asli Daerah (PAD),0.0,2021-10-01
2021,11,Kalimantan Timur,Pendapatan Asli Daerah (PAD),0.0,2021-11-01
2021,12,Kalimantan Timur,Pendapatan Asli Daerah (PAD),0.0,2021-12-01
2022,1,Kalimantan Timur,Pendapatan Asli Daerah (PAD),8997262540257.7,2022-01-01
2022,2,Kalimantan Timur,Pendapatan Asli Daerah (PAD),0.0,2022-02-01
2022,3,Kalimantan Timur,Pendapatan Asli Daerah (PAD),0.0,2022-03-01
2022,4,Kalimantan Timur,Pendapatan Asli Daerah (PAD),0.0,2022-04-01
2022,5,Kalimantan Timur,Pendapatan Asli Daerah (PAD),0.0,2022-05-01
2022,6,Kalimantan Timur,Pendapatan Asli Daerah (PAD),0.0,2022-06-01
2022,7,Kalimantan Timur,Pendapatan Asli Daerah (PAD),0.0,2022-07-01
2022,8,Kalimantan Timur,Pendapatan Asli Daerah (PAD),0.0,2022-08-01
2022,9,Kalimantan Timur,Pendapatan Asli Daerah (PAD),0.0,2022-09-01
2022,10,Kalimantan Timur,Pendapatan Asli Daerah (PAD),0.0,2022-10-01
2022,11,Kalimantan Timur,Pendapatan Asli Daerah (PAD),0.0,2022-11-01
2022,12,Kalimantan Timur,Pendapatan Asli Daerah (PAD),0.0,2022-12-01
2023,1,Kalimantan Timur,Pendapatan Asli Daerah (PAD),773007534902.52,2023-01-01
2023,2,Kalimantan Timur,Pendapatan Asli Daerah (PAD),777498958879.6799,2023-02-01
2023,3,Kalimantan Timur,Pendapatan Asli Daerah (PAD),880977042201.2,2023-03-01
2023,4,Kalimantan Timur,Pendapatan Asli Daerah (PAD),896769873564.1001,2023-04-01
2023,5,Kalimantan Timur,Pendapatan Asli Daerah (PAD),0.0,2023-05-01
2023,6,Kalimantan Timur,Pendapatan Asli Daerah (PAD),784393420497.1001,2023-06-01
2023,7,Kalimantan Timur,Pendapatan Asli Daerah (PAD),854174159232.3999,2023-07-01
2023,8,Kalimantan Timur,Pendapatan Asli Daerah (PAD),785088112382.0996,2023-08-01
2023,9,Kalimantan Timur,Pendapatan Asli Daerah (PAD),870146708324.2002,2023-09-01
2023,10,Kalimantan Timur,Pendapatan Asli Daerah (PAD),950888209153.2002,2023-10-01
2023,11,Kalimantan Timur,Pendapatan Asli Daerah (PAD),527994308991.0,2023-11-01
2023,12,Kalimantan Timur,Pendapatan Asli Daerah (PAD),1534935344644.0,2023-12-01
2024,1,Kalimantan Timur,Pendapatan Asli Daerah (PAD),809837091578.8,2024-01-01
2024,2,Kalimantan Timur,Pendapatan Asli Daerah (PAD),747143587456.5999,2024-02-01
2024,3,Kalimantan Timur,Pendapatan Asli Daerah (PAD),750658348293.8003,2024-03-01
2024,4,Kalimantan Timur,Pendapatan Asli Daerah (PAD),1026002959700.2998,2024-04-01
2024,5,Kalimantan Timur,Pendapatan Asli Daerah (PAD),792571824731.2998,2024-05-01
2024,6,Kalimantan Timur,Pendapatan Asli Daerah (PAD),748229400431.0,2024-06-01
2024,7,Kalimantan Timur,Pendapatan Asli Daerah (PAD),1131458322710.2998,2024-07-01
2024,8,Kalimantan Timur,Pendapatan Asli Daerah (PAD),843542100565.7002,2024-08-01
2024,9,Kalimantan Timur,Pendapatan Asli Daerah (PAD),854172741035.7002,2024-09-01
2024,10,Kalimantan Timur,Pendapatan Asli Daerah (PAD),867530582635.0996,2024-10-01
2024,11,Kalimantan Timur,Pendapatan Asli Daerah (PAD),782766132671.2012,2024-11-01
2024,12,Kalimantan Timur,Pendapatan Asli Daerah (PAD),1009162091767.1992,2024-12-01
2025,1,Kalimantan Timur,Pendapatan Asli Daerah (PAD),638760755768.03,2025-01-01
2025,2,Kalimantan Timur,Pendapatan Asli Daerah (PAD),612424015422.97,2025-02-01
2025,3,Kalimantan Timur,Pendapatan Asli Daerah (PAD),762425289898.2,2025-03-01
2025,4,Kalimantan Timur,Pendapatan Asli Daerah (PAD),1081318789823.2,2025-04-01
2025,5,Kalimantan Timur,Pendapatan Asli Daerah (PAD),658204116203.5,2025-05-01
2025,6,Kalimantan Timur,Pendapatan Asli Daerah (PAD),823728276516.6001,2025-06-01
2025,7,Kalimantan Timur,Pendapatan Asli Daerah (PAD),554580045322.0996,2025-07-01
2025,8,Kalimantan Timur,Pendapatan Asli Daerah (PAD),682079434507.9004,2025-08-01
2025,9,Kalimantan Timur,Pendapatan Asli Daerah (PAD),692330088358.5,2025-09-01
2025,10,Kalimantan Timur,Pendapatan Asli Daerah (PAD),760743113508.7998,2025-10-01
2025,11,Kalimantan Timur,Pendapatan Asli Daerah (PAD),573750798942.6006,2025-11-01
2025,12,Kalimantan Timur,Pendapatan Asli Daerah (PAD),794759484482.7998,2025-12-01
2021,1,Kalimantan Timur,Total Belanja Daerah,10723529422431.0,2021-01-01
2021,2,Kalimantan Timur,Total Belanja Daerah,0.0,2021-02-01
2021,3,Kalimantan Timur,Total Belanja Daerah,0.0,2021-03-01
2021,4,Kalimantan Timur,Total Belanja Daerah,0.0,2021-04-01
2021,5,Kalimantan Timur,Total Belanja Daerah,0.0,2021-05-01
2021,6,Kalimantan Timur,Total Belanja Daerah,0.0,2021-06-01
2021,7,Kalimantan Timur,Total Belanja Daerah,0.0,2021-07-01
2021,8,Kalimantan Timur,Total Belanja Daerah,0.0,2021-08-01
2021,9,Kalimantan Timur,Total Belanja Daerah,0.0,2021-09-01
2021,10,Kalimantan Timur,Total Belanja Daerah,0.0,2021-10-01
2021,11,Kalimantan Timur,Total Belanja Daerah,0.0,2021-11-01
2021,12,Kalimantan Timur,Total Belanja Daerah,0.0,2021-12-01
2022,1,Kalimantan Timur,Total Belanja Daerah,12393745833368.0,2022-01-01
2022,2,Kalimantan Timur,Total Belanja Daerah,0.0,2022-02-01
2022,3,Kalimantan Timur,Total Belanja Daerah,0.0,2022-03-01
2022,4,Kalimantan Timur,Total Belanja Daerah,0.0,2022-04-01
2022,5,Kalimantan Timur,Total Belanja Daerah,0.0,2022-05-01
2022,6,Kalimantan Timur,Total Belanja Daerah,0.0,2022-06-01
2022,7,Kalimantan Timur,Total Belanja Daerah,0.0,2022-07-01
2022,8,Kalimantan Timur,Total Belanja Daerah,0.0,2022-08-01
2022,9,Kalimantan Timur,Total Belanja Daerah,0.0,2022-09-01
2022,10,Kalimantan Timur,Total Belanja Daerah,0.0,2022-10-01
2022,11,Kalimantan Timur,Total Belanja Daerah,0.0,2022-11-01
2022,12,Kalimantan Timur,Total Belanja Daerah,0.0,2022-12-01
2023,1,Kalimantan Timur,Total Belanja Daerah,167507420083.49,2023-01-01
2023,2,Kalimantan Timur,Total Belanja Daerah,1180745092216.71,2023-02-01
2023,3,Kalimantan Timur,Total Belanja Daerah,934237793054.7,2023-03-01
2023,4,Kalimantan Timur,Total Belanja Daerah,1489207645885.5,2023-04-01
2023,5,Kalimantan Timur,Total Belanja Daerah,0.0,2023-05-01
2023,6,Kalimantan Timur,Total Belanja Daerah,1293346745336.5005,2023-06-01
2023,7,Kalimantan Timur,Total Belanja Daerah,1648992650708.0,2023-07-01
2023,8,Kalimantan Timur,Total Belanja Daerah,1544259338481.3994,2023-08-01
2023,9,Kalimantan Timur,Total Belanja Daerah,1464439632715.6006,2023-09-01
2023,10,Kalimantan Timur,Total Belanja Daerah,2537638918511.0996,2023-10-01
2023,11,Kalimantan Timur,Total Belanja Daerah,1450122066684.0,2023-11-01
2023,12,Kalimantan Timur,Total Belanja Daerah,4789450523227.0,2023-12-01
2024,1,Kalimantan Timur,Total Belanja Daerah,231186142039.36,2024-01-01
2024,2,Kalimantan Timur,Total Belanja Daerah,837750521357.14,2024-02-01
2024,3,Kalimantan Timur,Total Belanja Daerah,1220550548001.9,2024-03-01
2024,4,Kalimantan Timur,Total Belanja Daerah,1609827200553.9,2024-04-01
2024,5,Kalimantan Timur,Total Belanja Daerah,1450672807553.0,2024-05-01
2024,6,Kalimantan Timur,Total Belanja Daerah,2339058632502.3,2024-06-01
2024,7,Kalimantan Timur,Total Belanja Daerah,1245128053047.4004,2024-07-01
2024,8,Kalimantan Timur,Total Belanja Daerah,1565228616718.0,2024-08-01
2024,9,Kalimantan Timur,Total Belanja Daerah,1445140027900.0,2024-09-01
2024,10,Kalimantan Timur,Total Belanja Daerah,1800342691070.0,2024-10-01
2024,11,Kalimantan Timur,Total Belanja Daerah,2345431916322.0,2024-11-01
2024,12,Kalimantan Timur,Total Belanja Daerah,4373265994551.0,2024-12-01
2025,1,Kalimantan Timur,Total Belanja Daerah,147691912134.5,2025-01-01
2025,2,Kalimantan Timur,Total Belanja Daerah,451839381187.15,2025-02-01
2025,3,Kalimantan Timur,Total Belanja Daerah,692308658221.15,2025-03-01
2025,4,Kalimantan Timur,Total Belanja Daerah,425307925401.3999,2025-04-01
2025,5,Kalimantan Timur,Total Belanja Daerah,1600622591079.2,2025-05-01
2025,6,Kalimantan Timur,Total Belanja Daerah,2059072944746.6,2025-06-01
2025,7,Kalimantan Timur,Total Belanja Daerah,1894681695725.2002,2025-07-01
2025,8,Kalimantan Timur,Total Belanja Daerah,1613688798126.999,2025-08-01
2025,9,Kalimantan Timur,Total Belanja Daerah,1453185698437.8008,2025-09-01
2025,10,Kalimantan Timur,Total Belanja Daerah,2033122729213.0,2025-10-01
2025,11,Kalimantan Timur,Total Belanja Daerah,1887776850418.0,2025-11-01
2025,12,Kalimantan Timur,Total Belanja Daerah,4832909702037.0,2025-12-01
2021,1,Kalimantan Timur,Total Pendapatan Daerah,10220142967274.0,2021-01-01
2021,2,Kalimantan Timur,Total Pendapatan Daerah,0.0,2021-02-01
2021,3,Kalimantan Timur,Total Pendapatan Daerah,0.0,2021-03-01
2021,4,Kalimantan Timur,Total Pendapatan Daerah,0.0,2021-04-01
2021,5,Kalimantan Timur,Total Pendapatan Daerah,0.0,2021-05-01
2021,6,Kalimantan Timur,Total Pendapatan Daerah,0.0,2021-06-01
2021,7,Kalimantan Timur,Total Pendapatan Daerah,0.0,2021-07-01
2021,8,Kalimantan Timur,Total Pendapatan Daerah,0.0,2021-08-01
2021,9,Kalimantan Timur,Total Pendapatan Daerah,0.0,2021-09-01
2021,10,Kalimantan Timur,Total Pendapatan Daerah,0.0,2021-10-01
2021,11,Kalimantan Timur,Total Pendapatan Daerah,0.0,2021-11-01
2021,12,Kalimantan Timur,Total Pendapatan Daerah,0.0,2021-12-01
2022,1,Kalimantan Timur,Total Pendapatan Daerah,16804693779013.0,2022-01-01
2022,2,Kalimantan Timur,Total Pendapatan Daerah,0.0,2022-02-01
2022,3,Kalimantan Timur,Total Pendapatan Daerah,0.0,2022-03-01
2022,4,Kalimantan Timur,Total Pendapatan Daerah,0.0,2022-04-01
2022,5,Kalimantan Timur,Total Pendapatan Daerah,0.0,2022-05-01
2022,6,Kalimantan Timur,Total Pendapatan Daerah,0.0,2022-06-01
2022,7,Kalimantan Timur,Total Pendapatan Daerah,0.0,2022-07-01
2022,8,Kalimantan Timur,Total Pendapatan Daerah,0.0,2022-08-01
2022,9,Kalimantan Timur,Total Pendapatan Daerah,0.0,2022-09-01
2022,10,Kalimantan Timur,Total Pendapatan Daerah,0.0,2022-10-01
2022,11,Kalimantan Timur,Total Pendapatan Daerah,0.0,2022-11-01
2022,12,Kalimantan Timur,Total Pendapatan Daerah,0.0,2022-12-01
2023,1,Kalimantan Timur,Total Pendapatan Daerah,1617555271102.5,2023-01-01
2023,2,Kalimantan Timur,Total Pendapatan Daerah,1002940857574.7002,2023-02-01
2023,3,Kalimantan Timur,Total Pendapatan Daerah,1099934311337.1997,2023-03-01
2023,4,Kalimantan Timur,Total Pendapatan Daerah,2161024652951.1,2023-04-01
2023,5,Kalimantan Timur,Total Pendapatan Daerah,0.0,2023-05-01
2023,6,Kalimantan Timur,Total Pendapatan Daerah,929837310088.0996,2023-06-01
2023,7,Kalimantan Timur,Total Pendapatan Daerah,974573132759.4004,2023-07-01
2023,8,Kalimantan Timur,Total Pendapatan Daerah,2332316851676.0,2023-08-01
2023,9,Kalimantan Timur,Total Pendapatan Daerah,1520528596678.0,2023-09-01
2023,10,Kalimantan Timur,Total Pendapatan Daerah,2118430766334.0,2023-10-01
2023,11,Kalimantan Timur,Total Pendapatan Daerah,527994308991.0,2023-11-01
2023,12,Kalimantan Timur,Total Pendapatan Daerah,2555749004790.0,2023-12-01
2024,1,Kalimantan Timur,Total Pendapatan Daerah,2021923842978.8,2024-01-01
2024,2,Kalimantan Timur,Total Pendapatan Daerah,949554296256.5999,2024-02-01
2024,3,Kalimantan Timur,Total Pendapatan Daerah,1024983926937.8003,2024-03-01
2024,4,Kalimantan Timur,Total Pendapatan Daerah,2270537830200.3,2024-04-01
2024,5,Kalimantan Timur,Total Pendapatan Daerah,2827013157625.301,2024-05-01
2024,6,Kalimantan Timur,Total Pendapatan Daerah,923369346928.1992,2024-06-01
2024,7,Kalimantan Timur,Total Pendapatan Daerah,3319721077264.0,2024-07-01
2024,8,Kalimantan Timur,Total Pendapatan Daerah,1093832708992.0,2024-08-01
2024,9,Kalimantan Timur,Total Pendapatan Daerah,2737906382149.0,2024-09-01
2024,10,Kalimantan Timur,Total Pendapatan Daerah,2216408161536.0,2024-10-01
2024,11,Kalimantan Timur,Total Pendapatan Daerah,910955540517.0,2024-11-01
2024,12,Kalimantan Timur,Total Pendapatan Daerah,1788490230532.0,2024-12-01
2025,1,Kalimantan Timur,Total Pendapatan Daerah,1213662692368.0,2025-01-01
2025,2,Kalimantan Timur,Total Pendapatan Daerah,613798465423.0,2025-02-01
2025,3,Kalimantan Timur,Total Pendapatan Daerah,1684154512534.2002,2025-03-01
2025,4,Kalimantan Timur,Total Pendapatan Daerah,1309714505877.2002,2025-04-01
2025,5,Kalimantan Timur,Total Pendapatan Daerah,1700125016310.5,2025-05-01
2025,6,Kalimantan Timur,Total Pendapatan Daerah,1201611010022.5996,2025-06-01
2025,7,Kalimantan Timur,Total Pendapatan Daerah,1690836066277.0996,2025-07-01
2025,8,Kalimantan Timur,Total Pendapatan Daerah,1594409074667.4004,2025-08-01
2025,9,Kalimantan Timur,Total Pendapatan Daerah,2061281630582.0,2025-09-01
2025,10,Kalimantan Timur,Total Pendapatan Daerah,890507878508.0,2025-10-01
2025,11,Kalimantan Timur,Total Pendapatan Daerah,1688535414188.0,2025-11-01
2025,12,Kalimantan Timur,Total Pendapatan Daerah,1877242759395.0,2025-12-01
2021,1,Kalimantan Timur,Transfer ke Daerah dan Dana Desa (TKDD),4094319639990.0,2021-01-01
2021,2,Kalimantan Timur,Transfer ke Daerah dan Dana Desa (TKDD),0.0,2021-02-01
2021,3,Kalimantan Timur,Transfer ke Daerah dan Dana Desa (TKDD),0.0,2021-03-01
2021,4,Kalimantan Timur,Transfer ke Daerah dan Dana Desa (TKDD),0.0,2021-04-01
2021,5,Kalimantan Timur,Transfer ke Daerah dan Dana Desa (TKDD),0.0,2021-05-01
2021,6,Kalimantan Timur,Transfer ke Daerah dan Dana Desa (TKDD),0.0,2021-06-01
2021,7,Kalimantan Timur,Transfer ke Daerah dan Dana Desa (TKDD),0.0,2021-07-01
2021,8,Kalimantan Timur,Transfer ke Daerah dan Dana Desa (TKDD),0.0,2021-08-01
2021,9,Kalimantan Timur,Transfer ke Daerah dan Dana Desa (TKDD),0.0,2021-09-01
2021,10,Kalimantan Timur,Transfer ke Daerah dan Dana Desa (TKDD),0.0,2021-10-01
2021,11,Kalimantan Timur,Transfer ke Daerah dan Dana Desa (TKDD),0.0,2021-11-01
2021,12,Kalimantan Timur,Transfer ke Daerah dan Dana Desa (TKDD),0.0,2021-12-01
2022,1,Kalimantan Timur,Transfer ke Daerah dan Dana Desa (TKDD),7790284158755.0,2022-01-01
2022,2,Kalimantan Timur,Transfer ke Daerah dan Dana Desa (TKDD),0.0,2022-02-01
2022,3,Kalimantan Timur,Transfer ke Daerah dan Dana Desa (TKDD),0.0,2022-03-01
2022,4,Kalimantan Timur,Transfer ke Daerah dan Dana Desa (TKDD),0.0,2022-04-01
2022,5,Kalimantan Timur,Transfer ke Daerah dan Dana Desa (TKDD),0.0,2022-05-01
2022,6,Kalimantan Timur,Transfer ke Daerah dan Dana Desa (TKDD),0.0,2022-06-01
2022,7,Kalimantan Timur,Transfer ke Daerah dan Dana Desa (TKDD),0.0,2022-07-01
2022,8,Kalimantan Timur,Transfer ke Daerah dan Dana Desa (TKDD),0.0,2022-08-01
2022,9,Kalimantan Timur,Transfer ke Daerah dan Dana Desa (TKDD),0.0,2022-09-01
2022,10,Kalimantan Timur,Transfer ke Daerah dan Dana Desa (TKDD),0.0,2022-10-01
2022,11,Kalimantan Timur,Transfer ke Daerah dan Dana Desa (TKDD),0.0,2022-11-01
2022,12,Kalimantan Timur,Transfer ke Daerah dan Dana Desa (TKDD),0.0,2022-12-01
2023,1,Kalimantan Timur,Transfer ke Daerah dan Dana Desa (TKDD),843187036200.0,2023-01-01
2023,2,Kalimantan Timur,Transfer ke Daerah dan Dana Desa (TKDD),224353158695.0,2023-02-01
2023,3,Kalimantan Timur,Transfer ke Daerah dan Dana Desa (TKDD),148390144136.0,2023-03-01
2023,4,Kalimantan Timur,Transfer ke Daerah dan Dana Desa (TKDD),1263068204387.0,2023-04-01
2023,5,Kalimantan Timur,Transfer ke Daerah dan Dana Desa (TKDD),0.0,2023-05-01
2023,6,Kalimantan Timur,Transfer ke Daerah dan Dana Desa (TKDD),144034149591.0,2023-06-01
2023,7,Kalimantan Timur,Transfer ke Daerah dan Dana Desa (TKDD),118186586527.0,2023-07-01
2023,8,Kalimantan Timur,Transfer ke Daerah dan Dana Desa (TKDD),1542157779350.0,2023-08-01
2023,9,Kalimantan Timur,Transfer ke Daerah dan Dana Desa (TKDD),332085758456.0,2023-09-01
2023,10,Kalimantan Timur,Transfer ke Daerah dan Dana Desa (TKDD),1165878317181.0,2023-10-01
2023,11,Kalimantan Timur,Transfer ke Daerah dan Dana Desa (TKDD),0.0,2023-11-01
2023,12,Kalimantan Timur,Transfer ke Daerah dan Dana Desa (TKDD),1016164394146.0,2023-12-01
2024,1,Kalimantan Timur,Transfer ke Daerah dan Dana Desa (TKDD),1210268671400.0,2024-01-01
2024,2,Kalimantan Timur,Transfer ke Daerah dan Dana Desa (TKDD),201065988800.0,2024-02-01
2024,3,Kalimantan Timur,Transfer ke Daerah dan Dana Desa (TKDD),272936573644.0,2024-03-01
2024,4,Kalimantan Timur,Transfer ke Daerah dan Dana Desa (TKDD),1243114310500.0,2024-04-01
2024,5,Kalimantan Timur,Transfer ke Daerah dan Dana Desa (TKDD),2032638287894.0,2024-05-01
2024,6,Kalimantan Timur,Transfer ke Daerah dan Dana Desa (TKDD),173551681497.0,2024-06-01
2024,7,Kalimantan Timur,Transfer ke Daerah dan Dana Desa (TKDD),2186486259554.0,2024-07-01
2024,8,Kalimantan Timur,Transfer ke Daerah dan Dana Desa (TKDD),248614548426.0,2024-08-01
2024,9,Kalimantan Timur,Transfer ke Daerah dan Dana Desa (TKDD),1881363886113.0,2024-09-01
2024,10,Kalimantan Timur,Transfer ke Daerah dan Dana Desa (TKDD),1346367883901.0,2024-10-01
2024,11,Kalimantan Timur,Transfer ke Daerah dan Dana Desa (TKDD),125968177846.0,2024-11-01
2024,12,Kalimantan Timur,Transfer ke Daerah dan Dana Desa (TKDD),776410123765.0,2024-12-01
2025,1,Kalimantan Timur,Transfer ke Daerah dan Dana Desa (TKDD),573587056600.0,2025-01-01
2025,2,Kalimantan Timur,Transfer ke Daerah dan Dana Desa (TKDD),0.0,2025-02-01
2025,3,Kalimantan Timur,Transfer ke Daerah dan Dana Desa (TKDD),920327327636.0,2025-03-01
2025,4,Kalimantan Timur,Transfer ke Daerah dan Dana Desa (TKDD),227243776054.0,2025-04-01
2025,5,Kalimantan Timur,Transfer ke Daerah dan Dana Desa (TKDD),858320730650.0,2025-05-01
2025,6,Kalimantan Timur,Transfer ke Daerah dan Dana Desa (TKDD),559018952963.0,2025-06-01
2025,7,Kalimantan Timur,Transfer ke Daerah dan Dana Desa (TKDD),864207386571.0,2025-07-01
2025,8,Kalimantan Timur,Transfer ke Daerah dan Dana Desa (TKDD),908735890160.0,2025-08-01
2025,9,Kalimantan Timur,Transfer ke Daerah dan Dana Desa (TKDD),1367399729646.0,2025-09-01
2025,10,Kalimantan Timur,Transfer ke Daerah dan Dana Desa (TKDD),128302909999.0,2025-10-01
2025,11,Kalimantan Timur,Transfer ke Daerah dan Dana Desa (TKDD),1113473135246.0,2025-11-01
2025,12,Kalimantan Timur,Transfer ke Daerah dan Dana Desa (TKDD),1080850079912.0,2025-12-01
2021,1,Kalimantan Utara,Belanja Modal,390900388868.0,2021-01-01
2021,2,Kalimantan Utara,Belanja Modal,0.0,2021-02-01
2021,3,Kalimantan Utara,Belanja Modal,0.0,2021-03-01
2021,4,Kalimantan Utara,Belanja Modal,0.0,2021-04-01
2021,5,Kalimantan Utara,Belanja Modal,0.0,2021-05-01
2021,6,Kalimantan Utara,Belanja Modal,0.0,2021-06-01
2021,7,Kalimantan Utara,Belanja Modal,0.0,2021-07-01
2021,8,Kalimantan Utara,Belanja Modal,0.0,2021-08-01
2021,9,Kalimantan Utara,Belanja Modal,0.0,2021-09-01
2021,10,Kalimantan Utara,Belanja Modal,0.0,2021-10-01
2021,11,Kalimantan Utara,Belanja Modal,0.0,2021-11-01
2021,12,Kalimantan Utara,Belanja Modal,0.0,2021-12-01
2022,1,Kalimantan Utara,Belanja Modal,496619274367.07,2022-01-01
2022,2,Kalimantan Utara,Belanja Modal,0.0,2022-02-01
2022,3,Kalimantan Utara,Belanja Modal,0.0,2022-03-01
2022,4,Kalimantan Utara,Belanja Modal,0.0,2022-04-01
2022,5,Kalimantan Utara,Belanja Modal,0.0,2022-05-01
2022,6,Kalimantan Utara,Belanja Modal,0.0,2022-06-01
2022,7,Kalimantan Utara,Belanja Modal,0.0,2022-07-01
2022,8,Kalimantan Utara,Belanja Modal,0.0,2022-08-01
2022,9,Kalimantan Utara,Belanja Modal,0.0,2022-09-01
2022,10,Kalimantan Utara,Belanja Modal,0.0,2022-10-01
2022,11,Kalimantan Utara,Belanja Modal,0.0,2022-11-01
2022,12,Kalimantan Utara,Belanja Modal,0.0,2022-12-01
2023,1,Kalimantan Utara,Belanja Modal,10925717518.0,2023-01-01
2023,2,Kalimantan Utara,Belanja Modal,38586585354.0,2023-02-01
2023,3,Kalimantan Utara,Belanja Modal,1260511578.0,2023-03-01
2023,4,Kalimantan Utara,Belanja Modal,27315292699.0,2023-04-01
2023,5,Kalimantan Utara,Belanja Modal,0.0,2023-05-01
2023,6,Kalimantan Utara,Belanja Modal,30019509915.0,2023-06-01
2023,7,Kalimantan Utara,Belanja Modal,27845577788.0,2023-07-01
2023,8,Kalimantan Utara,Belanja Modal,60409583388.0,2023-08-01
2023,9,Kalimantan Utara,Belanja Modal,40250052591.0,2023-09-01
2023,10,Kalimantan Utara,Belanja Modal,55852622420.0,2023-10-01
2023,11,Kalimantan Utara,Belanja Modal,88401344897.0,2023-11-01
2023,12,Kalimantan Utara,Belanja Modal,237404049038.0,2023-12-01
2024,1,Kalimantan Utara,Belanja Modal,0.0,2024-01-01
2024,2,Kalimantan Utara,Belanja Modal,2318902700.0,2024-02-01
2024,3,Kalimantan Utara,Belanja Modal,8899595840.0,2024-03-01
2024,4,Kalimantan Utara,Belanja Modal,4265569279.0,2024-04-01
2024,5,Kalimantan Utara,Belanja Modal,21196055287.0,2024-05-01
2024,6,Kalimantan Utara,Belanja Modal,25679799272.0,2024-06-01
2024,7,Kalimantan Utara,Belanja Modal,37692219386.09,2024-07-01
2024,8,Kalimantan Utara,Belanja Modal,75370331842.0,2024-08-01
2024,9,Kalimantan Utara,Belanja Modal,36576770599.0,2024-09-01
2024,10,Kalimantan Utara,Belanja Modal,59232443282.0,2024-10-01
2024,11,Kalimantan Utara,Belanja Modal,102763879229.00003,2024-11-01
2024,12,Kalimantan Utara,Belanja Modal,332186084809.99994,2024-12-01
2025,1,Kalimantan Utara,Belanja Modal,0.0,2025-01-01
2025,2,Kalimantan Utara,Belanja Modal,0.0,2025-02-01
2025,3,Kalimantan Utara,Belanja Modal,1905014545.0,2025-03-01
2025,4,Kalimantan Utara,Belanja Modal,1960115915.0,2025-04-01
2025,5,Kalimantan Utara,Belanja Modal,7112412700.0,2025-05-01
2025,6,Kalimantan Utara,Belanja Modal,4237180828.0,2025-06-01
2025,7,Kalimantan Utara,Belanja Modal,9034315476.0,2025-07-01
2025,8,Kalimantan Utara,Belanja Modal,8257412192.0,2025-08-01
2025,9,Kalimantan Utara,Belanja Modal,20032213458.0,2025-09-01
2025,10,Kalimantan Utara,Belanja Modal,0.0,2025-10-01
2025,11,Kalimantan Utara,Belanja Modal,15875074603.0,2025-11-01
2025,12,Kalimantan Utara,Belanja Modal,101993820211.0,2025-12-01
2021,1,Kalimantan Utara,Pendapatan Asli Daerah (PAD),677803723305.0,2021-01-01
2021,2,Kalimantan Utara,Pendapatan Asli Daerah (PAD),0.0,2021-02-01
2021,3,Kalimantan Utara,Pendapatan Asli Daerah (PAD),0.0,2021-03-01
2021,4,Kalimantan Utara,Pendapatan Asli Daerah (PAD),0.0,2021-04-01
2021,5,Kalimantan Utara,Pendapatan Asli Daerah (PAD),0.0,2021-05-01
2021,6,Kalimantan Utara,Pendapatan Asli Daerah (PAD),0.0,2021-06-01
2021,7,Kalimantan Utara,Pendapatan Asli Daerah (PAD),0.0,2021-07-01
2021,8,Kalimantan Utara,Pendapatan Asli Daerah (PAD),0.0,2021-08-01
2021,9,Kalimantan Utara,Pendapatan Asli Daerah (PAD),0.0,2021-09-01
2021,10,Kalimantan Utara,Pendapatan Asli Daerah (PAD),0.0,2021-10-01
2021,11,Kalimantan Utara,Pendapatan Asli Daerah (PAD),0.0,2021-11-01
2021,12,Kalimantan Utara,Pendapatan Asli Daerah (PAD),0.0,2021-12-01
2022,1,Kalimantan Utara,Pendapatan Asli Daerah (PAD),815664188996.5,2022-01-01
2022,2,Kalimantan Utara,Pendapatan Asli Daerah (PAD),0.0,2022-02-01
2022,3,Kalimantan Utara,Pendapatan Asli Daerah (PAD),0.0,2022-03-01
2022,4,Kalimantan Utara,Pendapatan Asli Daerah (PAD),0.0,2022-04-01
2022,5,Kalimantan Utara,Pendapatan Asli Daerah (PAD),0.0,2022-05-01
2022,6,Kalimantan Utara,Pendapatan Asli Daerah (PAD),0.0,2022-06-01
2022,7,Kalimantan Utara,Pendapatan Asli Daerah (PAD),0.0,2022-07-01
2022,8,Kalimantan Utara,Pendapatan Asli Daerah (PAD),0.0,2022-08-01
2022,9,Kalimantan Utara,Pendapatan Asli Daerah (PAD),0.0,2022-09-01
2022,10,Kalimantan Utara,Pendapatan Asli Daerah (PAD),0.0,2022-10-01
2022,11,Kalimantan Utara,Pendapatan Asli Daerah (PAD),0.0,2022-11-01
2022,12,Kalimantan Utara,Pendapatan Asli Daerah (PAD),0.0,2022-12-01
2023,1,Kalimantan Utara,Pendapatan Asli Daerah (PAD),58268949473.47,2023-01-01
2023,2,Kalimantan Utara,Pendapatan Asli Daerah (PAD),68733100081.95,2023-02-01
2023,3,Kalimantan Utara,Pendapatan Asli Daerah (PAD),84919755852.56999,2023-03-01
2023,4,Kalimantan Utara,Pendapatan Asli Daerah (PAD),101528613763.45001,2023-04-01
2023,5,Kalimantan Utara,Pendapatan Asli Daerah (PAD),0.0,2023-05-01
2023,6,Kalimantan Utara,Pendapatan Asli Daerah (PAD),63075711944.98999,2023-06-01
2023,7,Kalimantan Utara,Pendapatan Asli Daerah (PAD),66420037143.73999,2023-07-01
2023,8,Kalimantan Utara,Pendapatan Asli Daerah (PAD),87969222805.0,2023-08-01
2023,9,Kalimantan Utara,Pendapatan Asli Daerah (PAD),77905722198.33002,2023-09-01
2023,10,Kalimantan Utara,Pendapatan Asli Daerah (PAD),76259018523.60999,2023-10-01
2023,11,Kalimantan Utara,Pendapatan Asli Daerah (PAD),105548651563.55005,2023-11-01
2023,12,Kalimantan Utara,Pendapatan Asli Daerah (PAD),116682985741.23999,2023-12-01
2024,1,Kalimantan Utara,Pendapatan Asli Daerah (PAD),80419442594.81,2024-01-01
2024,2,Kalimantan Utara,Pendapatan Asli Daerah (PAD),60635527269.01999,2024-02-01
2024,3,Kalimantan Utara,Pendapatan Asli Daerah (PAD),72189459975.40002,2024-03-01
2024,4,Kalimantan Utara,Pendapatan Asli Daerah (PAD),127801694719.01999,2024-04-01
2024,5,Kalimantan Utara,Pendapatan Asli Daerah (PAD),62366080837.42999,2024-05-01
2024,6,Kalimantan Utara,Pendapatan Asli Daerah (PAD),0.0,2024-06-01
2024,7,Kalimantan Utara,Pendapatan Asli Daerah (PAD),216129895931.06995,2024-07-01
2024,8,Kalimantan Utara,Pendapatan Asli Daerah (PAD),77323449722.06006,2024-08-01
2024,9,Kalimantan Utara,Pendapatan Asli Daerah (PAD),87967985299.21997,2024-09-01
2024,10,Kalimantan Utara,Pendapatan Asli Daerah (PAD),89657928104.33997,2024-10-01
2024,11,Kalimantan Utara,Pendapatan Asli Daerah (PAD),84120713958.1001,2024-11-01
2024,12,Kalimantan Utara,Pendapatan Asli Daerah (PAD),106261574877.94995,2024-12-01
2025,1,Kalimantan Utara,Pendapatan Asli Daerah (PAD),66944437853.82,2025-01-01
2025,2,Kalimantan Utara,Pendapatan Asli Daerah (PAD),52336105479.560005,2025-02-01
2025,3,Kalimantan Utara,Pendapatan Asli Daerah (PAD),64331672387.69998,2025-03-01
2025,4,Kalimantan Utara,Pendapatan Asli Daerah (PAD),93855828364.36002,2025-04-01
2025,5,Kalimantan Utara,Pendapatan Asli Daerah (PAD),55626910286.609985,2025-05-01
2025,6,Kalimantan Utara,Pendapatan Asli Daerah (PAD),45241330185.70001,2025-06-01
2025,7,Kalimantan Utara,Pendapatan Asli Daerah (PAD),104486452301.66998,2025-07-01
2025,8,Kalimantan Utara,Pendapatan Asli Daerah (PAD),60952318624.33002,2025-08-01
2025,9,Kalimantan Utara,Pendapatan Asli Daerah (PAD),59401861359.19995,2025-09-01
2025,10,Kalimantan Utara,Pendapatan Asli Daerah (PAD),0.0,2025-10-01
2025,11,Kalimantan Utara,Pendapatan Asli Daerah (PAD),42511913454.21008,2025-11-01
2025,12,Kalimantan Utara,Pendapatan Asli Daerah (PAD),46301552753.19995,2025-12-01
2021,1,Kalimantan Utara,Total Belanja Daerah,2372645890286.0,2021-01-01
2021,2,Kalimantan Utara,Total Belanja Daerah,0.0,2021-02-01
2021,3,Kalimantan Utara,Total Belanja Daerah,0.0,2021-03-01
2021,4,Kalimantan Utara,Total Belanja Daerah,0.0,2021-04-01
2021,5,Kalimantan Utara,Total Belanja Daerah,0.0,2021-05-01
2021,6,Kalimantan Utara,Total Belanja Daerah,0.0,2021-06-01
2021,7,Kalimantan Utara,Total Belanja Daerah,0.0,2021-07-01
2021,8,Kalimantan Utara,Total Belanja Daerah,0.0,2021-08-01
2021,9,Kalimantan Utara,Total Belanja Daerah,0.0,2021-09-01
2021,10,Kalimantan Utara,Total Belanja Daerah,0.0,2021-10-01
2021,11,Kalimantan Utara,Total Belanja Daerah,0.0,2021-11-01
2021,12,Kalimantan Utara,Total Belanja Daerah,0.0,2021-12-01
2022,1,Kalimantan Utara,Total Belanja Daerah,2553577991131.0,2022-01-01
2022,2,Kalimantan Utara,Total Belanja Daerah,0.0,2022-02-01
2022,3,Kalimantan Utara,Total Belanja Daerah,0.0,2022-03-01
2022,4,Kalimantan Utara,Total Belanja Daerah,0.0,2022-04-01
2022,5,Kalimantan Utara,Total Belanja Daerah,0.0,2022-05-01
2022,6,Kalimantan Utara,Total Belanja Daerah,0.0,2022-06-01
2022,7,Kalimantan Utara,Total Belanja Daerah,0.0,2022-07-01
2022,8,Kalimantan Utara,Total Belanja Daerah,0.0,2022-08-01
2022,9,Kalimantan Utara,Total Belanja Daerah,0.0,2022-09-01
2022,10,Kalimantan Utara,Total Belanja Daerah,0.0,2022-10-01
2022,11,Kalimantan Utara,Total Belanja Daerah,0.0,2022-11-01
2022,12,Kalimantan Utara,Total Belanja Daerah,0.0,2022-12-01
2023,1,Kalimantan Utara,Total Belanja Daerah,14771988459.0,2023-01-01
2023,2,Kalimantan Utara,Total Belanja Daerah,146324804489.0,2023-02-01
2023,3,Kalimantan Utara,Total Belanja Daerah,152248097277.0,2023-03-01
2023,4,Kalimantan Utara,Total Belanja Daerah,191642406639.0,2023-04-01
2023,5,Kalimantan Utara,Total Belanja Daerah,0.0,2023-05-01
2023,6,Kalimantan Utara,Total Belanja Daerah,225622107947.0,2023-06-01
2023,7,Kalimantan Utara,Total Belanja Daerah,210477750422.0,2023-07-01
2023,8,Kalimantan Utara,Total Belanja Daerah,255468079362.19995,2023-08-01
2023,9,Kalimantan Utara,Total Belanja Daerah,180607814244.0,2023-09-01
2023,10,Kalimantan Utara,Total Belanja Daerah,232513591444.90015,2023-10-01
2023,11,Kalimantan Utara,Total Belanja Daerah,392609866850.3999,2023-11-01
2023,12,Kalimantan Utara,Total Belanja Daerah,1011457179411.2998,2023-12-01
2024,1,Kalimantan Utara,Total Belanja Daerah,87781620854.0,2024-01-01
2024,2,Kalimantan Utara,Total Belanja Daerah,96053046119.0,2024-02-01
2024,3,Kalimantan Utara,Total Belanja Daerah,194814921574.91998,2024-03-01
2024,4,Kalimantan Utara,Total Belanja Daerah,190374550141.00006,2024-04-01
2024,5,Kalimantan Utara,Total Belanja Daerah,279956234040.6,2024-05-01
2024,6,Kalimantan Utara,Total Belanja Daerah,105323950029.47998,2024-06-01
2024,7,Kalimantan Utara,Total Belanja Daerah,466844312012.69995,2024-07-01
2024,8,Kalimantan Utara,Total Belanja Daerah,308508669735.0,2024-08-01
2024,9,Kalimantan Utara,Total Belanja Daerah,228811273406.6001,2024-09-01
2024,10,Kalimantan Utara,Total Belanja Daerah,299274700449.59985,2024-10-01
2024,11,Kalimantan Utara,Total Belanja Daerah,385715940341.8003,2024-11-01
2024,12,Kalimantan Utara,Total Belanja Daerah,927499799888.3999,2024-12-01
2025,1,Kalimantan Utara,Total Belanja Daerah,47415633790.0,2025-01-01
2025,2,Kalimantan Utara,Total Belanja Daerah,108379945556.0,2025-02-01
2025,3,Kalimantan Utara,Total Belanja Daerah,193128742494.0,2025-03-01
2025,4,Kalimantan Utara,Total Belanja Daerah,128100801419.0,2025-04-01
2025,5,Kalimantan Utara,Total Belanja Daerah,160662320886.0,2025-05-01
2025,6,Kalimantan Utara,Total Belanja Daerah,210678184901.0,2025-06-01
2025,7,Kalimantan Utara,Total Belanja Daerah,212937273783.30005,2025-07-01
2025,8,Kalimantan Utara,Total Belanja Daerah,177773377736.0,2025-08-01
2025,9,Kalimantan Utara,Total Belanja Daerah,220754307455.30005,2025-09-01
2025,10,Kalimantan Utara,Total Belanja Daerah,0.0,2025-10-01
2025,11,Kalimantan Utara,Total Belanja Daerah,191852308483.0,2025-11-01
2025,12,Kalimantan Utara,Total Belanja Daerah,617081642952.0,2025-12-01
2021,1,Kalimantan Utara,Total Pendapatan Daerah,2609501844014.0,2021-01-01
2021,2,Kalimantan Utara,Total Pendapatan Daerah,0.0,2021-02-01
2021,3,Kalimantan Utara,Total Pendapatan Daerah,0.0,2021-03-01
2021,4,Kalimantan Utara,Total Pendapatan Daerah,0.0,2021-04-01
2021,5,Kalimantan Utara,Total Pendapatan Daerah,0.0,2021-05-01
2021,6,Kalimantan Utara,Total Pendapatan Daerah,0.0,2021-06-01
2021,7,Kalimantan Utara,Total Pendapatan Daerah,0.0,2021-07-01
2021,8,Kalimantan Utara,Total Pendapatan Daerah,0.0,2021-08-01
2021,9,Kalimantan Utara,Total Pendapatan Daerah,0.0,2021-09-01
2021,10,Kalimantan Utara,Total Pendapatan Daerah,0.0,2021-10-01
2021,11,Kalimantan Utara,Total Pendapatan Daerah,0.0,2021-11-01
2021,12,Kalimantan Utara,Total Pendapatan Daerah,0.0,2021-12-01
2022,1,Kalimantan Utara,Total Pendapatan Daerah,2731491817451.5,2022-01-01
2022,2,Kalimantan Utara,Total Pendapatan Daerah,0.0,2022-02-01
2022,3,Kalimantan Utara,Total Pendapatan Daerah,0.0,2022-03-01
2022,4,Kalimantan Utara,Total Pendapatan Daerah,0.0,2022-04-01
2022,5,Kalimantan Utara,Total Pendapatan Daerah,0.0,2022-05-01
2022,6,Kalimantan Utara,Total Pendapatan Daerah,0.0,2022-06-01
2022,7,Kalimantan Utara,Total Pendapatan Daerah,0.0,2022-07-01
2022,8,Kalimantan Utara,Total Pendapatan Daerah,0.0,2022-08-01
2022,9,Kalimantan Utara,Total Pendapatan Daerah,0.0,2022-09-01
2022,10,Kalimantan Utara,Total Pendapatan Daerah,0.0,2022-10-01
2022,11,Kalimantan Utara,Total Pendapatan Daerah,0.0,2022-11-01
2022,12,Kalimantan Utara,Total Pendapatan Daerah,0.0,2022-12-01
2023,1,Kalimantan Utara,Total Pendapatan Daerah,279976897011.47,2023-01-01
2023,2,Kalimantan Utara,Total Pendapatan Daerah,154237654305.95,2023-02-01
2023,3,Kalimantan Utara,Total Pendapatan Daerah,203757525041.57,2023-03-01
2023,4,Kalimantan Utara,Total Pendapatan Daerah,297675696050.44995,2023-04-01
2023,5,Kalimantan Utara,Total Pendapatan Daerah,0.0,2023-05-01
2023,6,Kalimantan Utara,Total Pendapatan Daerah,190643164494.95996,2023-06-01
2023,7,Kalimantan Utara,Total Pendapatan Daerah,166184327643.80005,2023-07-01
2023,8,Kalimantan Utara,Total Pendapatan Daerah,302276794155.0,2023-08-01
2023,9,Kalimantan Utara,Total Pendapatan Daerah,238715130453.30005,2023-09-01
2023,10,Kalimantan Utara,Total Pendapatan Daerah,320568278234.6001,2023-10-01
2023,11,Kalimantan Utara,Total Pendapatan Daerah,254638476488.6001,2023-11-01
2023,12,Kalimantan Utara,Total Pendapatan Daerah,436158536993.1997,2023-12-01
2024,1,Kalimantan Utara,Total Pendapatan Daerah,357221874902.81,2024-01-01
2024,2,Kalimantan Utara,Total Pendapatan Daerah,137966594172.02002,2024-02-01
2024,3,Kalimantan Utara,Total Pendapatan Daerah,226654970435.39996,2024-03-01
2024,4,Kalimantan Utara,Total Pendapatan Daerah,354630194971.07007,2024-04-01
2024,5,Kalimantan Utara,Total Pendapatan Daerah,201529746156.3999,2024-05-01
2024,6,Kalimantan Utara,Total Pendapatan Daerah,87722819602.6001,2024-06-01
2024,7,Kalimantan Utara,Total Pendapatan Daerah,515544367813.0,2024-07-01
2024,8,Kalimantan Utara,Total Pendapatan Daerah,405695470720.09985,2024-08-01
2024,9,Kalimantan Utara,Total Pendapatan Daerah,401804726525.2002,2024-09-01
2024,10,Kalimantan Utara,Total Pendapatan Daerah,359154029354.3999,2024-10-01
2024,11,Kalimantan Utara,Total Pendapatan Daerah,193669040451.1001,2024-11-01
2024,12,Kalimantan Utara,Total Pendapatan Daerah,217431539366.8999,2024-12-01
2025,1,Kalimantan Utara,Total Pendapatan Daerah,234612671421.82,2025-01-01
2025,2,Kalimantan Utara,Total Pendapatan Daerah,161280458979.56,2025-02-01
2025,3,Kalimantan Utara,Total Pendapatan Daerah,231762820232.69995,2025-03-01
2025,4,Kalimantan Utara,Total Pendapatan Daerah,280104774152.36,2025-04-01
2025,5,Kalimantan Utara,Total Pendapatan Daerah,200566731141.66016,2025-05-01
2025,6,Kalimantan Utara,Total Pendapatan Daerah,156469591145.69995,2025-06-01
2025,7,Kalimantan Utara,Total Pendapatan Daerah,277066905813.59985,2025-07-01
2025,8,Kalimantan Utara,Total Pendapatan Daerah,252310326450.40015,2025-08-01
2025,9,Kalimantan Utara,Total Pendapatan Daerah,268187662796.19995,2025-09-01
2025,10,Kalimantan Utara,Total Pendapatan Daerah,0.0,2025-10-01
2025,11,Kalimantan Utara,Total Pendapatan Daerah,231118018026.3003,2025-11-01
2025,12,Kalimantan Utara,Total Pendapatan Daerah,97262696302.1997,2025-12-01
2021,1,Kalimantan Utara,Transfer ke Daerah dan Dana Desa (TKDD),1890949863341.0,2021-01-01
2021,2,Kalimantan Utara,Transfer ke Daerah dan Dana Desa (TKDD),0.0,2021-02-01
2021,3,Kalimantan Utara,Transfer ke Daerah dan Dana Desa (TKDD),0.0,2021-03-01
2021,4,Kalimantan Utara,Transfer ke Daerah dan Dana Desa (TKDD),0.0,2021-04-01
2021,5,Kalimantan Utara,Transfer ke Daerah dan Dana Desa (TKDD),0.0,2021-05-01
2021,6,Kalimantan Utara,Transfer ke Daerah dan Dana Desa (TKDD),0.0,2021-06-01
2021,7,Kalimantan Utara,Transfer ke Daerah dan Dana Desa (TKDD),0.0,2021-07-01
2021,8,Kalimantan Utara,Transfer ke Daerah dan Dana Desa (TKDD),0.0,2021-08-01
2021,9,Kalimantan Utara,Transfer ke Daerah dan Dana Desa (TKDD),0.0,2021-09-01
2021,10,Kalimantan Utara,Transfer ke Daerah dan Dana Desa (TKDD),0.0,2021-10-01
2021,11,Kalimantan Utara,Transfer ke Daerah dan Dana Desa (TKDD),0.0,2021-11-01
2021,12,Kalimantan Utara,Transfer ke Daerah dan Dana Desa (TKDD),0.0,2021-12-01
2022,1,Kalimantan Utara,Transfer ke Daerah dan Dana Desa (TKDD),1908970208199.0,2022-01-01
2022,2,Kalimantan Utara,Transfer ke Daerah dan Dana Desa (TKDD),0.0,2022-02-01
2022,3,Kalimantan Utara,Transfer ke Daerah dan Dana Desa (TKDD),0.0,2022-03-01
2022,4,Kalimantan Utara,Transfer ke Daerah dan Dana Desa (TKDD),0.0,2022-04-01
2022,5,Kalimantan Utara,Transfer ke Daerah dan Dana Desa (TKDD),0.0,2022-05-01
2022,6,Kalimantan Utara,Transfer ke Daerah dan Dana Desa (TKDD),0.0,2022-06-01
2022,7,Kalimantan Utara,Transfer ke Daerah dan Dana Desa (TKDD),0.0,2022-07-01
2022,8,Kalimantan Utara,Transfer ke Daerah dan Dana Desa (TKDD),0.0,2022-08-01
2022,9,Kalimantan Utara,Transfer ke Daerah dan Dana Desa (TKDD),0.0,2022-09-01
2022,10,Kalimantan Utara,Transfer ke Daerah dan Dana Desa (TKDD),0.0,2022-10-01
2022,11,Kalimantan Utara,Transfer ke Daerah dan Dana Desa (TKDD),0.0,2022-11-01
2022,12,Kalimantan Utara,Transfer ke Daerah dan Dana Desa (TKDD),0.0,2022-12-01
2023,1,Kalimantan Utara,Transfer ke Daerah dan Dana Desa (TKDD),221522935400.0,2023-01-01
2023,2,Kalimantan Utara,Transfer ke Daerah dan Dana Desa (TKDD),85340293800.0,2023-02-01
2023,3,Kalimantan Utara,Transfer ke Daerah dan Dana Desa (TKDD),118834551764.0,2023-03-01
2023,4,Kalimantan Utara,Transfer ke Daerah dan Dana Desa (TKDD),196137491687.0,2023-04-01
2023,5,Kalimantan Utara,Transfer ke Daerah dan Dana Desa (TKDD),0.0,2023-05-01
2023,6,Kalimantan Utara,Transfer ke Daerah dan Dana Desa (TKDD),127567452550.0,2023-06-01
2023,7,Kalimantan Utara,Transfer ke Daerah dan Dana Desa (TKDD),99707304500.0,2023-07-01
2023,8,Kalimantan Utara,Transfer ke Daerah dan Dana Desa (TKDD),214250128350.0,2023-08-01
2023,9,Kalimantan Utara,Transfer ke Daerah dan Dana Desa (TKDD),160751377290.0,2023-09-01
2023,10,Kalimantan Utara,Transfer ke Daerah dan Dana Desa (TKDD),244246742297.0,2023-10-01
2023,11,Kalimantan Utara,Transfer ke Daerah dan Dana Desa (TKDD),149026581925.0,2023-11-01
2023,12,Kalimantan Utara,Transfer ke Daerah dan Dana Desa (TKDD),314214033252.0,2023-12-01
2024,1,Kalimantan Utara,Transfer ke Daerah dan Dana Desa (TKDD),276599997600.0,2024-01-01
2024,2,Kalimantan Utara,Transfer ke Daerah dan Dana Desa (TKDD),77326692600.0,2024-02-01
2024,3,Kalimantan Utara,Transfer ke Daerah dan Dana Desa (TKDD),154441509306.0,2024-03-01
2024,4,Kalimantan Utara,Transfer ke Daerah dan Dana Desa (TKDD),226695297657.0,2024-04-01
2024,5,Kalimantan Utara,Transfer ke Daerah dan Dana Desa (TKDD),138250395700.0,2024-05-01
2024,6,Kalimantan Utara,Transfer ke Daerah dan Dana Desa (TKDD),118831215390.0,2024-06-01
2024,7,Kalimantan Utara,Transfer ke Daerah dan Dana Desa (TKDD),299432967515.0,2024-07-01
2024,8,Kalimantan Utara,Transfer ke Daerah dan Dana Desa (TKDD),328372020998.0,2024-08-01
2024,9,Kalimantan Utara,Transfer ke Daerah dan Dana Desa (TKDD),313737723726.0,2024-09-01
2024,10,Kalimantan Utara,Transfer ke Daerah dan Dana Desa (TKDD),269401196250.0,2024-10-01
2024,11,Kalimantan Utara,Transfer ke Daerah dan Dana Desa (TKDD),109453421493.0,2024-11-01
2024,12,Kalimantan Utara,Transfer ke Daerah dan Dana Desa (TKDD),104733443672.0,2024-12-01
2025,1,Kalimantan Utara,Transfer ke Daerah dan Dana Desa (TKDD),167482265500.0,2025-01-01
2025,2,Kalimantan Utara,Transfer ke Daerah dan Dana Desa (TKDD),108939383500.0,2025-02-01
2025,3,Kalimantan Utara,Transfer ke Daerah dan Dana Desa (TKDD),167427976020.0,2025-03-01
2025,4,Kalimantan Utara,Transfer ke Daerah dan Dana Desa (TKDD),155083268876.0,2025-04-01
2025,5,Kalimantan Utara,Transfer ke Daerah dan Dana Desa (TKDD),144937820855.0,2025-05-01
2025,6,Kalimantan Utara,Transfer ke Daerah dan Dana Desa (TKDD),114157523706.0,2025-06-01
2025,7,Kalimantan Utara,Transfer ke Daerah dan Dana Desa (TKDD),169651190280.0,2025-07-01
2025,8,Kalimantan Utara,Transfer ke Daerah dan Dana Desa (TKDD),191358007826.0,2025-08-01
2025,9,Kalimantan Utara,Transfer ke Daerah dan Dana Desa (TKDD),208501023437.0,2025-09-01
2025,10,Kalimantan Utara,Transfer ke Daerah dan Dana Desa (TKDD),0.0,2025-10-01
2025,11,Kalimantan Utara,Transfer ke Daerah dan Dana Desa (TKDD),188606104572.0,2025-11-01
2025,12,Kalimantan Utara,Transfer ke Daerah dan Dana Desa (TKDD),50929501549.0,2025-12-01
2021,1,Kepulauan Riau,Belanja Modal,338332248969.0,2021-01-01
2021,2,Kepulauan Riau,Belanja Modal,0.0,2021-02-01
2021,3,Kepulauan Riau,Belanja Modal,0.0,2021-03-01
2021,4,Kepulauan Riau,Belanja Modal,0.0,2021-04-01
2021,5,Kepulauan Riau,Belanja Modal,0.0,2021-05-01
2021,6,Kepulauan Riau,Belanja Modal,0.0,2021-06-01
2021,7,Kepulauan Riau,Belanja Modal,0.0,2021-07-01
2021,8,Kepulauan Riau,Belanja Modal,0.0,2021-08-01
2021,9,Kepulauan Riau,Belanja Modal,0.0,2021-09-01
2021,10,Kepulauan Riau,Belanja Modal,0.0,2021-10-01
2021,11,Kepulauan Riau,Belanja Modal,0.0,2021-11-01
2021,12,Kepulauan Riau,Belanja Modal,0.0,2021-12-01
2022,1,Kepulauan Riau,Belanja Modal,552161762368.05,2022-01-01
2022,2,Kepulauan Riau,Belanja Modal,0.0,2022-02-01
2022,3,Kepulauan Riau,Belanja Modal,0.0,2022-03-01
2022,4,Kepulauan Riau,Belanja Modal,0.0,2022-04-01
2022,5,Kepulauan Riau,Belanja Modal,0.0,2022-05-01
2022,6,Kepulauan Riau,Belanja Modal,0.0,2022-06-01
2022,7,Kepulauan Riau,Belanja Modal,0.0,2022-07-01
2022,8,Kepulauan Riau,Belanja Modal,0.0,2022-08-01
2022,9,Kepulauan Riau,Belanja Modal,0.0,2022-09-01
2022,10,Kepulauan Riau,Belanja Modal,0.0,2022-10-01
2022,11,Kepulauan Riau,Belanja Modal,0.0,2022-11-01
2022,12,Kepulauan Riau,Belanja Modal,0.0,2022-12-01
2023,1,Kepulauan Riau,Belanja Modal,906827620.0,2023-01-01
2023,2,Kepulauan Riau,Belanja Modal,213480000.0,2023-02-01
2023,3,Kepulauan Riau,Belanja Modal,12270991427.98,2023-03-01
2023,4,Kepulauan Riau,Belanja Modal,17378437534.0,2023-04-01
2023,5,Kepulauan Riau,Belanja Modal,0.0,2023-05-01
2023,6,Kepulauan Riau,Belanja Modal,50621201321.40001,2023-06-01
2023,7,Kepulauan Riau,Belanja Modal,32214368471.679993,2023-07-01
2023,8,Kepulauan Riau,Belanja Modal,67457882220.07001,2023-08-01
2023,9,Kepulauan Riau,Belanja Modal,26088093991.98999,2023-09-01
2023,10,Kepulauan Riau,Belanja Modal,77757913632.01001,2023-10-01
2023,11,Kepulauan Riau,Belanja Modal,75402601427.70001,2023-11-01
2023,12,Kepulauan Riau,Belanja Modal,241024162249.43,2023-12-01
2024,1,Kepulauan Riau,Belanja Modal,7912500.0,2024-01-01
2024,2,Kepulauan Riau,Belanja Modal,1427003520.0,2024-02-01
2024,3,Kepulauan Riau,Belanja Modal,10626680030.0,2024-03-01
2024,4,Kepulauan Riau,Belanja Modal,12756402965.0,2024-04-01
2024,5,Kepulauan Riau,Belanja Modal,9759759900.0,2024-05-01
2024,6,Kepulauan Riau,Belanja Modal,9464863872.0,2024-06-01
2024,7,Kepulauan Riau,Belanja Modal,30218365107.58,2024-07-01
2024,8,Kepulauan Riau,Belanja Modal,25826410134.0,2024-08-01
2024,9,Kepulauan Riau,Belanja Modal,13430614841.0,2024-09-01
2024,10,Kepulauan Riau,Belanja Modal,41564380968.62001,2024-10-01
2024,11,Kepulauan Riau,Belanja Modal,28057788016.23999,2024-11-01
2024,12,Kepulauan Riau,Belanja Modal,124203893735.41998,2024-12-01
2025,1,Kepulauan Riau,Belanja Modal,0.0,2025-01-01
2025,2,Kepulauan Riau,Belanja Modal,6307997.0,2025-02-01
2025,3,Kepulauan Riau,Belanja Modal,16710871084.29,2025-03-01
2025,4,Kepulauan Riau,Belanja Modal,1696856090.0,2025-04-01
2025,5,Kepulauan Riau,Belanja Modal,7176986324.389999,2025-05-01
2025,6,Kepulauan Riau,Belanja Modal,15315392610.769997,2025-06-01
2025,7,Kepulauan Riau,Belanja Modal,26055208009.0,2025-07-01
2025,8,Kepulauan Riau,Belanja Modal,7278415687.199997,2025-08-01
2025,9,Kepulauan Riau,Belanja Modal,27166836125.270004,2025-09-01
2025,10,Kepulauan Riau,Belanja Modal,41636161990.7,2025-10-01
2025,11,Kepulauan Riau,Belanja Modal,35733833325.25,2025-11-01
2025,12,Kepulauan Riau,Belanja Modal,53383008466.29001,2025-12-01
2021,1,Kepulauan Riau,Pendapatan Asli Daerah (PAD),1375770280701.0,2021-01-01
2021,2,Kepulauan Riau,Pendapatan Asli Daerah (PAD),0.0,2021-02-01
2021,3,Kepulauan Riau,Pendapatan Asli Daerah (PAD),0.0,2021-03-01
2021,4,Kepulauan Riau,Pendapatan Asli Daerah (PAD),0.0,2021-04-01
2021,5,Kepulauan Riau,Pendapatan Asli Daerah (PAD),0.0,2021-05-01
2021,6,Kepulauan Riau,Pendapatan Asli Daerah (PAD),0.0,2021-06-01
2021,7,Kepulauan Riau,Pendapatan Asli Daerah (PAD),0.0,2021-07-01
2021,8,Kepulauan Riau,Pendapatan Asli Daerah (PAD),0.0,2021-08-01
2021,9,Kepulauan Riau,Pendapatan Asli Daerah (PAD),0.0,2021-09-01
2021,10,Kepulauan Riau,Pendapatan Asli Daerah (PAD),0.0,2021-10-01
2021,11,Kepulauan Riau,Pendapatan Asli Daerah (PAD),0.0,2021-11-01
2021,12,Kepulauan Riau,Pendapatan Asli Daerah (PAD),0.0,2021-12-01
2022,1,Kepulauan Riau,Pendapatan Asli Daerah (PAD),1675729889079.9,2022-01-01
2022,2,Kepulauan Riau,Pendapatan Asli Daerah (PAD),0.0,2022-02-01
2022,3,Kepulauan Riau,Pendapatan Asli Daerah (PAD),0.0,2022-03-01
2022,4,Kepulauan Riau,Pendapatan Asli Daerah (PAD),0.0,2022-04-01
2022,5,Kepulauan Riau,Pendapatan Asli Daerah (PAD),0.0,2022-05-01
2022,6,Kepulauan Riau,Pendapatan Asli Daerah (PAD),0.0,2022-06-01
2022,7,Kepulauan Riau,Pendapatan Asli Daerah (PAD),0.0,2022-07-01
2022,8,Kepulauan Riau,Pendapatan Asli Daerah (PAD),0.0,2022-08-01
2022,9,Kepulauan Riau,Pendapatan Asli Daerah (PAD),0.0,2022-09-01
2022,10,Kepulauan Riau,Pendapatan Asli Daerah (PAD),0.0,2022-10-01
2022,11,Kepulauan Riau,Pendapatan Asli Daerah (PAD),0.0,2022-11-01
2022,12,Kepulauan Riau,Pendapatan Asli Daerah (PAD),0.0,2022-12-01
2023,1,Kepulauan Riau,Pendapatan Asli Daerah (PAD),116431607993.61,2023-01-01
2023,2,Kepulauan Riau,Pendapatan Asli Daerah (PAD),111873306933.2,2023-02-01
2023,3,Kepulauan Riau,Pendapatan Asli Daerah (PAD),132598847003.28003,2023-03-01
2023,4,Kepulauan Riau,Pendapatan Asli Daerah (PAD),169385859756.34998,2023-04-01
2023,5,Kepulauan Riau,Pendapatan Asli Daerah (PAD),0.0,2023-05-01
2023,6,Kepulauan Riau,Pendapatan Asli Daerah (PAD),142354205580.90997,2023-06-01
2023,7,Kepulauan Riau,Pendapatan Asli Daerah (PAD),154513090841.66003,2023-07-01
2023,8,Kepulauan Riau,Pendapatan Asli Daerah (PAD),132360198420.83997,2023-08-01
2023,9,Kepulauan Riau,Pendapatan Asli Daerah (PAD),164479810108.65002,2023-09-01
2023,10,Kepulauan Riau,Pendapatan Asli Daerah (PAD),188151308003.1001,2023-10-01
2023,11,Kepulauan Riau,Pendapatan Asli Daerah (PAD),146931242490.2998,2023-11-01
2023,12,Kepulauan Riau,Pendapatan Asli Daerah (PAD),210000681911.30005,2023-12-01
2024,1,Kepulauan Riau,Pendapatan Asli Daerah (PAD),145914654056.3,2024-01-01
2024,2,Kepulauan Riau,Pendapatan Asli Daerah (PAD),118626425816.48001,2024-02-01
2024,3,Kepulauan Riau,Pendapatan Asli Daerah (PAD),134082088164.07999,2024-03-01
2024,4,Kepulauan Riau,Pendapatan Asli Daerah (PAD),208982366429.07007,2024-04-01
2024,5,Kepulauan Riau,Pendapatan Asli Daerah (PAD),148769149835.28992,2024-05-01
2024,6,Kepulauan Riau,Pendapatan Asli Daerah (PAD),88980757195.78003,2024-06-01
2024,7,Kepulauan Riau,Pendapatan Asli Daerah (PAD),260620656695.6001,2024-07-01
2024,8,Kepulauan Riau,Pendapatan Asli Daerah (PAD),147561181941.5,2024-08-01
2024,9,Kepulauan Riau,Pendapatan Asli Daerah (PAD),151050715342.0,2024-09-01
2024,10,Kepulauan Riau,Pendapatan Asli Daerah (PAD),202690098596.8999,2024-10-01
2024,11,Kepulauan Riau,Pendapatan Asli Daerah (PAD),147636217331.30005,2024-11-01
2024,12,Kepulauan Riau,Pendapatan Asli Daerah (PAD),225547452060.3999,2024-12-01
2025,1,Kepulauan Riau,Pendapatan Asli Daerah (PAD),188808327688.48,2025-01-01
2025,2,Kepulauan Riau,Pendapatan Asli Daerah (PAD),98892525210.67001,2025-02-01
2025,3,Kepulauan Riau,Pendapatan Asli Daerah (PAD),131611962770.59998,2025-03-01
2025,4,Kepulauan Riau,Pendapatan Asli Daerah (PAD),239004192790.53003,2025-04-01
2025,5,Kepulauan Riau,Pendapatan Asli Daerah (PAD),108229722099.22998,2025-05-01
2025,6,Kepulauan Riau,Pendapatan Asli Daerah (PAD),104426112387.92004,2025-06-01
2025,7,Kepulauan Riau,Pendapatan Asli Daerah (PAD),178635691719.16992,2025-07-01
2025,8,Kepulauan Riau,Pendapatan Asli Daerah (PAD),121382372916.29993,2025-08-01
2025,9,Kepulauan Riau,Pendapatan Asli Daerah (PAD),128759035647.7002,2025-09-01
2025,10,Kepulauan Riau,Pendapatan Asli Daerah (PAD),170766395089.0,2025-10-01
2025,11,Kepulauan Riau,Pendapatan Asli Daerah (PAD),115105035007.3999,2025-11-01
2025,12,Kepulauan Riau,Pendapatan Asli Daerah (PAD),150714759877.8999,2025-12-01
2021,1,Kepulauan Riau,Total Belanja Daerah,3703816067350.0,2021-01-01
2021,2,Kepulauan Riau,Total Belanja Daerah,0.0,2021-02-01
2021,3,Kepulauan Riau,Total Belanja Daerah,0.0,2021-03-01
2021,4,Kepulauan Riau,Total Belanja Daerah,0.0,2021-04-01
2021,5,Kepulauan Riau,Total Belanja Daerah,0.0,2021-05-01
2021,6,Kepulauan Riau,Total Belanja Daerah,0.0,2021-06-01
2021,7,Kepulauan Riau,Total Belanja Daerah,0.0,2021-07-01
2021,8,Kepulauan Riau,Total Belanja Daerah,0.0,2021-08-01
2021,9,Kepulauan Riau,Total Belanja Daerah,0.0,2021-09-01
2021,10,Kepulauan Riau,Total Belanja Daerah,0.0,2021-10-01
2021,11,Kepulauan Riau,Total Belanja Daerah,0.0,2021-11-01
2021,12,Kepulauan Riau,Total Belanja Daerah,0.0,2021-12-01
2022,1,Kepulauan Riau,Total Belanja Daerah,3842586411976.2,2022-01-01
2022,2,Kepulauan Riau,Total Belanja Daerah,0.0,2022-02-01
2022,3,Kepulauan Riau,Total Belanja Daerah,0.0,2022-03-01
2022,4,Kepulauan Riau,Total Belanja Daerah,0.0,2022-04-01
2022,5,Kepulauan Riau,Total Belanja Daerah,0.0,2022-05-01
2022,6,Kepulauan Riau,Total Belanja Daerah,0.0,2022-06-01
2022,7,Kepulauan Riau,Total Belanja Daerah,0.0,2022-07-01
2022,8,Kepulauan Riau,Total Belanja Daerah,0.0,2022-08-01
2022,9,Kepulauan Riau,Total Belanja Daerah,0.0,2022-09-01
2022,10,Kepulauan Riau,Total Belanja Daerah,0.0,2022-10-01
2022,11,Kepulauan Riau,Total Belanja Daerah,0.0,2022-11-01
2022,12,Kepulauan Riau,Total Belanja Daerah,0.0,2022-12-01
2023,1,Kepulauan Riau,Total Belanja Daerah,29402809615.0,2023-01-01
2023,2,Kepulauan Riau,Total Belanja Daerah,73254090107.0,2023-02-01
2023,3,Kepulauan Riau,Total Belanja Daerah,401654128759.98,2023-03-01
2023,4,Kepulauan Riau,Total Belanja Daerah,371339996042.89,2023-04-01
2023,5,Kepulauan Riau,Total Belanja Daerah,0.0,2023-05-01
2023,6,Kepulauan Riau,Total Belanja Daerah,325068336280.82996,2023-06-01
2023,7,Kepulauan Riau,Total Belanja Daerah,463233027470.90015,2023-07-01
2023,8,Kepulauan Riau,Total Belanja Daerah,263043615200.0,2023-08-01
2023,9,Kepulauan Riau,Total Belanja Daerah,228690604426.19995,2023-09-01
2023,10,Kepulauan Riau,Total Belanja Daerah,336697016881.30005,2023-10-01
2023,11,Kepulauan Riau,Total Belanja Daerah,594270236476.1997,2023-11-01
2023,12,Kepulauan Riau,Total Belanja Daerah,894524929480.8003,2023-12-01
2024,1,Kepulauan Riau,Total Belanja Daerah,56730416011.0,2024-01-01
2024,2,Kepulauan Riau,Total Belanja Daerah,137198656107.0,2024-02-01
2024,3,Kepulauan Riau,Total Belanja Daerah,432780150086.94995,2024-03-01
2024,4,Kepulauan Riau,Total Belanja Daerah,377100009242.9501,2024-04-01
2024,5,Kepulauan Riau,Total Belanja Daerah,451602218721.9999,2024-05-01
2024,6,Kepulauan Riau,Total Belanja Daerah,168761480244.80005,2024-06-01
2024,7,Kepulauan Riau,Total Belanja Daerah,493450695117.5,2024-07-01
2024,8,Kepulauan Riau,Total Belanja Daerah,335987536008.90015,2024-08-01
2024,9,Kepulauan Riau,Total Belanja Daerah,293723126259.5,2024-09-01
2024,10,Kepulauan Riau,Total Belanja Daerah,363277541449.3999,2024-10-01
2024,11,Kepulauan Riau,Total Belanja Daerah,391897897995.1001,2024-11-01
2024,12,Kepulauan Riau,Total Belanja Daerah,569237730580.1997,2024-12-01
2025,1,Kepulauan Riau,Total Belanja Daerah,60552840309.0,2025-01-01
2025,2,Kepulauan Riau,Total Belanja Daerah,100197903288.0,2025-02-01
2025,3,Kepulauan Riau,Total Belanja Daerah,528266008138.57996,2025-03-01
2025,4,Kepulauan Riau,Total Belanja Daerah,172632251704.86,2025-04-01
2025,5,Kepulauan Riau,Total Belanja Daerah,349987788382.06006,2025-05-01
2025,6,Kepulauan Riau,Total Belanja Daerah,230270061375.19995,2025-06-01
2025,7,Kepulauan Riau,Total Belanja Daerah,380488166605.0,2025-07-01
2025,8,Kepulauan Riau,Total Belanja Daerah,284699275689.0,2025-08-01
2025,9,Kepulauan Riau,Total Belanja Daerah,325475220760.30005,2025-09-01
2025,10,Kepulauan Riau,Total Belanja Daerah,454635946112.1001,2025-10-01
2025,11,Kepulauan Riau,Total Belanja Daerah,266930788875.5,2025-11-01
2025,12,Kepulauan Riau,Total Belanja Daerah,561468007685.8999,2025-12-01
2021,1,Kepulauan Riau,Total Pendapatan Daerah,3809875862443.0,2021-01-01
2021,2,Kepulauan Riau,Total Pendapatan Daerah,0.0,2021-02-01
2021,3,Kepulauan Riau,Total Pendapatan Daerah,0.0,2021-03-01
2021,4,Kepulauan Riau,Total Pendapatan Daerah,0.0,2021-04-01
2021,5,Kepulauan Riau,Total Pendapatan Daerah,0.0,2021-05-01
2021,6,Kepulauan Riau,Total Pendapatan Daerah,0.0,2021-06-01
2021,7,Kepulauan Riau,Total Pendapatan Daerah,0.0,2021-07-01
2021,8,Kepulauan Riau,Total Pendapatan Daerah,0.0,2021-08-01
2021,9,Kepulauan Riau,Total Pendapatan Daerah,0.0,2021-09-01
2021,10,Kepulauan Riau,Total Pendapatan Daerah,0.0,2021-10-01
2021,11,Kepulauan Riau,Total Pendapatan Daerah,0.0,2021-11-01
2021,12,Kepulauan Riau,Total Pendapatan Daerah,0.0,2021-12-01
2022,1,Kepulauan Riau,Total Pendapatan Daerah,3918136426614.0,2022-01-01
2022,2,Kepulauan Riau,Total Pendapatan Daerah,0.0,2022-02-01
2022,3,Kepulauan Riau,Total Pendapatan Daerah,0.0,2022-03-01
2022,4,Kepulauan Riau,Total Pendapatan Daerah,0.0,2022-04-01
2022,5,Kepulauan Riau,Total Pendapatan Daerah,0.0,2022-05-01
2022,6,Kepulauan Riau,Total Pendapatan Daerah,0.0,2022-06-01
2022,7,Kepulauan Riau,Total Pendapatan Daerah,0.0,2022-07-01
2022,8,Kepulauan Riau,Total Pendapatan Daerah,0.0,2022-08-01
2022,9,Kepulauan Riau,Total Pendapatan Daerah,0.0,2022-09-01
2022,10,Kepulauan Riau,Total Pendapatan Daerah,0.0,2022-10-01
2022,11,Kepulauan Riau,Total Pendapatan Daerah,0.0,2022-11-01
2022,12,Kepulauan Riau,Total Pendapatan Daerah,0.0,2022-12-01
2023,1,Kepulauan Riau,Total Pendapatan Daerah,281661440593.61,2023-01-01
2023,2,Kepulauan Riau,Total Pendapatan Daerah,284613632878.2001,2023-02-01
2023,3,Kepulauan Riau,Total Pendapatan Daerah,247554026597.2799,2023-03-01
2023,4,Kepulauan Riau,Total Pendapatan Daerah,301268775008.30994,2023-04-01
2023,5,Kepulauan Riau,Total Pendapatan Daerah,0.0,2023-05-01
2023,6,Kepulauan Riau,Total Pendapatan Daerah,351485442015.0,2023-06-01
2023,7,Kepulauan Riau,Total Pendapatan Daerah,350624320591.6001,2023-07-01
2023,8,Kepulauan Riau,Total Pendapatan Daerah,374187212420.8999,2023-08-01
2023,9,Kepulauan Riau,Total Pendapatan Daerah,275966343403.6001,2023-09-01
2023,10,Kepulauan Riau,Total Pendapatan Daerah,462360177990.1001,2023-10-01
2023,11,Kepulauan Riau,Total Pendapatan Daerah,295518444411.2998,2023-11-01
2023,12,Kepulauan Riau,Total Pendapatan Daerah,641512085616.3003,2023-12-01
2024,1,Kepulauan Riau,Total Pendapatan Daerah,323989816256.3,2024-01-01
2024,2,Kepulauan Riau,Total Pendapatan Daerah,322599731272.48004,2024-02-01
2024,3,Kepulauan Riau,Total Pendapatan Daerah,250925449744.07996,2024-03-01
2024,4,Kepulauan Riau,Total Pendapatan Daerah,330192728529.0399,2024-04-01
2024,5,Kepulauan Riau,Total Pendapatan Daerah,274257080378.30005,2024-05-01
2024,6,Kepulauan Riau,Total Pendapatan Daerah,258123575960.80005,2024-06-01
2024,7,Kepulauan Riau,Total Pendapatan Daerah,405944416751.6001,2024-07-01
2024,8,Kepulauan Riau,Total Pendapatan Daerah,391363259946.5,2024-08-01
2024,9,Kepulauan Riau,Total Pendapatan Daerah,359467985692.0,2024-09-01
2024,10,Kepulauan Riau,Total Pendapatan Daerah,407306044736.8999,2024-10-01
2024,11,Kepulauan Riau,Total Pendapatan Daerah,329309865048.2998,2024-11-01
2024,12,Kepulauan Riau,Total Pendapatan Daerah,304815406946.4004,2024-12-01
2025,1,Kepulauan Riau,Total Pendapatan Daerah,463912398170.48,2025-01-01
2025,2,Kepulauan Riau,Total Pendapatan Daerah,191074909630.22998,2025-02-01
2025,3,Kepulauan Riau,Total Pendapatan Daerah,246583512816.11,2025-03-01
2025,4,Kepulauan Riau,Total Pendapatan Daerah,332932030263.57996,2025-04-01
2025,5,Kepulauan Riau,Total Pendapatan Daerah,215659081541.7002,2025-05-01
2025,6,Kepulauan Riau,Total Pendapatan Daerah,260869763464.2998,2025-06-01
2025,7,Kepulauan Riau,Total Pendapatan Daerah,323515974008.80005,2025-07-01
2025,8,Kepulauan Riau,Total Pendapatan Daerah,498477197535.30005,2025-08-01
2025,9,Kepulauan Riau,Total Pendapatan Daerah,265065245534.6001,2025-09-01
2025,10,Kepulauan Riau,Total Pendapatan Daerah,401527200753.1001,2025-10-01
2025,11,Kepulauan Riau,Total Pendapatan Daerah,279513675660.3999,2025-11-01
2025,12,Kepulauan Riau,Total Pendapatan Daerah,233303370784.8999,2025-12-01
2021,1,Kepulauan Riau,Transfer ke Daerah dan Dana Desa (TKDD),2406531963533.0,2021-01-01
2021,2,Kepulauan Riau,Transfer ke Daerah dan Dana Desa (TKDD),0.0,2021-02-01
2021,3,Kepulauan Riau,Transfer ke Daerah dan Dana Desa (TKDD),0.0,2021-03-01
2021,4,Kepulauan Riau,Transfer ke Daerah dan Dana Desa (TKDD),0.0,2021-04-01
2021,5,Kepulauan Riau,Transfer ke Daerah dan Dana Desa (TKDD),0.0,2021-05-01
2021,6,Kepulauan Riau,Transfer ke Daerah dan Dana Desa (TKDD),0.0,2021-06-01
2021,7,Kepulauan Riau,Transfer ke Daerah dan Dana Desa (TKDD),0.0,2021-07-01
2021,8,Kepulauan Riau,Transfer ke Daerah dan Dana Desa (TKDD),0.0,2021-08-01
2021,9,Kepulauan Riau,Transfer ke Daerah dan Dana Desa (TKDD),0.0,2021-09-01
2021,10,Kepulauan Riau,Transfer ke Daerah dan Dana Desa (TKDD),0.0,2021-10-01
2021,11,Kepulauan Riau,Transfer ke Daerah dan Dana Desa (TKDD),0.0,2021-11-01
2021,12,Kepulauan Riau,Transfer ke Daerah dan Dana Desa (TKDD),0.0,2021-12-01
2022,1,Kepulauan Riau,Transfer ke Daerah dan Dana Desa (TKDD),2241141497534.0,2022-01-01
2022,2,Kepulauan Riau,Transfer ke Daerah dan Dana Desa (TKDD),0.0,2022-02-01
2022,3,Kepulauan Riau,Transfer ke Daerah dan Dana Desa (TKDD),0.0,2022-03-01
2022,4,Kepulauan Riau,Transfer ke Daerah dan Dana Desa (TKDD),0.0,2022-04-01
2022,5,Kepulauan Riau,Transfer ke Daerah dan Dana Desa (TKDD),0.0,2022-05-01
2022,6,Kepulauan Riau,Transfer ke Daerah dan Dana Desa (TKDD),0.0,2022-06-01
2022,7,Kepulauan Riau,Transfer ke Daerah dan Dana Desa (TKDD),0.0,2022-07-01
2022,8,Kepulauan Riau,Transfer ke Daerah dan Dana Desa (TKDD),0.0,2022-08-01
2022,9,Kepulauan Riau,Transfer ke Daerah dan Dana Desa (TKDD),0.0,2022-09-01
2022,10,Kepulauan Riau,Transfer ke Daerah dan Dana Desa (TKDD),0.0,2022-10-01
2022,11,Kepulauan Riau,Transfer ke Daerah dan Dana Desa (TKDD),0.0,2022-11-01
2022,12,Kepulauan Riau,Transfer ke Daerah dan Dana Desa (TKDD),0.0,2022-12-01
2023,1,Kepulauan Riau,Transfer ke Daerah dan Dana Desa (TKDD),165229832600.0,2023-01-01
2023,2,Kepulauan Riau,Transfer ke Daerah dan Dana Desa (TKDD),172740325945.0,2023-02-01
2023,3,Kepulauan Riau,Transfer ke Daerah dan Dana Desa (TKDD),114955179594.0,2023-03-01
2023,4,Kepulauan Riau,Transfer ke Daerah dan Dana Desa (TKDD),131882915252.0,2023-04-01
2023,5,Kepulauan Riau,Transfer ke Daerah dan Dana Desa (TKDD),0.0,2023-05-01
2023,6,Kepulauan Riau,Transfer ke Daerah dan Dana Desa (TKDD),209131236434.0,2023-06-01
2023,7,Kepulauan Riau,Transfer ke Daerah dan Dana Desa (TKDD),195471869750.0,2023-07-01
2023,8,Kepulauan Riau,Transfer ke Daerah dan Dana Desa (TKDD),241720454000.0,2023-08-01
2023,9,Kepulauan Riau,Transfer ke Daerah dan Dana Desa (TKDD),111379973295.0,2023-09-01
2023,10,Kepulauan Riau,Transfer ke Daerah dan Dana Desa (TKDD),274102309987.0,2023-10-01
2023,11,Kepulauan Riau,Transfer ke Daerah dan Dana Desa (TKDD),148480641921.0,2023-11-01
2023,12,Kepulauan Riau,Transfer ke Daerah dan Dana Desa (TKDD),431298283705.0,2023-12-01
2024,1,Kepulauan Riau,Transfer ke Daerah dan Dana Desa (TKDD),178075162200.0,2024-01-01
2024,2,Kepulauan Riau,Transfer ke Daerah dan Dana Desa (TKDD),203973305456.0,2024-02-01
2024,3,Kepulauan Riau,Transfer ke Daerah dan Dana Desa (TKDD),116843361580.0,2024-03-01
2024,4,Kepulauan Riau,Transfer ke Daerah dan Dana Desa (TKDD),121210362100.0,2024-04-01
2024,5,Kepulauan Riau,Transfer ke Daerah dan Dana Desa (TKDD),125487930543.0,2024-05-01
2024,6,Kepulauan Riau,Transfer ke Daerah dan Dana Desa (TKDD),169142818765.0,2024-06-01
2024,7,Kepulauan Riau,Transfer ke Daerah dan Dana Desa (TKDD),145323760056.0,2024-07-01
2024,8,Kepulauan Riau,Transfer ke Daerah dan Dana Desa (TKDD),243802078005.0,2024-08-01
2024,9,Kepulauan Riau,Transfer ke Daerah dan Dana Desa (TKDD),207555470350.0,2024-09-01
2024,10,Kepulauan Riau,Transfer ke Daerah dan Dana Desa (TKDD),204508221140.0,2024-10-01
2024,11,Kepulauan Riau,Transfer ke Daerah dan Dana Desa (TKDD),181565922717.0,2024-11-01
2024,12,Kepulauan Riau,Transfer ke Daerah dan Dana Desa (TKDD),79044673295.0,2024-12-01
2025,1,Kepulauan Riau,Transfer ke Daerah dan Dana Desa (TKDD),274936746700.0,2025-01-01
2025,2,Kepulauan Riau,Transfer ke Daerah dan Dana Desa (TKDD),92136858614.0,2025-02-01
2025,3,Kepulauan Riau,Transfer ke Daerah dan Dana Desa (TKDD),114951322395.0,2025-03-01
2025,4,Kepulauan Riau,Transfer ke Daerah dan Dana Desa (TKDD),93872764600.0,2025-04-01
2025,5,Kepulauan Riau,Transfer ke Daerah dan Dana Desa (TKDD),107283678830.0,2025-05-01
2025,6,Kepulauan Riau,Transfer ke Daerah dan Dana Desa (TKDD),156338021800.0,2025-06-01
2025,7,Kepulauan Riau,Transfer ke Daerah dan Dana Desa (TKDD),144269395441.0,2025-07-01
2025,8,Kepulauan Riau,Transfer ke Daerah dan Dana Desa (TKDD),376986932619.0,2025-08-01
2025,9,Kepulauan Riau,Transfer ke Daerah dan Dana Desa (TKDD),136198317887.0,2025-09-01
2025,10,Kepulauan Riau,Transfer ke Daerah dan Dana Desa (TKDD),230652405578.0,2025-10-01
2025,11,Kepulauan Riau,Transfer ke Daerah dan Dana Desa (TKDD),164300111653.0,2025-11-01
2025,12,Kepulauan Riau,Transfer ke Daerah dan Dana Desa (TKDD),82372826907.0,2025-12-01
2021,1,Lampung,Belanja Modal,849692114832.21,2021-01-01
2021,2,Lampung,Belanja Modal,0.0,2021-02-01
2021,3,Lampung,Belanja Modal,0.0,2021-03-01
2021,4,Lampung,Belanja Modal,0.0,2021-04-01
2021,5,Lampung,Belanja Modal,0.0,2021-05-01
2021,6,Lampung,Belanja Modal,0.0,2021-06-01
2021,7,Lampung,Belanja Modal,0.0,2021-07-01
2021,8,Lampung,Belanja Modal,0.0,2021-08-01
2021,9,Lampung,Belanja Modal,0.0,2021-09-01
2021,10,Lampung,Belanja Modal,0.0,2021-10-01
2021,11,Lampung,Belanja Modal,0.0,2021-11-01
2021,12,Lampung,Belanja Modal,0.0,2021-12-01
2022,1,Lampung,Belanja Modal,1025325883958.3,2022-01-01
2022,2,Lampung,Belanja Modal,0.0,2022-02-01
2022,3,Lampung,Belanja Modal,0.0,2022-03-01
2022,4,Lampung,Belanja Modal,0.0,2022-04-01
2022,5,Lampung,Belanja Modal,0.0,2022-05-01
2022,6,Lampung,Belanja Modal,0.0,2022-06-01
2022,7,Lampung,Belanja Modal,0.0,2022-07-01
2022,8,Lampung,Belanja Modal,0.0,2022-08-01
2022,9,Lampung,Belanja Modal,0.0,2022-09-01
2022,10,Lampung,Belanja Modal,0.0,2022-10-01
2022,11,Lampung,Belanja Modal,0.0,2022-11-01
2022,12,Lampung,Belanja Modal,0.0,2022-12-01
2023,1,Lampung,Belanja Modal,0.0,2023-01-01
2023,2,Lampung,Belanja Modal,633630400.0,2023-02-01
2023,3,Lampung,Belanja Modal,40642964131.0,2023-03-01
2023,4,Lampung,Belanja Modal,21147642800.0,2023-04-01
2023,5,Lampung,Belanja Modal,0.0,2023-05-01
2023,6,Lampung,Belanja Modal,47156886817.380005,2023-06-01
2023,7,Lampung,Belanja Modal,49042318554.0,2023-07-01
2023,8,Lampung,Belanja Modal,121145277994.16998,2023-08-01
2023,9,Lampung,Belanja Modal,146059189527.0,2023-09-01
2023,10,Lampung,Belanja Modal,125320333351.28998,2023-10-01
2023,11,Lampung,Belanja Modal,217532910066.56006,2023-11-01
2023,12,Lampung,Belanja Modal,371591975559.6,2023-12-01
2024,1,Lampung,Belanja Modal,46980785.0,2024-01-01
2024,2,Lampung,Belanja Modal,14709840580.0,2024-02-01
2024,3,Lampung,Belanja Modal,76572228772.0,2024-03-01
2024,4,Lampung,Belanja Modal,38315723437.0,2024-04-01
2024,5,Lampung,Belanja Modal,39054329294.0,2024-05-01
2024,6,Lampung,Belanja Modal,16609413977.200012,2024-06-01
2024,7,Lampung,Belanja Modal,24372866330.0,2024-07-01
2024,8,Lampung,Belanja Modal,81947732953.19,2024-08-01
2024,9,Lampung,Belanja Modal,33417319641.0,2024-09-01
2024,10,Lampung,Belanja Modal,85538329050.39996,2024-10-01
2024,11,Lampung,Belanja Modal,108861227875.84003,2024-11-01
2024,12,Lampung,Belanja Modal,277578102322.12,2024-12-01
2025,1,Lampung,Belanja Modal,0.0,2025-01-01
2025,2,Lampung,Belanja Modal,248209889.0,2025-02-01
2025,3,Lampung,Belanja Modal,125480706797.0,2025-03-01
2025,4,Lampung,Belanja Modal,125980278394.0,2025-04-01
2025,5,Lampung,Belanja Modal,126016192617.0,2025-05-01
2025,6,Lampung,Belanja Modal,53418532317.099976,2025-06-01
2025,7,Lampung,Belanja Modal,35990951488.78003,2025-07-01
2025,8,Lampung,Belanja Modal,110564851304.0,2025-08-01
2025,9,Lampung,Belanja Modal,51724157666.849976,2025-09-01
2025,10,Lampung,Belanja Modal,43781826315.95007,2025-10-01
2025,11,Lampung,Belanja Modal,144922726179.82996,2025-11-01
2025,12,Lampung,Belanja Modal,188690057951.39,2025-12-01
2021,1,Lampung,Pendapatan Asli Daerah (PAD),3249669847265.0,2021-01-01
2021,2,Lampung,Pendapatan Asli Daerah (PAD),0.0,2021-02-01
2021,3,Lampung,Pendapatan Asli Daerah (PAD),0.0,2021-03-01
2021,4,Lampung,Pendapatan Asli Daerah (PAD),0.0,2021-04-01
2021,5,Lampung,Pendapatan Asli Daerah (PAD),0.0,2021-05-01
2021,6,Lampung,Pendapatan Asli Daerah (PAD),0.0,2021-06-01
2021,7,Lampung,Pendapatan Asli Daerah (PAD),0.0,2021-07-01
2021,8,Lampung,Pendapatan Asli Daerah (PAD),0.0,2021-08-01
2021,9,Lampung,Pendapatan Asli Daerah (PAD),0.0,2021-09-01
2021,10,Lampung,Pendapatan Asli Daerah (PAD),0.0,2021-10-01
2021,11,Lampung,Pendapatan Asli Daerah (PAD),0.0,2021-11-01
2021,12,Lampung,Pendapatan Asli Daerah (PAD),0.0,2021-12-01
2022,1,Lampung,Pendapatan Asli Daerah (PAD),3678302294580.7,2022-01-01
2022,2,Lampung,Pendapatan Asli Daerah (PAD),0.0,2022-02-01
2022,3,Lampung,Pendapatan Asli Daerah (PAD),0.0,2022-03-01
2022,4,Lampung,Pendapatan Asli Daerah (PAD),0.0,2022-04-01
2022,5,Lampung,Pendapatan Asli Daerah (PAD),0.0,2022-05-01
2022,6,Lampung,Pendapatan Asli Daerah (PAD),0.0,2022-06-01
2022,7,Lampung,Pendapatan Asli Daerah (PAD),0.0,2022-07-01
2022,8,Lampung,Pendapatan Asli Daerah (PAD),0.0,2022-08-01
2022,9,Lampung,Pendapatan Asli Daerah (PAD),0.0,2022-09-01
2022,10,Lampung,Pendapatan Asli Daerah (PAD),0.0,2022-10-01
2022,11,Lampung,Pendapatan Asli Daerah (PAD),0.0,2022-11-01
2022,12,Lampung,Pendapatan Asli Daerah (PAD),0.0,2022-12-01
2023,1,Lampung,Pendapatan Asli Daerah (PAD),235872175698.27,2023-01-01
2023,2,Lampung,Pendapatan Asli Daerah (PAD),210975630912.38998,2023-02-01
2023,3,Lampung,Pendapatan Asli Daerah (PAD),315155908756.83,2023-03-01
2023,4,Lampung,Pendapatan Asli Daerah (PAD),448452936336.9099,2023-04-01
2023,5,Lampung,Pendapatan Asli Daerah (PAD),0.0,2023-05-01
2023,6,Lampung,Pendapatan Asli Daerah (PAD),238426473063.40015,2023-06-01
2023,7,Lampung,Pendapatan Asli Daerah (PAD),381084773802.80005,2023-07-01
2023,8,Lampung,Pendapatan Asli Daerah (PAD),260373616438.2998,2023-08-01
2023,9,Lampung,Pendapatan Asli Daerah (PAD),335114407937.8999,2023-09-01
2023,10,Lampung,Pendapatan Asli Daerah (PAD),369150354365.7002,2023-10-01
2023,11,Lampung,Pendapatan Asli Daerah (PAD),216780243975.6001,2023-11-01
2023,12,Lampung,Pendapatan Asli Daerah (PAD),449973481257.0,2023-12-01
2024,1,Lampung,Pendapatan Asli Daerah (PAD),217763966786.89,2024-01-01
2024,2,Lampung,Pendapatan Asli Daerah (PAD),194276600258.51,2024-02-01
2024,3,Lampung,Pendapatan Asli Daerah (PAD),330496600915.51,2024-03-01
2024,4,Lampung,Pendapatan Asli Daerah (PAD),493117009381.7899,2024-04-01
2024,5,Lampung,Pendapatan Asli Daerah (PAD),256998370354.80005,2024-05-01
2024,6,Lampung,Pendapatan Asli Daerah (PAD),190765627365.5,2024-06-01
2024,7,Lampung,Pendapatan Asli Daerah (PAD),454938437762.30005,2024-07-01
2024,8,Lampung,Pendapatan Asli Daerah (PAD),255429239429.09985,2024-08-01
2024,9,Lampung,Pendapatan Asli Daerah (PAD),420414061538.7002,2024-09-01
2024,10,Lampung,Pendapatan Asli Daerah (PAD),456322058966.0,2024-10-01
2024,11,Lampung,Pendapatan Asli Daerah (PAD),268638777838.1001,2024-11-01
2024,12,Lampung,Pendapatan Asli Daerah (PAD),500057420879.5996,2024-12-01
2025,1,Lampung,Pendapatan Asli Daerah (PAD),158307618528.69,2025-01-01
2025,2,Lampung,Pendapatan Asli Daerah (PAD),188272784448.84003,2025-02-01
2025,3,Lampung,Pendapatan Asli Daerah (PAD),296436803101.06995,2025-03-01
2025,4,Lampung,Pendapatan Asli Daerah (PAD),447161476787.2001,2025-04-01
2025,5,Lampung,Pendapatan Asli Daerah (PAD),224415610453.09985,2025-05-01
2025,6,Lampung,Pendapatan Asli Daerah (PAD),212312666902.1001,2025-06-01
2025,7,Lampung,Pendapatan Asli Daerah (PAD),254115778276.0,2025-07-01
2025,8,Lampung,Pendapatan Asli Daerah (PAD),356865974843.5,2025-08-01
2025,9,Lampung,Pendapatan Asli Daerah (PAD),214165539285.1001,2025-09-01
2025,10,Lampung,Pendapatan Asli Daerah (PAD),386432628063.0,2025-10-01
2025,11,Lampung,Pendapatan Asli Daerah (PAD),221994907465.5,2025-11-01
2025,12,Lampung,Pendapatan Asli Daerah (PAD),275342944142.6001,2025-12-01
2021,1,Lampung,Total Belanja Daerah,7097651401591.1,2021-01-01
2021,2,Lampung,Total Belanja Daerah,0.0,2021-02-01
2021,3,Lampung,Total Belanja Daerah,0.0,2021-03-01
2021,4,Lampung,Total Belanja Daerah,0.0,2021-04-01
2021,5,Lampung,Total Belanja Daerah,0.0,2021-05-01
2021,6,Lampung,Total Belanja Daerah,0.0,2021-06-01
2021,7,Lampung,Total Belanja Daerah,0.0,2021-07-01
2021,8,Lampung,Total Belanja Daerah,0.0,2021-08-01
2021,9,Lampung,Total Belanja Daerah,0.0,2021-09-01
2021,10,Lampung,Total Belanja Daerah,0.0,2021-10-01
2021,11,Lampung,Total Belanja Daerah,0.0,2021-11-01
2021,12,Lampung,Total Belanja Daerah,0.0,2021-12-01
2022,1,Lampung,Total Belanja Daerah,6786374070612.9,2022-01-01
2022,2,Lampung,Total Belanja Daerah,0.0,2022-02-01
2022,3,Lampung,Total Belanja Daerah,0.0,2022-03-01
2022,4,Lampung,Total Belanja Daerah,0.0,2022-04-01
2022,5,Lampung,Total Belanja Daerah,0.0,2022-05-01
2022,6,Lampung,Total Belanja Daerah,0.0,2022-06-01
2022,7,Lampung,Total Belanja Daerah,0.0,2022-07-01
2022,8,Lampung,Total Belanja Daerah,0.0,2022-08-01
2022,9,Lampung,Total Belanja Daerah,0.0,2022-09-01
2022,10,Lampung,Total Belanja Daerah,0.0,2022-10-01
2022,11,Lampung,Total Belanja Daerah,0.0,2022-11-01
2022,12,Lampung,Total Belanja Daerah,0.0,2022-12-01
2023,1,Lampung,Total Belanja Daerah,248643865288.0,2023-01-01
2023,2,Lampung,Total Belanja Daerah,112046919425.0,2023-02-01
2023,3,Lampung,Total Belanja Daerah,525525613086.0,2023-03-01
2023,4,Lampung,Total Belanja Daerah,399355714049.0,2023-04-01
2023,5,Lampung,Total Belanja Daerah,0.0,2023-05-01
2023,6,Lampung,Total Belanja Daerah,420844854058.6001,2023-06-01
2023,7,Lampung,Total Belanja Daerah,652467032281.0,2023-07-01
2023,8,Lampung,Total Belanja Daerah,570295101308.8999,2023-08-01
2023,9,Lampung,Total Belanja Daerah,643658526279.8999,2023-09-01
2023,10,Lampung,Total Belanja Daerah,521208255064.3003,2023-10-01
2023,11,Lampung,Total Belanja Daerah,733657689386.7002,2023-11-01
2023,12,Lampung,Total Belanja Daerah,1574743131706.1992,2023-12-01
2024,1,Lampung,Total Belanja Daerah,99550383282.0,2024-01-01
2024,2,Lampung,Total Belanja Daerah,345618122410.5,2024-02-01
2024,3,Lampung,Total Belanja Daerah,545589899138.4,2024-03-01
2024,4,Lampung,Total Belanja Daerah,657466202761.4,2024-04-01
2024,5,Lampung,Total Belanja Daerah,626177316306.0999,2024-05-01
2024,6,Lampung,Total Belanja Daerah,506298912741.0,2024-06-01
2024,7,Lampung,Total Belanja Daerah,720333536410.3999,2024-07-01
2024,8,Lampung,Total Belanja Daerah,762205926768.6001,2024-08-01
2024,9,Lampung,Total Belanja Daerah,377272121801.0005,2024-09-01
2024,10,Lampung,Total Belanja Daerah,748733883800.8994,2024-10-01
2024,11,Lampung,Total Belanja Daerah,754383984347.6006,2024-11-01
2024,12,Lampung,Total Belanja Daerah,1363296959057.2998,2024-12-01
2025,1,Lampung,Total Belanja Daerah,196049776029.0,2025-01-01
2025,2,Lampung,Total Belanja Daerah,242150038941.0,2025-02-01
2025,3,Lampung,Total Belanja Daerah,560562480587.88,2025-03-01
2025,4,Lampung,Total Belanja Daerah,421837461751.7201,2025-04-01
2025,5,Lampung,Total Belanja Daerah,531247687236.0,2025-05-01
2025,6,Lampung,Total Belanja Daerah,465230914642.1997,2025-06-01
2025,7,Lampung,Total Belanja Daerah,492020552138.7002,2025-07-01
2025,8,Lampung,Total Belanja Daerah,761950509533.6001,2025-08-01
2025,9,Lampung,Total Belanja Daerah,546298437533.2998,2025-09-01
2025,10,Lampung,Total Belanja Daerah,376522345206.1001,2025-10-01
2025,11,Lampung,Total Belanja Daerah,578992379100.5996,2025-11-01
2025,12,Lampung,Total Belanja Daerah,1006812811991.8008,2025-12-01
2021,1,Lampung,Total Pendapatan Daerah,7469469346029.0,2021-01-01
2021,2,Lampung,Total Pendapatan Daerah,0.0,2021-02-01
2021,3,Lampung,Total Pendapatan Daerah,0.0,2021-03-01
2021,4,Lampung,Total Pendapatan Daerah,0.0,2021-04-01
2021,5,Lampung,Total Pendapatan Daerah,0.0,2021-05-01
2021,6,Lampung,Total Pendapatan Daerah,0.0,2021-06-01
2021,7,Lampung,Total Pendapatan Daerah,0.0,2021-07-01
2021,8,Lampung,Total Pendapatan Daerah,0.0,2021-08-01
2021,9,Lampung,Total Pendapatan Daerah,0.0,2021-09-01
2021,10,Lampung,Total Pendapatan Daerah,0.0,2021-10-01
2021,11,Lampung,Total Pendapatan Daerah,0.0,2021-11-01
2021,12,Lampung,Total Pendapatan Daerah,0.0,2021-12-01
2022,1,Lampung,Total Pendapatan Daerah,6836946972193.7,2022-01-01
2022,2,Lampung,Total Pendapatan Daerah,0.0,2022-02-01
2022,3,Lampung,Total Pendapatan Daerah,0.0,2022-03-01
2022,4,Lampung,Total Pendapatan Daerah,0.0,2022-04-01
2022,5,Lampung,Total Pendapatan Daerah,0.0,2022-05-01
2022,6,Lampung,Total Pendapatan Daerah,0.0,2022-06-01
2022,7,Lampung,Total Pendapatan Daerah,0.0,2022-07-01
2022,8,Lampung,Total Pendapatan Daerah,0.0,2022-08-01
2022,9,Lampung,Total Pendapatan Daerah,0.0,2022-09-01
2022,10,Lampung,Total Pendapatan Daerah,0.0,2022-10-01
2022,11,Lampung,Total Pendapatan Daerah,0.0,2022-11-01
2022,12,Lampung,Total Pendapatan Daerah,0.0,2022-12-01
2023,1,Lampung,Total Pendapatan Daerah,456951950898.27,2023-01-01
2023,2,Lampung,Total Pendapatan Daerah,332774900012.39,2023-02-01
2023,3,Lampung,Total Pendapatan Daerah,549749251856.83997,2023-03-01
2023,4,Lampung,Total Pendapatan Daerah,590498498434.8999,2023-04-01
2023,5,Lampung,Total Pendapatan Daerah,0.0,2023-05-01
2023,6,Lampung,Total Pendapatan Daerah,407490714217.3999,2023-06-01
2023,7,Lampung,Total Pendapatan Daerah,850493179751.8003,2023-07-01
2023,8,Lampung,Total Pendapatan Daerah,379842678668.2998,2023-08-01
2023,9,Lampung,Total Pendapatan Daerah,751186425871.8999,2023-09-01
2023,10,Lampung,Total Pendapatan Daerah,724442669261.7002,2023-10-01
2023,11,Lampung,Total Pendapatan Daerah,468555000076.5996,2023-11-01
2023,12,Lampung,Total Pendapatan Daerah,1004649857877.0,2023-12-01
2024,1,Lampung,Total Pendapatan Daerah,351518811186.89,2024-01-01
2024,2,Lampung,Total Pendapatan Daerah,461720205058.51,2024-02-01
2024,3,Lampung,Total Pendapatan Daerah,526945458065.4999,2024-03-01
2024,4,Lampung,Total Pendapatan Daerah,701812237881.8,2024-04-01
2024,5,Lampung,Total Pendapatan Daerah,513247805076.80005,2024-05-01
2024,6,Lampung,Total Pendapatan Daerah,545846339219.5,2024-06-01
2024,7,Lampung,Total Pendapatan Daerah,687209137801.2998,2024-07-01
2024,8,Lampung,Total Pendapatan Daerah,705563688172.1006,2024-08-01
2024,9,Lampung,Total Pendapatan Daerah,588889305426.6992,2024-09-01
2024,10,Lampung,Total Pendapatan Daerah,816400065682.0,2024-10-01
2024,11,Lampung,Total Pendapatan Daerah,530247899998.1006,2024-11-01
2024,12,Lampung,Total Pendapatan Daerah,1022302726261.5996,2024-12-01
2025,1,Lampung,Total Pendapatan Daerah,454463692128.69,2025-01-01
2025,2,Lampung,Total Pendapatan Daerah,357664862413.84,2025-02-01
2025,3,Lampung,Total Pendapatan Daerah,467917224396.07007,2025-03-01
2025,4,Lampung,Total Pendapatan Daerah,670433974462.2,2025-04-01
2025,5,Lampung,Total Pendapatan Daerah,461271605419.09985,2025-05-01
2025,6,Lampung,Total Pendapatan Daerah,281077060488.1001,2025-06-01
2025,7,Lampung,Total Pendapatan Daerah,630810018411.0,2025-07-01
2025,8,Lampung,Total Pendapatan Daerah,817296558345.5,2025-08-01
2025,9,Lampung,Total Pendapatan Daerah,509369282895.0996,2025-09-01
2025,10,Lampung,Total Pendapatan Daerah,576717277699.9004,2025-10-01
2025,11,Lampung,Total Pendapatan Daerah,624120880087.5996,2025-11-01
2025,12,Lampung,Total Pendapatan Daerah,465076899577.6006,2025-12-01
2021,1,Lampung,Transfer ke Daerah dan Dana Desa (TKDD),4201782231009.0,2021-01-01
2021,2,Lampung,Transfer ke Daerah dan Dana Desa (TKDD),0.0,2021-02-01
2021,3,Lampung,Transfer ke Daerah dan Dana Desa (TKDD),0.0,2021-03-01
2021,4,Lampung,Transfer ke Daerah dan Dana Desa (TKDD),0.0,2021-04-01
2021,5,Lampung,Transfer ke Daerah dan Dana Desa (TKDD),0.0,2021-05-01
2021,6,Lampung,Transfer ke Daerah dan Dana Desa (TKDD),0.0,2021-06-01
2021,7,Lampung,Transfer ke Daerah dan Dana Desa (TKDD),0.0,2021-07-01
2021,8,Lampung,Transfer ke Daerah dan Dana Desa (TKDD),0.0,2021-08-01
2021,9,Lampung,Transfer ke Daerah dan Dana Desa (TKDD),0.0,2021-09-01
2021,10,Lampung,Transfer ke Daerah dan Dana Desa (TKDD),0.0,2021-10-01
2021,11,Lampung,Transfer ke Daerah dan Dana Desa (TKDD),0.0,2021-11-01
2021,12,Lampung,Transfer ke Daerah dan Dana Desa (TKDD),0.0,2021-12-01
2022,1,Lampung,Transfer ke Daerah dan Dana Desa (TKDD),3100575550394.0,2022-01-01
2022,2,Lampung,Transfer ke Daerah dan Dana Desa (TKDD),0.0,2022-02-01
2022,3,Lampung,Transfer ke Daerah dan Dana Desa (TKDD),0.0,2022-03-01
2022,4,Lampung,Transfer ke Daerah dan Dana Desa (TKDD),0.0,2022-04-01
2022,5,Lampung,Transfer ke Daerah dan Dana Desa (TKDD),0.0,2022-05-01
2022,6,Lampung,Transfer ke Daerah dan Dana Desa (TKDD),0.0,2022-06-01
2022,7,Lampung,Transfer ke Daerah dan Dana Desa (TKDD),0.0,2022-07-01
2022,8,Lampung,Transfer ke Daerah dan Dana Desa (TKDD),0.0,2022-08-01
2022,9,Lampung,Transfer ke Daerah dan Dana Desa (TKDD),0.0,2022-09-01
2022,10,Lampung,Transfer ke Daerah dan Dana Desa (TKDD),0.0,2022-10-01
2022,11,Lampung,Transfer ke Daerah dan Dana Desa (TKDD),0.0,2022-11-01
2022,12,Lampung,Transfer ke Daerah dan Dana Desa (TKDD),0.0,2022-12-01
2023,1,Lampung,Transfer ke Daerah dan Dana Desa (TKDD),220499395200.0,2023-01-01
2023,2,Lampung,Transfer ke Daerah dan Dana Desa (TKDD),120518179100.0,2023-02-01
2023,3,Lampung,Transfer ke Daerah dan Dana Desa (TKDD),230851241100.0,2023-03-01
2023,4,Lampung,Transfer ke Daerah dan Dana Desa (TKDD),139123377500.0,2023-04-01
2023,5,Lampung,Transfer ke Daerah dan Dana Desa (TKDD),0.0,2023-05-01
2023,6,Lampung,Transfer ke Daerah dan Dana Desa (TKDD),165112853850.0,2023-06-01
2023,7,Lampung,Transfer ke Daerah dan Dana Desa (TKDD),460242464000.0,2023-07-01
2023,8,Lampung,Transfer ke Daerah dan Dana Desa (TKDD),112614212054.0,2023-08-01
2023,9,Lampung,Transfer ke Daerah dan Dana Desa (TKDD),413266506684.0,2023-09-01
2023,10,Lampung,Transfer ke Daerah dan Dana Desa (TKDD),354431671646.0,2023-10-01
2023,11,Lampung,Transfer ke Daerah dan Dana Desa (TKDD),249629432466.0,2023-11-01
2023,12,Lampung,Transfer ke Daerah dan Dana Desa (TKDD),551899357154.0,2023-12-01
2024,1,Lampung,Transfer ke Daerah dan Dana Desa (TKDD),133260164400.0,2024-01-01
2024,2,Lampung,Transfer ke Daerah dan Dana Desa (TKDD),266923004800.0,2024-02-01
2024,3,Lampung,Transfer ke Daerah dan Dana Desa (TKDD),195687569150.0,2024-03-01
2024,4,Lampung,Transfer ke Daerah dan Dana Desa (TKDD),207928570500.0,2024-04-01
2024,5,Lampung,Transfer ke Daerah dan Dana Desa (TKDD),255082642722.0,2024-05-01
2024,6,Lampung,Transfer ke Daerah dan Dana Desa (TKDD),357462442854.0,2024-06-01
2024,7,Lampung,Transfer ke Daerah dan Dana Desa (TKDD),227533151039.0,2024-07-01
2024,8,Lampung,Transfer ke Daerah dan Dana Desa (TKDD),429290308855.0,2024-08-01
2024,9,Lampung,Transfer ke Daerah dan Dana Desa (TKDD),164976748888.0,2024-09-01
2024,10,Lampung,Transfer ke Daerah dan Dana Desa (TKDD),357930881716.0,2024-10-01
2024,11,Lampung,Transfer ke Daerah dan Dana Desa (TKDD),259738456160.0,2024-11-01
2024,12,Lampung,Transfer ke Daerah dan Dana Desa (TKDD),519682414106.0,2024-12-01
2025,1,Lampung,Transfer ke Daerah dan Dana Desa (TKDD),295742803600.0,2025-01-01
2025,2,Lampung,Transfer ke Daerah dan Dana Desa (TKDD),168316991965.0,2025-02-01
2025,3,Lampung,Transfer ke Daerah dan Dana Desa (TKDD),170887716295.0,2025-03-01
2025,4,Lampung,Transfer ke Daerah dan Dana Desa (TKDD),222526477675.0,2025-04-01
2025,5,Lampung,Transfer ke Daerah dan Dana Desa (TKDD),233994680830.0,2025-05-01
2025,6,Lampung,Transfer ke Daerah dan Dana Desa (TKDD),67264807450.0,2025-06-01
2025,7,Lampung,Transfer ke Daerah dan Dana Desa (TKDD),354846265505.0,2025-07-01
2025,8,Lampung,Transfer ke Daerah dan Dana Desa (TKDD),455949394512.0,2025-08-01
2025,9,Lampung,Transfer ke Daerah dan Dana Desa (TKDD),293919239610.0,2025-09-01
2025,10,Lampung,Transfer ke Daerah dan Dana Desa (TKDD),187083401537.0,2025-10-01
2025,11,Lampung,Transfer ke Daerah dan Dana Desa (TKDD),399772308506.0,2025-11-01
2025,12,Lampung,Transfer ke Daerah dan Dana Desa (TKDD),184076629485.0,2025-12-01
2021,1,Maluku,Belanja Modal,591452177031.0,2021-01-01
2021,2,Maluku,Belanja Modal,0.0,2021-02-01
2021,3,Maluku,Belanja Modal,0.0,2021-03-01
2021,4,Maluku,Belanja Modal,0.0,2021-04-01
2021,5,Maluku,Belanja Modal,0.0,2021-05-01
2021,6,Maluku,Belanja Modal,0.0,2021-06-01
2021,7,Maluku,Belanja Modal,0.0,2021-07-01
2021,8,Maluku,Belanja Modal,0.0,2021-08-01
2021,9,Maluku,Belanja Modal,0.0,2021-09-01
2021,10,Maluku,Belanja Modal,0.0,2021-10-01
2021,11,Maluku,Belanja Modal,0.0,2021-11-01
2021,12,Maluku,Belanja Modal,0.0,2021-12-01
2022,1,Maluku,Belanja Modal,561815853461.0,2022-01-01
2022,2,Maluku,Belanja Modal,0.0,2022-02-01
2022,3,Maluku,Belanja Modal,0.0,2022-03-01
2022,4,Maluku,Belanja Modal,0.0,2022-04-01
2022,5,Maluku,Belanja Modal,0.0,2022-05-01
2022,6,Maluku,Belanja Modal,0.0,2022-06-01
2022,7,Maluku,Belanja Modal,0.0,2022-07-01
2022,8,Maluku,Belanja Modal,0.0,2022-08-01
2022,9,Maluku,Belanja Modal,0.0,2022-09-01
2022,10,Maluku,Belanja Modal,0.0,2022-10-01
2022,11,Maluku,Belanja Modal,0.0,2022-11-01
2022,12,Maluku,Belanja Modal,0.0,2022-12-01
2023,1,Maluku,Belanja Modal,0.0,2023-01-01
2023,2,Maluku,Belanja Modal,25550000.0,2023-02-01
2023,3,Maluku,Belanja Modal,1220859664.0,2023-03-01
2023,4,Maluku,Belanja Modal,1627045800.0,2023-04-01
2023,5,Maluku,Belanja Modal,0.0,2023-05-01
2023,6,Maluku,Belanja Modal,26443208016.15,2023-06-01
2023,7,Maluku,Belanja Modal,31784273367.15,2023-07-01
2023,8,Maluku,Belanja Modal,96056179451.99998,2023-08-01
2023,9,Maluku,Belanja Modal,39931750813.0,2023-09-01
2023,10,Maluku,Belanja Modal,78254121973.0,2023-10-01
2023,11,Maluku,Belanja Modal,66535505545.0,2023-11-01
2023,12,Maluku,Belanja Modal,153515251428.11,2023-12-01
2024,1,Maluku,Belanja Modal,14296000.0,2024-01-01
2024,2,Maluku,Belanja Modal,0.0,2024-02-01
2024,3,Maluku,Belanja Modal,1127625900.0,2024-03-01
2024,4,Maluku,Belanja Modal,6252239323.0,2024-04-01
2024,5,Maluku,Belanja Modal,5177534177.0,2024-05-01
2024,6,Maluku,Belanja Modal,28977679392.0,2024-06-01
2024,7,Maluku,Belanja Modal,12231286956.0,2024-07-01
2024,8,Maluku,Belanja Modal,49260418099.0,2024-08-01
2024,9,Maluku,Belanja Modal,42470926756.0,2024-09-01
2024,10,Maluku,Belanja Modal,36575224796.0,2024-10-01
2024,11,Maluku,Belanja Modal,48530589667.0,2024-11-01
2024,12,Maluku,Belanja Modal,153827918927.0,2024-12-01
2025,1,Maluku,Belanja Modal,0.0,2025-01-01
2025,2,Maluku,Belanja Modal,0.0,2025-02-01
2025,3,Maluku,Belanja Modal,2485287500.0,2025-03-01
2025,4,Maluku,Belanja Modal,14210205877.0,2025-04-01
2025,5,Maluku,Belanja Modal,9877025975.0,2025-05-01
2025,6,Maluku,Belanja Modal,3259495024.0,2025-06-01
2025,7,Maluku,Belanja Modal,15855739924.0,2025-07-01
2025,8,Maluku,Belanja Modal,11586452944.0,2025-08-01
2025,9,Maluku,Belanja Modal,7169125646.0,2025-09-01
2025,10,Maluku,Belanja Modal,36485905319.67999,2025-10-01
2025,11,Maluku,Belanja Modal,23956243560.130005,2025-11-01
2025,12,Maluku,Belanja Modal,58481359009.0,2025-12-01
2021,1,Maluku,Pendapatan Asli Daerah (PAD),545752866622.0,2021-01-01
2021,2,Maluku,Pendapatan Asli Daerah (PAD),0.0,2021-02-01
2021,3,Maluku,Pendapatan Asli Daerah (PAD),0.0,2021-03-01
2021,4,Maluku,Pendapatan Asli Daerah (PAD),0.0,2021-04-01
2021,5,Maluku,Pendapatan Asli Daerah (PAD),0.0,2021-05-01
2021,6,Maluku,Pendapatan Asli Daerah (PAD),0.0,2021-06-01
2021,7,Maluku,Pendapatan Asli Daerah (PAD),0.0,2021-07-01
2021,8,Maluku,Pendapatan Asli Daerah (PAD),0.0,2021-08-01
2021,9,Maluku,Pendapatan Asli Daerah (PAD),0.0,2021-09-01
2021,10,Maluku,Pendapatan Asli Daerah (PAD),0.0,2021-10-01
2021,11,Maluku,Pendapatan Asli Daerah (PAD),0.0,2021-11-01
2021,12,Maluku,Pendapatan Asli Daerah (PAD),0.0,2021-12-01
2022,1,Maluku,Pendapatan Asli Daerah (PAD),637948959230.93,2022-01-01
2022,2,Maluku,Pendapatan Asli Daerah (PAD),0.0,2022-02-01
2022,3,Maluku,Pendapatan Asli Daerah (PAD),0.0,2022-03-01
2022,4,Maluku,Pendapatan Asli Daerah (PAD),0.0,2022-04-01
2022,5,Maluku,Pendapatan Asli Daerah (PAD),0.0,2022-05-01
2022,6,Maluku,Pendapatan Asli Daerah (PAD),0.0,2022-06-01
2022,7,Maluku,Pendapatan Asli Daerah (PAD),0.0,2022-07-01
2022,8,Maluku,Pendapatan Asli Daerah (PAD),0.0,2022-08-01
2022,9,Maluku,Pendapatan Asli Daerah (PAD),0.0,2022-09-01
2022,10,Maluku,Pendapatan Asli Daerah (PAD),0.0,2022-10-01
2022,11,Maluku,Pendapatan Asli Daerah (PAD),0.0,2022-11-01
2022,12,Maluku,Pendapatan Asli Daerah (PAD),0.0,2022-12-01
2023,1,Maluku,Pendapatan Asli Daerah (PAD),39607287568.76,2023-01-01
2023,2,Maluku,Pendapatan Asli Daerah (PAD),37514209335.829994,2023-02-01
2023,3,Maluku,Pendapatan Asli Daerah (PAD),39163611170.91,2023-03-01
2023,4,Maluku,Pendapatan Asli Daerah (PAD),97946640493.51001,2023-04-01
2023,5,Maluku,Pendapatan Asli Daerah (PAD),0.0,2023-05-01
2023,6,Maluku,Pendapatan Asli Daerah (PAD),36665335948.97998,2023-06-01
2023,7,Maluku,Pendapatan Asli Daerah (PAD),39077426071.59003,2023-07-01
2023,8,Maluku,Pendapatan Asli Daerah (PAD),73849570878.90997,2023-08-01
2023,9,Maluku,Pendapatan Asli Daerah (PAD),38494865266.35004,2023-09-01
2023,10,Maluku,Pendapatan Asli Daerah (PAD),68929940162.81995,2023-10-01
2023,11,Maluku,Pendapatan Asli Daerah (PAD),42409879955.26001,2023-11-01
2023,12,Maluku,Pendapatan Asli Daerah (PAD),64009371593.23004,2023-12-01
2024,1,Maluku,Pendapatan Asli Daerah (PAD),40237701599.35,2024-01-01
2024,2,Maluku,Pendapatan Asli Daerah (PAD),34964550766.49,2024-02-01
2024,3,Maluku,Pendapatan Asli Daerah (PAD),33343257557.15001,2024-03-01
2024,4,Maluku,Pendapatan Asli Daerah (PAD),91213828505.34999,2024-04-01
2024,5,Maluku,Pendapatan Asli Daerah (PAD),79419428975.49002,2024-05-01
2024,6,Maluku,Pendapatan Asli Daerah (PAD),32169685006.52997,2024-06-01
2024,7,Maluku,Pendapatan Asli Daerah (PAD),71652796733.53003,2024-07-01
2024,8,Maluku,Pendapatan Asli Daerah (PAD),37915920781.45996,2024-08-01
2024,9,Maluku,Pendapatan Asli Daerah (PAD),38036850747.84003,2024-09-01
2024,10,Maluku,Pendapatan Asli Daerah (PAD),83140279005.32,2024-10-01
2024,11,Maluku,Pendapatan Asli Daerah (PAD),37522065248.339966,2024-11-01
2024,12,Maluku,Pendapatan Asli Daerah (PAD),72632568827.15002,2024-12-01
2025,1,Maluku,Pendapatan Asli Daerah (PAD),33492654262.57,2025-01-01
2025,2,Maluku,Pendapatan Asli Daerah (PAD),200000000.0,2025-02-01
2025,3,Maluku,Pendapatan Asli Daerah (PAD),112616099155.5,2025-03-01
2025,4,Maluku,Pendapatan Asli Daerah (PAD),97597674502.35999,2025-04-01
2025,5,Maluku,Pendapatan Asli Daerah (PAD),29218209541.089996,2025-05-01
2025,6,Maluku,Pendapatan Asli Daerah (PAD),56773611094.18002,2025-06-01
2025,7,Maluku,Pendapatan Asli Daerah (PAD),14194100484.070007,2025-07-01
2025,8,Maluku,Pendapatan Asli Daerah (PAD),70010069587.13,2025-08-01
2025,9,Maluku,Pendapatan Asli Daerah (PAD),28802202797.059998,2025-09-01
2025,10,Maluku,Pendapatan Asli Daerah (PAD),34532448964.03998,2025-10-01
2025,11,Maluku,Pendapatan Asli Daerah (PAD),101050899622.77002,2025-11-01
2025,12,Maluku,Pendapatan Asli Daerah (PAD),44864640790.410034,2025-12-01
2021,1,Maluku,Total Belanja Daerah,3008048650665.0,2021-01-01
2021,2,Maluku,Total Belanja Daerah,0.0,2021-02-01
2021,3,Maluku,Total Belanja Daerah,0.0,2021-03-01
2021,4,Maluku,Total Belanja Daerah,0.0,2021-04-01
2021,5,Maluku,Total Belanja Daerah,0.0,2021-05-01
2021,6,Maluku,Total Belanja Daerah,0.0,2021-06-01
2021,7,Maluku,Total Belanja Daerah,0.0,2021-07-01
2021,8,Maluku,Total Belanja Daerah,0.0,2021-08-01
2021,9,Maluku,Total Belanja Daerah,0.0,2021-09-01
2021,10,Maluku,Total Belanja Daerah,0.0,2021-10-01
2021,11,Maluku,Total Belanja Daerah,0.0,2021-11-01
2021,12,Maluku,Total Belanja Daerah,0.0,2021-12-01
2022,1,Maluku,Total Belanja Daerah,3053175364420.4,2022-01-01
2022,2,Maluku,Total Belanja Daerah,0.0,2022-02-01
2022,3,Maluku,Total Belanja Daerah,0.0,2022-03-01
2022,4,Maluku,Total Belanja Daerah,0.0,2022-04-01
2022,5,Maluku,Total Belanja Daerah,0.0,2022-05-01
2022,6,Maluku,Total Belanja Daerah,0.0,2022-06-01
2022,7,Maluku,Total Belanja Daerah,0.0,2022-07-01
2022,8,Maluku,Total Belanja Daerah,0.0,2022-08-01
2022,9,Maluku,Total Belanja Daerah,0.0,2022-09-01
2022,10,Maluku,Total Belanja Daerah,0.0,2022-10-01
2022,11,Maluku,Total Belanja Daerah,0.0,2022-11-01
2022,12,Maluku,Total Belanja Daerah,0.0,2022-12-01
2023,1,Maluku,Total Belanja Daerah,61154445811.0,2023-01-01
2023,2,Maluku,Total Belanja Daerah,114633298256.07,2023-02-01
2023,3,Maluku,Total Belanja Daerah,180134028110.0,2023-03-01
2023,4,Maluku,Total Belanja Daerah,199253366313.99005,2023-04-01
2023,5,Maluku,Total Belanja Daerah,0.0,2023-05-01
2023,6,Maluku,Total Belanja Daerah,302778113349.1499,2023-06-01
2023,7,Maluku,Total Belanja Daerah,235723409017.49,2023-07-01
2023,8,Maluku,Total Belanja Daerah,292165031603.5,2023-08-01
2023,9,Maluku,Total Belanja Daerah,168646922664.0,2023-09-01
2023,10,Maluku,Total Belanja Daerah,239949198241.1001,2023-10-01
2023,11,Maluku,Total Belanja Daerah,308749972692.0,2023-11-01
2023,12,Maluku,Total Belanja Daerah,672412631562.3,2023-12-01
2024,1,Maluku,Total Belanja Daerah,61724100285.0,2024-01-01
2024,2,Maluku,Total Belanja Daerah,120882111488.15,2024-02-01
2024,3,Maluku,Total Belanja Daerah,151539343778.00003,2024-03-01
2024,4,Maluku,Total Belanja Daerah,256865516039.5,2024-04-01
2024,5,Maluku,Total Belanja Daerah,225636569529.41003,2024-05-01
2024,6,Maluku,Total Belanja Daerah,379086318343.93994,2024-06-01
2024,7,Maluku,Total Belanja Daerah,379251954209.0,2024-07-01
2024,8,Maluku,Total Belanja Daerah,204262345757.5,2024-08-01
2024,9,Maluku,Total Belanja Daerah,238407523129.6001,2024-09-01
2024,10,Maluku,Total Belanja Daerah,209037067406.6001,2024-10-01
2024,11,Maluku,Total Belanja Daerah,211436971238.0,2024-11-01
2024,12,Maluku,Total Belanja Daerah,604305139081.0,2024-12-01
2025,1,Maluku,Total Belanja Daerah,59894773589.03,2025-01-01
2025,2,Maluku,Total Belanja Daerah,0.0,2025-02-01
2025,3,Maluku,Total Belanja Daerah,194123621124.19,2025-03-01
2025,4,Maluku,Total Belanja Daerah,133665795821.49997,2025-04-01
2025,5,Maluku,Total Belanja Daerah,201004599506.83008,2025-05-01
2025,6,Maluku,Total Belanja Daerah,419947941595.75,2025-06-01
2025,7,Maluku,Total Belanja Daerah,88625822923.79993,2025-07-01
2025,8,Maluku,Total Belanja Daerah,141007290276.70007,2025-08-01
2025,9,Maluku,Total Belanja Daerah,162477083904.19995,2025-09-01
2025,10,Maluku,Total Belanja Daerah,223866343916.69995,2025-10-01
2025,11,Maluku,Total Belanja Daerah,181023780745.1001,2025-11-01
2025,12,Maluku,Total Belanja Daerah,692614227330.7,2025-12-01
2021,1,Maluku,Total Pendapatan Daerah,3045825245458.0,2021-01-01
2021,2,Maluku,Total Pendapatan Daerah,0.0,2021-02-01
2021,3,Maluku,Total Pendapatan Daerah,0.0,2021-03-01
2021,4,Maluku,Total Pendapatan Daerah,0.0,2021-04-01
2021,5,Maluku,Total Pendapatan Daerah,0.0,2021-05-01
2021,6,Maluku,Total Pendapatan Daerah,0.0,2021-06-01
2021,7,Maluku,Total Pendapatan Daerah,0.0,2021-07-01
2021,8,Maluku,Total Pendapatan Daerah,0.0,2021-08-01
2021,9,Maluku,Total Pendapatan Daerah,0.0,2021-09-01
2021,10,Maluku,Total Pendapatan Daerah,0.0,2021-10-01
2021,11,Maluku,Total Pendapatan Daerah,0.0,2021-11-01
2021,12,Maluku,Total Pendapatan Daerah,0.0,2021-12-01
2022,1,Maluku,Total Pendapatan Daerah,2915515472447.9,2022-01-01
2022,2,Maluku,Total Pendapatan Daerah,0.0,2022-02-01
2022,3,Maluku,Total Pendapatan Daerah,0.0,2022-03-01
2022,4,Maluku,Total Pendapatan Daerah,0.0,2022-04-01
2022,5,Maluku,Total Pendapatan Daerah,0.0,2022-05-01
2022,6,Maluku,Total Pendapatan Daerah,0.0,2022-06-01
2022,7,Maluku,Total Pendapatan Daerah,0.0,2022-07-01
2022,8,Maluku,Total Pendapatan Daerah,0.0,2022-08-01
2022,9,Maluku,Total Pendapatan Daerah,0.0,2022-09-01
2022,10,Maluku,Total Pendapatan Daerah,0.0,2022-10-01
2022,11,Maluku,Total Pendapatan Daerah,0.0,2022-11-01
2022,12,Maluku,Total Pendapatan Daerah,0.0,2022-12-01
2023,1,Maluku,Total Pendapatan Daerah,180787125668.76,2023-01-01
2023,2,Maluku,Total Pendapatan Daerah,145316321885.83002,2023-02-01
2023,3,Maluku,Total Pendapatan Daerah,159597438288.90997,2023-03-01
2023,4,Maluku,Total Pendapatan Daerah,219557291514.51,2023-04-01
2023,5,Maluku,Total Pendapatan Daerah,0.0,2023-05-01
2023,6,Maluku,Total Pendapatan Daerah,193200594896.97998,2023-06-01
2023,7,Maluku,Total Pendapatan Daerah,415188335841.6101,2023-07-01
2023,8,Maluku,Total Pendapatan Daerah,178634753128.8999,2023-08-01
2023,9,Maluku,Total Pendapatan Daerah,478567289912.30005,2023-09-01
2023,10,Maluku,Total Pendapatan Daerah,254472295362.90015,2023-10-01
2023,11,Maluku,Total Pendapatan Daerah,210546813447.1997,2023-11-01
2023,12,Maluku,Total Pendapatan Daerah,328721592041.2002,2023-12-01
2024,1,Maluku,Total Pendapatan Daerah,342357912646.35,2024-01-01
2024,2,Maluku,Total Pendapatan Daerah,261840268566.49,2024-02-01
2024,3,Maluku,Total Pendapatan Daerah,160838931146.15002,2024-03-01
2024,4,Maluku,Total Pendapatan Daerah,253827594001.31006,2024-04-01
2024,5,Maluku,Total Pendapatan Daerah,270817727020.5,2024-05-01
2024,6,Maluku,Total Pendapatan Daerah,166196891867.59985,2024-06-01
2024,7,Maluku,Total Pendapatan Daerah,361055000384.5,2024-07-01
2024,8,Maluku,Total Pendapatan Daerah,212040697426.5,2024-08-01
2024,9,Maluku,Total Pendapatan Daerah,283808371994.8003,2024-09-01
2024,10,Maluku,Total Pendapatan Daerah,358815441771.2998,2024-10-01
2024,11,Maluku,Total Pendapatan Daerah,172430065021.3999,2024-11-01
2024,12,Maluku,Total Pendapatan Daerah,242171115731.1001,2024-12-01
2025,1,Maluku,Total Pendapatan Daerah,317400516162.57,2025-01-01
2025,2,Maluku,Total Pendapatan Daerah,200000000.0,2025-02-01
2025,3,Maluku,Total Pendapatan Daerah,380052781755.49994,2025-03-01
2025,4,Maluku,Total Pendapatan Daerah,218543786669.3601,2025-04-01
2025,5,Maluku,Total Pendapatan Daerah,153934798151.06995,2025-05-01
2025,6,Maluku,Total Pendapatan Daerah,296480219999.19995,2025-06-01
2025,7,Maluku,Total Pendapatan Daerah,128482894288.1001,2025-07-01
2025,8,Maluku,Total Pendapatan Daerah,187436685941.09985,2025-08-01
2025,9,Maluku,Total Pendapatan Daerah,296392375831.1001,2025-09-01
2025,10,Maluku,Total Pendapatan Daerah,175545111041.0,2025-10-01
2025,11,Maluku,Total Pendapatan Daerah,277102391173.7998,2025-11-01
2025,12,Maluku,Total Pendapatan Daerah,275738113400.4004,2025-12-01
2021,1,Maluku,Transfer ke Daerah dan Dana Desa (TKDD),2498865066285.0,2021-01-01
2021,2,Maluku,Transfer ke Daerah dan Dana Desa (TKDD),0.0,2021-02-01
2021,3,Maluku,Transfer ke Daerah dan Dana Desa (TKDD),0.0,2021-03-01
2021,4,Maluku,Transfer ke Daerah dan Dana Desa (TKDD),0.0,2021-04-01
2021,5,Maluku,Transfer ke Daerah dan Dana Desa (TKDD),0.0,2021-05-01
2021,6,Maluku,Transfer ke Daerah dan Dana Desa (TKDD),0.0,2021-06-01
2021,7,Maluku,Transfer ke Daerah dan Dana Desa (TKDD),0.0,2021-07-01
2021,8,Maluku,Transfer ke Daerah dan Dana Desa (TKDD),0.0,2021-08-01
2021,9,Maluku,Transfer ke Daerah dan Dana Desa (TKDD),0.0,2021-09-01
2021,10,Maluku,Transfer ke Daerah dan Dana Desa (TKDD),0.0,2021-10-01
2021,11,Maluku,Transfer ke Daerah dan Dana Desa (TKDD),0.0,2021-11-01
2021,12,Maluku,Transfer ke Daerah dan Dana Desa (TKDD),0.0,2021-12-01
2022,1,Maluku,Transfer ke Daerah dan Dana Desa (TKDD),2273932596444.0,2022-01-01
2022,2,Maluku,Transfer ke Daerah dan Dana Desa (TKDD),0.0,2022-02-01
2022,3,Maluku,Transfer ke Daerah dan Dana Desa (TKDD),0.0,2022-03-01
2022,4,Maluku,Transfer ke Daerah dan Dana Desa (TKDD),0.0,2022-04-01
2022,5,Maluku,Transfer ke Daerah dan Dana Desa (TKDD),0.0,2022-05-01
2022,6,Maluku,Transfer ke Daerah dan Dana Desa (TKDD),0.0,2022-06-01
2022,7,Maluku,Transfer ke Daerah dan Dana Desa (TKDD),0.0,2022-07-01
2022,8,Maluku,Transfer ke Daerah dan Dana Desa (TKDD),0.0,2022-08-01
2022,9,Maluku,Transfer ke Daerah dan Dana Desa (TKDD),0.0,2022-09-01
2022,10,Maluku,Transfer ke Daerah dan Dana Desa (TKDD),0.0,2022-10-01
2022,11,Maluku,Transfer ke Daerah dan Dana Desa (TKDD),0.0,2022-11-01
2022,12,Maluku,Transfer ke Daerah dan Dana Desa (TKDD),0.0,2022-12-01
2023,1,Maluku,Transfer ke Daerah dan Dana Desa (TKDD),141179838100.0,2023-01-01
2023,2,Maluku,Transfer ke Daerah dan Dana Desa (TKDD),107802112550.0,2023-02-01
2023,3,Maluku,Transfer ke Daerah dan Dana Desa (TKDD),120433827118.0,2023-03-01
2023,4,Maluku,Transfer ke Daerah dan Dana Desa (TKDD),121610651021.0,2023-04-01
2023,5,Maluku,Transfer ke Daerah dan Dana Desa (TKDD),0.0,2023-05-01
2023,6,Maluku,Transfer ke Daerah dan Dana Desa (TKDD),156535258948.0,2023-06-01
2023,7,Maluku,Transfer ke Daerah dan Dana Desa (TKDD),375961059770.0,2023-07-01
2023,8,Maluku,Transfer ke Daerah dan Dana Desa (TKDD),104785182250.0,2023-08-01
2023,9,Maluku,Transfer ke Daerah dan Dana Desa (TKDD),439997499646.0,2023-09-01
2023,10,Maluku,Transfer ke Daerah dan Dana Desa (TKDD),185542355200.0,2023-10-01
2023,11,Maluku,Transfer ke Daerah dan Dana Desa (TKDD),168136933492.0,2023-11-01
2023,12,Maluku,Transfer ke Daerah dan Dana Desa (TKDD),264637295448.0,2023-12-01
2024,1,Maluku,Transfer ke Daerah dan Dana Desa (TKDD),302120211047.0,2024-01-01
2024,2,Maluku,Transfer ke Daerah dan Dana Desa (TKDD),226875717800.0,2024-02-01
2024,3,Maluku,Transfer ke Daerah dan Dana Desa (TKDD),127495673589.0,2024-03-01
2024,4,Maluku,Transfer ke Daerah dan Dana Desa (TKDD),162613765496.0,2024-04-01
2024,5,Maluku,Transfer ke Daerah dan Dana Desa (TKDD),191398298045.0,2024-05-01
2024,6,Maluku,Transfer ke Daerah dan Dana Desa (TKDD),134027206861.0,2024-06-01
2024,7,Maluku,Transfer ke Daerah dan Dana Desa (TKDD),289402203651.0,2024-07-01
2024,8,Maluku,Transfer ke Daerah dan Dana Desa (TKDD),174124776645.0,2024-08-01
2024,9,Maluku,Transfer ke Daerah dan Dana Desa (TKDD),245557737247.0,2024-09-01
2024,10,Maluku,Transfer ke Daerah dan Dana Desa (TKDD),275675162766.0,2024-10-01
2024,11,Maluku,Transfer ke Daerah dan Dana Desa (TKDD),134907999773.0,2024-11-01
2024,12,Maluku,Transfer ke Daerah dan Dana Desa (TKDD),164854024624.0,2024-12-01
2025,1,Maluku,Transfer ke Daerah dan Dana Desa (TKDD),283907861900.0,2025-01-01
2025,2,Maluku,Transfer ke Daerah dan Dana Desa (TKDD),0.0,2025-02-01
2025,3,Maluku,Transfer ke Daerah dan Dana Desa (TKDD),267436682600.0,2025-03-01
2025,4,Maluku,Transfer ke Daerah dan Dana Desa (TKDD),120946112167.0,2025-04-01
2025,5,Maluku,Transfer ke Daerah dan Dana Desa (TKDD),124716588610.0,2025-05-01
2025,6,Maluku,Transfer ke Daerah dan Dana Desa (TKDD),239706608905.0,2025-06-01
2025,7,Maluku,Transfer ke Daerah dan Dana Desa (TKDD),114288793804.0,2025-07-01
2025,8,Maluku,Transfer ke Daerah dan Dana Desa (TKDD),117236643354.0,2025-08-01
2025,9,Maluku,Transfer ke Daerah dan Dana Desa (TKDD),267590173034.0,2025-09-01
2025,10,Maluku,Transfer ke Daerah dan Dana Desa (TKDD),141012662077.0,2025-10-01
2025,11,Maluku,Transfer ke Daerah dan Dana Desa (TKDD),176051491551.0,2025-11-01
2025,12,Maluku,Transfer ke Daerah dan Dana Desa (TKDD),230873472610.0,2025-12-01
2021,1,Maluku Utara,Belanja Modal,821980932716.0,2021-01-01
2021,2,Maluku Utara,Belanja Modal,0.0,2021-02-01
2021,3,Maluku Utara,Belanja Modal,0.0,2021-03-01
2021,4,Maluku Utara,Belanja Modal,0.0,2021-04-01
2021,5,Maluku Utara,Belanja Modal,0.0,2021-05-01
2021,6,Maluku Utara,Belanja Modal,0.0,2021-06-01
2021,7,Maluku Utara,Belanja Modal,0.0,2021-07-01
2021,8,Maluku Utara,Belanja Modal,0.0,2021-08-01
2021,9,Maluku Utara,Belanja Modal,0.0,2021-09-01
2021,10,Maluku Utara,Belanja Modal,0.0,2021-10-01
2021,11,Maluku Utara,Belanja Modal,0.0,2021-11-01
2021,12,Maluku Utara,Belanja Modal,0.0,2021-12-01
2022,1,Maluku Utara,Belanja Modal,850388781669.33,2022-01-01
2022,2,Maluku Utara,Belanja Modal,0.0,2022-02-01
2022,3,Maluku Utara,Belanja Modal,0.0,2022-03-01
2022,4,Maluku Utara,Belanja Modal,0.0,2022-04-01
2022,5,Maluku Utara,Belanja Modal,0.0,2022-05-01
2022,6,Maluku Utara,Belanja Modal,0.0,2022-06-01
2022,7,Maluku Utara,Belanja Modal,0.0,2022-07-01
2022,8,Maluku Utara,Belanja Modal,0.0,2022-08-01
2022,9,Maluku Utara,Belanja Modal,0.0,2022-09-01
2022,10,Maluku Utara,Belanja Modal,0.0,2022-10-01
2022,11,Maluku Utara,Belanja Modal,0.0,2022-11-01
2022,12,Maluku Utara,Belanja Modal,0.0,2022-12-01
2023,1,Maluku Utara,Belanja Modal,0.0,2023-01-01
2023,2,Maluku Utara,Belanja Modal,8258431216.0,2023-02-01
2023,3,Maluku Utara,Belanja Modal,53671177048.78,2023-03-01
2023,4,Maluku Utara,Belanja Modal,80912701761.38,2023-04-01
2023,5,Maluku Utara,Belanja Modal,0.0,2023-05-01
2023,6,Maluku Utara,Belanja Modal,74283435660.0,2023-06-01
2023,7,Maluku Utara,Belanja Modal,40555979211.0,2023-07-01
2023,8,Maluku Utara,Belanja Modal,81430128256.69998,2023-08-01
2023,9,Maluku Utara,Belanja Modal,95260922594.20001,2023-09-01
2023,10,Maluku Utara,Belanja Modal,66352094721.0,2023-10-01
2023,11,Maluku Utara,Belanja Modal,53864299147.00006,2023-11-01
2023,12,Maluku Utara,Belanja Modal,113961099655.97998,2023-12-01
2024,1,Maluku Utara,Belanja Modal,0.0,2024-01-01
2024,2,Maluku Utara,Belanja Modal,0.0,2024-02-01
2024,3,Maluku Utara,Belanja Modal,0.0,2024-03-01
2024,4,Maluku Utara,Belanja Modal,0.0,2024-04-01
2024,5,Maluku Utara,Belanja Modal,0.0,2024-05-01
2024,6,Maluku Utara,Belanja Modal,57379603443.0,2024-06-01
2024,7,Maluku Utara,Belanja Modal,0.0,2024-07-01
2024,8,Maluku Utara,Belanja Modal,128486494942.0,2024-08-01
2024,9,Maluku Utara,Belanja Modal,0.0,2024-09-01
2024,10,Maluku Utara,Belanja Modal,0.0,2024-10-01
2024,11,Maluku Utara,Belanja Modal,0.0,2024-11-01
2024,12,Maluku Utara,Belanja Modal,592015925089.0,2024-12-01
2025,1,Maluku Utara,Belanja Modal,0.0,2025-01-01
2025,2,Maluku Utara,Belanja Modal,21403873365.0,2025-02-01
2025,3,Maluku Utara,Belanja Modal,5124594.0,2025-03-01
2025,4,Maluku Utara,Belanja Modal,504188063.0,2025-04-01
2025,5,Maluku Utara,Belanja Modal,2898569537.0,2025-05-01
2025,6,Maluku Utara,Belanja Modal,3533385021.0,2025-06-01
2025,7,Maluku Utara,Belanja Modal,21157415196.0,2025-07-01
2025,8,Maluku Utara,Belanja Modal,29411298985.89,2025-08-01
2025,9,Maluku Utara,Belanja Modal,51654733860.0,2025-09-01
2025,10,Maluku Utara,Belanja Modal,62259391111.89,2025-10-01
2025,11,Maluku Utara,Belanja Modal,38846966211.0,2025-11-01
2025,12,Maluku Utara,Belanja Modal,167807078701.55002,2025-12-01
2021,1,Maluku Utara,Pendapatan Asli Daerah (PAD),552347164463.0,2021-01-01
2021,2,Maluku Utara,Pendapatan Asli Daerah (PAD),0.0,2021-02-01
2021,3,Maluku Utara,Pendapatan Asli Daerah (PAD),0.0,2021-03-01
2021,4,Maluku Utara,Pendapatan Asli Daerah (PAD),0.0,2021-04-01
2021,5,Maluku Utara,Pendapatan Asli Daerah (PAD),0.0,2021-05-01
2021,6,Maluku Utara,Pendapatan Asli Daerah (PAD),0.0,2021-06-01
2021,7,Maluku Utara,Pendapatan Asli Daerah (PAD),0.0,2021-07-01
2021,8,Maluku Utara,Pendapatan Asli Daerah (PAD),0.0,2021-08-01
2021,9,Maluku Utara,Pendapatan Asli Daerah (PAD),0.0,2021-09-01
2021,10,Maluku Utara,Pendapatan Asli Daerah (PAD),0.0,2021-10-01
2021,11,Maluku Utara,Pendapatan Asli Daerah (PAD),0.0,2021-11-01
2021,12,Maluku Utara,Pendapatan Asli Daerah (PAD),0.0,2021-12-01
2022,1,Maluku Utara,Pendapatan Asli Daerah (PAD),779231797125.54,2022-01-01
2022,2,Maluku Utara,Pendapatan Asli Daerah (PAD),0.0,2022-02-01
2022,3,Maluku Utara,Pendapatan Asli Daerah (PAD),0.0,2022-03-01
2022,4,Maluku Utara,Pendapatan Asli Daerah (PAD),0.0,2022-04-01
2022,5,Maluku Utara,Pendapatan Asli Daerah (PAD),0.0,2022-05-01
2022,6,Maluku Utara,Pendapatan Asli Daerah (PAD),0.0,2022-06-01
2022,7,Maluku Utara,Pendapatan Asli Daerah (PAD),0.0,2022-07-01
2022,8,Maluku Utara,Pendapatan Asli Daerah (PAD),0.0,2022-08-01
2022,9,Maluku Utara,Pendapatan Asli Daerah (PAD),0.0,2022-09-01
2022,10,Maluku Utara,Pendapatan Asli Daerah (PAD),0.0,2022-10-01
2022,11,Maluku Utara,Pendapatan Asli Daerah (PAD),0.0,2022-11-01
2022,12,Maluku Utara,Pendapatan Asli Daerah (PAD),0.0,2022-12-01
2023,1,Maluku Utara,Pendapatan Asli Daerah (PAD),32347001911.68,2023-01-01
2023,2,Maluku Utara,Pendapatan Asli Daerah (PAD),51174820270.27,2023-02-01
2023,3,Maluku Utara,Pendapatan Asli Daerah (PAD),62737805515.11,2023-03-01
2023,4,Maluku Utara,Pendapatan Asli Daerah (PAD),40240334843.350006,2023-04-01
2023,5,Maluku Utara,Pendapatan Asli Daerah (PAD),0.0,2023-05-01
2023,6,Maluku Utara,Pendapatan Asli Daerah (PAD),41309493021.850006,2023-06-01
2023,7,Maluku Utara,Pendapatan Asli Daerah (PAD),29887493249.369995,2023-07-01
2023,8,Maluku Utara,Pendapatan Asli Daerah (PAD),36005047780.44,2023-08-01
2023,9,Maluku Utara,Pendapatan Asli Daerah (PAD),70960298515.78998,2023-09-01
2023,10,Maluku Utara,Pendapatan Asli Daerah (PAD),37422323139.07001,2023-10-01
2023,11,Maluku Utara,Pendapatan Asli Daerah (PAD),12377342142.179993,2023-11-01
2023,12,Maluku Utara,Pendapatan Asli Daerah (PAD),343706538079.9,2023-12-01
2024,1,Maluku Utara,Pendapatan Asli Daerah (PAD),0.0,2024-01-01
2024,2,Maluku Utara,Pendapatan Asli Daerah (PAD),0.0,2024-02-01
2024,3,Maluku Utara,Pendapatan Asli Daerah (PAD),0.0,2024-03-01
2024,4,Maluku Utara,Pendapatan Asli Daerah (PAD),0.0,2024-04-01
2024,5,Maluku Utara,Pendapatan Asli Daerah (PAD),0.0,2024-05-01
2024,6,Maluku Utara,Pendapatan Asli Daerah (PAD),455736352532.36,2024-06-01
2024,7,Maluku Utara,Pendapatan Asli Daerah (PAD),0.0,2024-07-01
2024,8,Maluku Utara,Pendapatan Asli Daerah (PAD),168122824014.12,2024-08-01
2024,9,Maluku Utara,Pendapatan Asli Daerah (PAD),0.0,2024-09-01
2024,10,Maluku Utara,Pendapatan Asli Daerah (PAD),0.0,2024-10-01
2024,11,Maluku Utara,Pendapatan Asli Daerah (PAD),0.0,2024-11-01
2024,12,Maluku Utara,Pendapatan Asli Daerah (PAD),626355014501.9401,2024-12-01
2025,1,Maluku Utara,Pendapatan Asli Daerah (PAD),99928079632.6,2025-01-01
2025,2,Maluku Utara,Pendapatan Asli Daerah (PAD),93861734210.28,2025-02-01
2025,3,Maluku Utara,Pendapatan Asli Daerah (PAD),92859013394.21002,2025-03-01
2025,4,Maluku Utara,Pendapatan Asli Daerah (PAD),95251337462.56,2025-04-01
2025,5,Maluku Utara,Pendapatan Asli Daerah (PAD),109465764389.20996,2025-05-01
2025,6,Maluku Utara,Pendapatan Asli Daerah (PAD),67275601250.01001,2025-06-01
2025,7,Maluku Utara,Pendapatan Asli Daerah (PAD),120885150507.09998,2025-07-01
2025,8,Maluku Utara,Pendapatan Asli Daerah (PAD),109848603411.67004,2025-08-01
2025,9,Maluku Utara,Pendapatan Asli Daerah (PAD),55578803269.329956,2025-09-01
2025,10,Maluku Utara,Pendapatan Asli Daerah (PAD),85053259740.0,2025-10-01
2025,11,Maluku Utara,Pendapatan Asli Daerah (PAD),7974521740.0,2025-11-01
2025,12,Maluku Utara,Pendapatan Asli Daerah (PAD),79524872282.72998,2025-12-01
2021,1,Maluku Utara,Total Belanja Daerah,2992461495869.0,2021-01-01
2021,2,Maluku Utara,Total Belanja Daerah,0.0,2021-02-01
2021,3,Maluku Utara,Total Belanja Daerah,0.0,2021-03-01
2021,4,Maluku Utara,Total Belanja Daerah,0.0,2021-04-01
2021,5,Maluku Utara,Total Belanja Daerah,0.0,2021-05-01
2021,6,Maluku Utara,Total Belanja Daerah,0.0,2021-06-01
2021,7,Maluku Utara,Total Belanja Daerah,0.0,2021-07-01
2021,8,Maluku Utara,Total Belanja Daerah,0.0,2021-08-01
2021,9,Maluku Utara,Total Belanja Daerah,0.0,2021-09-01
2021,10,Maluku Utara,Total Belanja Daerah,0.0,2021-10-01
2021,11,Maluku Utara,Total Belanja Daerah,0.0,2021-11-01
2021,12,Maluku Utara,Total Belanja Daerah,0.0,2021-12-01
2022,1,Maluku Utara,Total Belanja Daerah,3200974790169.7,2022-01-01
2022,2,Maluku Utara,Total Belanja Daerah,0.0,2022-02-01
2022,3,Maluku Utara,Total Belanja Daerah,0.0,2022-03-01
2022,4,Maluku Utara,Total Belanja Daerah,0.0,2022-04-01
2022,5,Maluku Utara,Total Belanja Daerah,0.0,2022-05-01
2022,6,Maluku Utara,Total Belanja Daerah,0.0,2022-06-01
2022,7,Maluku Utara,Total Belanja Daerah,0.0,2022-07-01
2022,8,Maluku Utara,Total Belanja Daerah,0.0,2022-08-01
2022,9,Maluku Utara,Total Belanja Daerah,0.0,2022-09-01
2022,10,Maluku Utara,Total Belanja Daerah,0.0,2022-10-01
2022,11,Maluku Utara,Total Belanja Daerah,0.0,2022-11-01
2022,12,Maluku Utara,Total Belanja Daerah,0.0,2022-12-01
2023,1,Maluku Utara,Total Belanja Daerah,38288657812.0,2023-01-01
2023,2,Maluku Utara,Total Belanja Daerah,73385401187.48,2023-02-01
2023,3,Maluku Utara,Total Belanja Daerah,233403461949.28003,2023-03-01
2023,4,Maluku Utara,Total Belanja Daerah,326924546471.36,2023-04-01
2023,5,Maluku Utara,Total Belanja Daerah,0.0,2023-05-01
2023,6,Maluku Utara,Total Belanja Daerah,343388589837.98,2023-06-01
2023,7,Maluku Utara,Total Belanja Daerah,257540514482.00012,2023-07-01
2023,8,Maluku Utara,Total Belanja Daerah,266267636897.5,2023-08-01
2023,9,Maluku Utara,Total Belanja Daerah,270199678377.3999,2023-09-01
2023,10,Maluku Utara,Total Belanja Daerah,226516094548.3999,2023-10-01
2023,11,Maluku Utara,Total Belanja Daerah,249183605361.0,2023-11-01
2023,12,Maluku Utara,Total Belanja Daerah,618359169970.6001,2023-12-01
2024,1,Maluku Utara,Total Belanja Daerah,0.0,2024-01-01
2024,2,Maluku Utara,Total Belanja Daerah,0.0,2024-02-01
2024,3,Maluku Utara,Total Belanja Daerah,0.0,2024-03-01
2024,4,Maluku Utara,Total Belanja Daerah,0.0,2024-04-01
2024,5,Maluku Utara,Total Belanja Daerah,0.0,2024-05-01
2024,6,Maluku Utara,Total Belanja Daerah,1113608763271.0,2024-06-01
2024,7,Maluku Utara,Total Belanja Daerah,0.0,2024-07-01
2024,8,Maluku Utara,Total Belanja Daerah,933663617669.1001,2024-08-01
2024,9,Maluku Utara,Total Belanja Daerah,0.0,2024-09-01
2024,10,Maluku Utara,Total Belanja Daerah,0.0,2024-10-01
2024,11,Maluku Utara,Total Belanja Daerah,0.0,2024-11-01
2024,12,Maluku Utara,Total Belanja Daerah,2683258606517.4,2024-12-01
2025,1,Maluku Utara,Total Belanja Daerah,52727530791.0,2025-01-01
2025,2,Maluku Utara,Total Belanja Daerah,139368256660.6,2025-02-01
2025,3,Maluku Utara,Total Belanja Daerah,240701691284.99002,2025-03-01
2025,4,Maluku Utara,Total Belanja Daerah,90704308765.44,2025-04-01
2025,5,Maluku Utara,Total Belanja Daerah,259797388342.0,2025-05-01
2025,6,Maluku Utara,Total Belanja Daerah,192799940554.02002,2025-06-01
2025,7,Maluku Utara,Total Belanja Daerah,228439965140.1499,2025-07-01
2025,8,Maluku Utara,Total Belanja Daerah,300786279438.6001,2025-08-01
2025,9,Maluku Utara,Total Belanja Daerah,203222832734.0,2025-09-01
2025,10,Maluku Utara,Total Belanja Daerah,220251380565.8999,2025-10-01
2025,11,Maluku Utara,Total Belanja Daerah,228384249360.69995,2025-11-01
2025,12,Maluku Utara,Total Belanja Daerah,688412323814.7002,2025-12-01
2021,1,Maluku Utara,Total Pendapatan Daerah,2876947984752.0,2021-01-01
2021,2,Maluku Utara,Total Pendapatan Daerah,0.0,2021-02-01
2021,3,Maluku Utara,Total Pendapatan Daerah,0.0,2021-03-01
2021,4,Maluku Utara,Total Pendapatan Daerah,0.0,2021-04-01
2021,5,Maluku Utara,Total Pendapatan Daerah,0.0,2021-05-01
2021,6,Maluku Utara,Total Pendapatan Daerah,0.0,2021-06-01
2021,7,Maluku Utara,Total Pendapatan Daerah,0.0,2021-07-01
2021,8,Maluku Utara,Total Pendapatan Daerah,0.0,2021-08-01
2021,9,Maluku Utara,Total Pendapatan Daerah,0.0,2021-09-01
2021,10,Maluku Utara,Total Pendapatan Daerah,0.0,2021-10-01
2021,11,Maluku Utara,Total Pendapatan Daerah,0.0,2021-11-01
2021,12,Maluku Utara,Total Pendapatan Daerah,0.0,2021-12-01
2022,1,Maluku Utara,Total Pendapatan Daerah,3088705718662.5,2022-01-01
2022,2,Maluku Utara,Total Pendapatan Daerah,0.0,2022-02-01
2022,3,Maluku Utara,Total Pendapatan Daerah,0.0,2022-03-01
2022,4,Maluku Utara,Total Pendapatan Daerah,0.0,2022-04-01
2022,5,Maluku Utara,Total Pendapatan Daerah,0.0,2022-05-01
2022,6,Maluku Utara,Total Pendapatan Daerah,0.0,2022-06-01
2022,7,Maluku Utara,Total Pendapatan Daerah,0.0,2022-07-01
2022,8,Maluku Utara,Total Pendapatan Daerah,0.0,2022-08-01
2022,9,Maluku Utara,Total Pendapatan Daerah,0.0,2022-09-01
2022,10,Maluku Utara,Total Pendapatan Daerah,0.0,2022-10-01
2022,11,Maluku Utara,Total Pendapatan Daerah,0.0,2022-11-01
2022,12,Maluku Utara,Total Pendapatan Daerah,0.0,2022-12-01
2023,1,Maluku Utara,Total Pendapatan Daerah,248502007311.68,2023-01-01
2023,2,Maluku Utara,Total Pendapatan Daerah,51174820270.27002,2023-02-01
2023,3,Maluku Utara,Total Pendapatan Daerah,205831369215.11,2023-03-01
2023,4,Maluku Utara,Total Pendapatan Daerah,335937145563.35004,2023-04-01
2023,5,Maluku Utara,Total Pendapatan Daerah,0.0,2023-05-01
2023,6,Maluku Utara,Total Pendapatan Daerah,335186241221.89,2023-06-01
2023,7,Maluku Utara,Total Pendapatan Daerah,247751082361.30005,2023-07-01
2023,8,Maluku Utara,Total Pendapatan Daerah,90211217596.5,2023-08-01
2023,9,Maluku Utara,Total Pendapatan Daerah,316526350615.7998,2023-09-01
2023,10,Maluku Utara,Total Pendapatan Daerah,198061706800.0,2023-10-01
2023,11,Maluku Utara,Total Pendapatan Daerah,165719168766.2002,2023-11-01
2023,12,Maluku Utara,Total Pendapatan Daerah,801735691621.8999,2023-12-01
2024,1,Maluku Utara,Total Pendapatan Daerah,0.0,2024-01-01
2024,2,Maluku Utara,Total Pendapatan Daerah,0.0,2024-02-01
2024,3,Maluku Utara,Total Pendapatan Daerah,0.0,2024-03-01
2024,4,Maluku Utara,Total Pendapatan Daerah,0.0,2024-04-01
2024,5,Maluku Utara,Total Pendapatan Daerah,0.0,2024-05-01
2024,6,Maluku Utara,Total Pendapatan Daerah,1757770446320.4,2024-06-01
2024,7,Maluku Utara,Total Pendapatan Daerah,0.0,2024-07-01
2024,8,Maluku Utara,Total Pendapatan Daerah,783236450732.1001,2024-08-01
2024,9,Maluku Utara,Total Pendapatan Daerah,0.0,2024-09-01
2024,10,Maluku Utara,Total Pendapatan Daerah,0.0,2024-10-01
2024,11,Maluku Utara,Total Pendapatan Daerah,0.0,2024-11-01
2024,12,Maluku Utara,Total Pendapatan Daerah,2156155082629.9,2024-12-01
2025,1,Maluku Utara,Total Pendapatan Daerah,338877819332.6,2025-01-01
2025,2,Maluku Utara,Total Pendapatan Daerah,172812665410.28003,2025-02-01
2025,3,Maluku Utara,Total Pendapatan Daerah,310763920094.20996,2025-03-01
2025,4,Maluku Utara,Total Pendapatan Daerah,287903685374.51013,2025-04-01
2025,5,Maluku Utara,Total Pendapatan Daerah,286561913790.2998,2025-05-01
2025,6,Maluku Utara,Total Pendapatan Daerah,146920933660.0,2025-06-01
2025,7,Maluku Utara,Total Pendapatan Daerah,484095068375.2002,2025-07-01
2025,8,Maluku Utara,Total Pendapatan Daerah,431761759409.6001,2025-08-01
2025,9,Maluku Utara,Total Pendapatan Daerah,122469646341.3999,2025-09-01
2025,10,Maluku Utara,Total Pendapatan Daerah,99191760990.0,2025-10-01
2025,11,Maluku Utara,Total Pendapatan Daerah,14577060789.0,2025-11-01
2025,12,Maluku Utara,Total Pendapatan Daerah,180635260577.6997,2025-12-01
2021,1,Maluku Utara,Transfer ke Daerah dan Dana Desa (TKDD),2324406934903.0,2021-01-01
2021,2,Maluku Utara,Transfer ke Daerah dan Dana Desa (TKDD),0.0,2021-02-01
2021,3,Maluku Utara,Transfer ke Daerah dan Dana Desa (TKDD),0.0,2021-03-01
2021,4,Maluku Utara,Transfer ke Daerah dan Dana Desa (TKDD),0.0,2021-04-01
2021,5,Maluku Utara,Transfer ke Daerah dan Dana Desa (TKDD),0.0,2021-05-01
2021,6,Maluku Utara,Transfer ke Daerah dan Dana Desa (TKDD),0.0,2021-06-01
2021,7,Maluku Utara,Transfer ke Daerah dan Dana Desa (TKDD),0.0,2021-07-01
2021,8,Maluku Utara,Transfer ke Daerah dan Dana Desa (TKDD),0.0,2021-08-01
2021,9,Maluku Utara,Transfer ke Daerah dan Dana Desa (TKDD),0.0,2021-09-01
2021,10,Maluku Utara,Transfer ke Daerah dan Dana Desa (TKDD),0.0,2021-10-01
2021,11,Maluku Utara,Transfer ke Daerah dan Dana Desa (TKDD),0.0,2021-11-01
2021,12,Maluku Utara,Transfer ke Daerah dan Dana Desa (TKDD),0.0,2021-12-01
2022,1,Maluku Utara,Transfer ke Daerah dan Dana Desa (TKDD),2309310841537.0,2022-01-01
2022,2,Maluku Utara,Transfer ke Daerah dan Dana Desa (TKDD),0.0,2022-02-01
2022,3,Maluku Utara,Transfer ke Daerah dan Dana Desa (TKDD),0.0,2022-03-01
2022,4,Maluku Utara,Transfer ke Daerah dan Dana Desa (TKDD),0.0,2022-04-01
2022,5,Maluku Utara,Transfer ke Daerah dan Dana Desa (TKDD),0.0,2022-05-01
2022,6,Maluku Utara,Transfer ke Daerah dan Dana Desa (TKDD),0.0,2022-06-01
2022,7,Maluku Utara,Transfer ke Daerah dan Dana Desa (TKDD),0.0,2022-07-01
2022,8,Maluku Utara,Transfer ke Daerah dan Dana Desa (TKDD),0.0,2022-08-01
2022,9,Maluku Utara,Transfer ke Daerah dan Dana Desa (TKDD),0.0,2022-09-01
2022,10,Maluku Utara,Transfer ke Daerah dan Dana Desa (TKDD),0.0,2022-10-01
2022,11,Maluku Utara,Transfer ke Daerah dan Dana Desa (TKDD),0.0,2022-11-01
2022,12,Maluku Utara,Transfer ke Daerah dan Dana Desa (TKDD),0.0,2022-12-01
2023,1,Maluku Utara,Transfer ke Daerah dan Dana Desa (TKDD),216155005400.0,2023-01-01
2023,2,Maluku Utara,Transfer ke Daerah dan Dana Desa (TKDD),0.0,2023-02-01
2023,3,Maluku Utara,Transfer ke Daerah dan Dana Desa (TKDD),143093563700.0,2023-03-01
2023,4,Maluku Utara,Transfer ke Daerah dan Dana Desa (TKDD),295696810720.0,2023-04-01
2023,5,Maluku Utara,Transfer ke Daerah dan Dana Desa (TKDD),0.0,2023-05-01
2023,6,Maluku Utara,Transfer ke Daerah dan Dana Desa (TKDD),293876748200.0,2023-06-01
2023,7,Maluku Utara,Transfer ke Daerah dan Dana Desa (TKDD),217863589112.0,2023-07-01
2023,8,Maluku Utara,Transfer ke Daerah dan Dana Desa (TKDD),54206169816.0,2023-08-01
2023,9,Maluku Utara,Transfer ke Daerah dan Dana Desa (TKDD),245566052100.0,2023-09-01
2023,10,Maluku Utara,Transfer ke Daerah dan Dana Desa (TKDD),160639383661.0,2023-10-01
2023,11,Maluku Utara,Transfer ke Daerah dan Dana Desa (TKDD),153341826624.0,2023-11-01
2023,12,Maluku Utara,Transfer ke Daerah dan Dana Desa (TKDD),457818778710.0,2023-12-01
2024,1,Maluku Utara,Transfer ke Daerah dan Dana Desa (TKDD),0.0,2024-01-01
2024,2,Maluku Utara,Transfer ke Daerah dan Dana Desa (TKDD),0.0,2024-02-01
2024,3,Maluku Utara,Transfer ke Daerah dan Dana Desa (TKDD),0.0,2024-03-01
2024,4,Maluku Utara,Transfer ke Daerah dan Dana Desa (TKDD),0.0,2024-04-01
2024,5,Maluku Utara,Transfer ke Daerah dan Dana Desa (TKDD),0.0,2024-05-01
2024,6,Maluku Utara,Transfer ke Daerah dan Dana Desa (TKDD),1302026152911.0,2024-06-01
2024,7,Maluku Utara,Transfer ke Daerah dan Dana Desa (TKDD),0.0,2024-07-01
2024,8,Maluku Utara,Transfer ke Daerah dan Dana Desa (TKDD),614988882180.0,2024-08-01
2024,9,Maluku Utara,Transfer ke Daerah dan Dana Desa (TKDD),0.0,2024-09-01
2024,10,Maluku Utara,Transfer ke Daerah dan Dana Desa (TKDD),0.0,2024-10-01
2024,11,Maluku Utara,Transfer ke Daerah dan Dana Desa (TKDD),0.0,2024-11-01
2024,12,Maluku Utara,Transfer ke Daerah dan Dana Desa (TKDD),1529517700005.0,2024-12-01
2025,1,Maluku Utara,Transfer ke Daerah dan Dana Desa (TKDD),238949739700.0,2025-01-01
2025,2,Maluku Utara,Transfer ke Daerah dan Dana Desa (TKDD),78950931200.0,2025-02-01
2025,3,Maluku Utara,Transfer ke Daerah dan Dana Desa (TKDD),217904906700.0,2025-03-01
2025,4,Maluku Utara,Transfer ke Daerah dan Dana Desa (TKDD),192266847912.0,2025-04-01
2025,5,Maluku Utara,Transfer ke Daerah dan Dana Desa (TKDD),158264653081.0,2025-05-01
2025,6,Maluku Utara,Transfer ke Daerah dan Dana Desa (TKDD),98862328730.0,2025-06-01
2025,7,Maluku Utara,Transfer ke Daerah dan Dana Desa (TKDD),343886780548.0,2025-07-01
2025,8,Maluku Utara,Transfer ke Daerah dan Dana Desa (TKDD),321897992998.0,2025-08-01
2025,9,Maluku Utara,Transfer ke Daerah dan Dana Desa (TKDD),66875680072.0,2025-09-01
2025,10,Maluku Utara,Transfer ke Daerah dan Dana Desa (TKDD),14138501250.0,2025-10-01
2025,11,Maluku Utara,Transfer ke Daerah dan Dana Desa (TKDD),6587376049.0,2025-11-01
2025,12,Maluku Utara,Transfer ke Daerah dan Dana Desa (TKDD),101095225295.0,2025-12-01
2021,1,NTB,Belanja Modal,771280939990.0,2021-01-01
2021,2,NTB,Belanja Modal,0.0,2021-02-01
2021,3,NTB,Belanja Modal,0.0,2021-03-01
2021,4,NTB,Belanja Modal,0.0,2021-04-01
2021,5,NTB,Belanja Modal,0.0,2021-05-01
2021,6,NTB,Belanja Modal,0.0,2021-06-01
2021,7,NTB,Belanja Modal,0.0,2021-07-01
2021,8,NTB,Belanja Modal,0.0,2021-08-01
2021,9,NTB,Belanja Modal,0.0,2021-09-01
2021,10,NTB,Belanja Modal,0.0,2021-10-01
2021,11,NTB,Belanja Modal,0.0,2021-11-01
2021,12,NTB,Belanja Modal,0.0,2021-12-01
2022,1,NTB,Belanja Modal,1313667766855.0,2022-01-01
2022,2,NTB,Belanja Modal,0.0,2022-02-01
2022,3,NTB,Belanja Modal,0.0,2022-03-01
2022,4,NTB,Belanja Modal,0.0,2022-04-01
2022,5,NTB,Belanja Modal,0.0,2022-05-01
2022,6,NTB,Belanja Modal,0.0,2022-06-01
2022,7,NTB,Belanja Modal,0.0,2022-07-01
2022,8,NTB,Belanja Modal,0.0,2022-08-01
2022,9,NTB,Belanja Modal,0.0,2022-09-01
2022,10,NTB,Belanja Modal,0.0,2022-10-01
2022,11,NTB,Belanja Modal,0.0,2022-11-01
2022,12,NTB,Belanja Modal,0.0,2022-12-01
2023,1,NTB,Belanja Modal,345082500.0,2023-01-01
2023,2,NTB,Belanja Modal,1970906648.0,2023-02-01
2023,3,NTB,Belanja Modal,44273303652.0,2023-03-01
2023,4,NTB,Belanja Modal,11974751020.0,2023-04-01
2023,5,NTB,Belanja Modal,0.0,2023-05-01
2023,6,NTB,Belanja Modal,47508476393.0,2023-06-01
2023,7,NTB,Belanja Modal,43850058984.0,2023-07-01
2023,8,NTB,Belanja Modal,51137893513.0,2023-08-01
2023,9,NTB,Belanja Modal,45551146801.0,2023-09-01
2023,10,NTB,Belanja Modal,61151266295.5,2023-10-01
2023,11,NTB,Belanja Modal,47672840156.0,2023-11-01
2023,12,NTB,Belanja Modal,158431721103.0,2023-12-01
2024,1,NTB,Belanja Modal,3036000.0,2024-01-01
2024,2,NTB,Belanja Modal,3394696752.0,2024-02-01
2024,3,NTB,Belanja Modal,16414191318.0,2024-03-01
2024,4,NTB,Belanja Modal,17699946445.0,2024-04-01
2024,5,NTB,Belanja Modal,23768419148.0,2024-05-01
2024,6,NTB,Belanja Modal,47627605418.0,2024-06-01
2024,7,NTB,Belanja Modal,38364888040.0,2024-07-01
2024,8,NTB,Belanja Modal,53875509617.0,2024-08-01
2024,9,NTB,Belanja Modal,27101570675.0,2024-09-01
2024,10,NTB,Belanja Modal,76282674025.0,2024-10-01
2024,11,NTB,Belanja Modal,48370815588.0,2024-11-01
2024,12,NTB,Belanja Modal,167901398471.51,2024-12-01
2025,1,NTB,Belanja Modal,58821000.0,2025-01-01
2025,2,NTB,Belanja Modal,4785970570.0,2025-02-01
2025,3,NTB,Belanja Modal,4628230251.0,2025-03-01
2025,4,NTB,Belanja Modal,11131568197.0,2025-04-01
2025,5,NTB,Belanja Modal,10726048107.0,2025-05-01
2025,6,NTB,Belanja Modal,15955952650.0,2025-06-01
2025,7,NTB,Belanja Modal,50625634701.0,2025-07-01
2025,8,NTB,Belanja Modal,46287920511.0,2025-08-01
2025,9,NTB,Belanja Modal,18273221113.0,2025-09-01
2025,10,NTB,Belanja Modal,48114135370.0,2025-10-01
2025,11,NTB,Belanja Modal,79888793613.0,2025-11-01
2025,12,NTB,Belanja Modal,337044736601.0,2025-12-01
2021,1,NTB,Pendapatan Asli Daerah (PAD),1888456286096.0,2021-01-01
2021,2,NTB,Pendapatan Asli Daerah (PAD),0.0,2021-02-01
2021,3,NTB,Pendapatan Asli Daerah (PAD),0.0,2021-03-01
2021,4,NTB,Pendapatan Asli Daerah (PAD),0.0,2021-04-01
2021,5,NTB,Pendapatan Asli Daerah (PAD),0.0,2021-05-01
2021,6,NTB,Pendapatan Asli Daerah (PAD),0.0,2021-06-01
2021,7,NTB,Pendapatan Asli Daerah (PAD),0.0,2021-07-01
2021,8,NTB,Pendapatan Asli Daerah (PAD),0.0,2021-08-01
2021,9,NTB,Pendapatan Asli Daerah (PAD),0.0,2021-09-01
2021,10,NTB,Pendapatan Asli Daerah (PAD),0.0,2021-10-01
2021,11,NTB,Pendapatan Asli Daerah (PAD),0.0,2021-11-01
2021,12,NTB,Pendapatan Asli Daerah (PAD),0.0,2021-12-01
2022,1,NTB,Pendapatan Asli Daerah (PAD),2292065852874.8,2022-01-01
2022,2,NTB,Pendapatan Asli Daerah (PAD),0.0,2022-02-01
2022,3,NTB,Pendapatan Asli Daerah (PAD),0.0,2022-03-01
2022,4,NTB,Pendapatan Asli Daerah (PAD),0.0,2022-04-01
2022,5,NTB,Pendapatan Asli Daerah (PAD),0.0,2022-05-01
2022,6,NTB,Pendapatan Asli Daerah (PAD),0.0,2022-06-01
2022,7,NTB,Pendapatan Asli Daerah (PAD),0.0,2022-07-01
2022,8,NTB,Pendapatan Asli Daerah (PAD),0.0,2022-08-01
2022,9,NTB,Pendapatan Asli Daerah (PAD),0.0,2022-09-01
2022,10,NTB,Pendapatan Asli Daerah (PAD),0.0,2022-10-01
2022,11,NTB,Pendapatan Asli Daerah (PAD),0.0,2022-11-01
2022,12,NTB,Pendapatan Asli Daerah (PAD),0.0,2022-12-01
2023,1,NTB,Pendapatan Asli Daerah (PAD),148387068375.46,2023-01-01
2023,2,NTB,Pendapatan Asli Daerah (PAD),148902912798.02,2023-02-01
2023,3,NTB,Pendapatan Asli Daerah (PAD),182025434212.49,2023-03-01
2023,4,NTB,Pendapatan Asli Daerah (PAD),306664474436.38,2023-04-01
2023,5,NTB,Pendapatan Asli Daerah (PAD),0.0,2023-05-01
2023,6,NTB,Pendapatan Asli Daerah (PAD),178970712382.34998,2023-06-01
2023,7,NTB,Pendapatan Asli Daerah (PAD),278520300025.90015,2023-07-01
2023,8,NTB,Pendapatan Asli Daerah (PAD),194682677507.19995,2023-08-01
2023,9,NTB,Pendapatan Asli Daerah (PAD),197696514030.19995,2023-09-01
2023,10,NTB,Pendapatan Asli Daerah (PAD),275118754084.3999,2023-10-01
2023,11,NTB,Pendapatan Asli Daerah (PAD),355689757846.2002,2023-11-01
2023,12,NTB,Pendapatan Asli Daerah (PAD),301564366445.7998,2023-12-01
2024,1,NTB,Pendapatan Asli Daerah (PAD),193922879784.76,2024-01-01
2024,2,NTB,Pendapatan Asli Daerah (PAD),171388274107.65997,2024-02-01
2024,3,NTB,Pendapatan Asli Daerah (PAD),167304552967.54004,2024-03-01
2024,4,NTB,Pendapatan Asli Daerah (PAD),316662704474.52997,2024-04-01
2024,5,NTB,Pendapatan Asli Daerah (PAD),508839225984.4099,2024-05-01
2024,6,NTB,Pendapatan Asli Daerah (PAD),0.0,2024-06-01
2024,7,NTB,Pendapatan Asli Daerah (PAD),628895003278.2,2024-07-01
2024,8,NTB,Pendapatan Asli Daerah (PAD),226095798897.3999,2024-08-01
2024,9,NTB,Pendapatan Asli Daerah (PAD),219088556920.19995,2024-09-01
2024,10,NTB,Pendapatan Asli Daerah (PAD),325517910988.1001,2024-10-01
2024,11,NTB,Pendapatan Asli Daerah (PAD),313230508598.7002,2024-11-01
2024,12,NTB,Pendapatan Asli Daerah (PAD),299883213542.8999,2024-12-01
2025,1,NTB,Pendapatan Asli Daerah (PAD),173666275641.5,2025-01-01
2025,2,NTB,Pendapatan Asli Daerah (PAD),170586705692.69,2025-02-01
2025,3,NTB,Pendapatan Asli Daerah (PAD),165855792990.22998,2025-03-01
2025,4,NTB,Pendapatan Asli Daerah (PAD),361223557199.77997,2025-04-01
2025,5,NTB,Pendapatan Asli Daerah (PAD),166257845750.5,2025-05-01
2025,6,NTB,Pendapatan Asli Daerah (PAD),175253687148.69995,2025-06-01
2025,7,NTB,Pendapatan Asli Daerah (PAD),390796491071.30005,2025-07-01
2025,8,NTB,Pendapatan Asli Daerah (PAD),190266819632.1001,2025-08-01
2025,9,NTB,Pendapatan Asli Daerah (PAD),194452431383.5,2025-09-01
2025,10,NTB,Pendapatan Asli Daerah (PAD),294236924058.99976,2025-10-01
2025,11,NTB,Pendapatan Asli Daerah (PAD),193306636287.1001,2025-11-01
2025,12,NTB,Pendapatan Asli Daerah (PAD),525694170444.2002,2025-12-01
2021,1,NTB,Total Belanja Daerah,5545143797895.0,2021-01-01
2021,2,NTB,Total Belanja Daerah,0.0,2021-02-01
2021,3,NTB,Total Belanja Daerah,0.0,2021-03-01
2021,4,NTB,Total Belanja Daerah,0.0,2021-04-01
2021,5,NTB,Total Belanja Daerah,0.0,2021-05-01
2021,6,NTB,Total Belanja Daerah,0.0,2021-06-01
2021,7,NTB,Total Belanja Daerah,0.0,2021-07-01
2021,8,NTB,Total Belanja Daerah,0.0,2021-08-01
2021,9,NTB,Total Belanja Daerah,0.0,2021-09-01
2021,10,NTB,Total Belanja Daerah,0.0,2021-10-01
2021,11,NTB,Total Belanja Daerah,0.0,2021-11-01
2021,12,NTB,Total Belanja Daerah,0.0,2021-12-01
2022,1,NTB,Total Belanja Daerah,5873545697437.6,2022-01-01
2022,2,NTB,Total Belanja Daerah,0.0,2022-02-01
2022,3,NTB,Total Belanja Daerah,0.0,2022-03-01
2022,4,NTB,Total Belanja Daerah,0.0,2022-04-01
2022,5,NTB,Total Belanja Daerah,0.0,2022-05-01
2022,6,NTB,Total Belanja Daerah,0.0,2022-06-01
2022,7,NTB,Total Belanja Daerah,0.0,2022-07-01
2022,8,NTB,Total Belanja Daerah,0.0,2022-08-01
2022,9,NTB,Total Belanja Daerah,0.0,2022-09-01
2022,10,NTB,Total Belanja Daerah,0.0,2022-10-01
2022,11,NTB,Total Belanja Daerah,0.0,2022-11-01
2022,12,NTB,Total Belanja Daerah,0.0,2022-12-01
2023,1,NTB,Total Belanja Daerah,158169970756.41,2023-01-01
2023,2,NTB,Total Belanja Daerah,239919126241.62003,2023-02-01
2023,3,NTB,Total Belanja Daerah,312159615565.23,2023-03-01
2023,4,NTB,Total Belanja Daerah,376677015064.33997,2023-04-01
2023,5,NTB,Total Belanja Daerah,0.0,2023-05-01
2023,6,NTB,Total Belanja Daerah,453606841738.0001,2023-06-01
2023,7,NTB,Total Belanja Daerah,528843303051.2998,2023-07-01
2023,8,NTB,Total Belanja Daerah,366376259314.8999,2023-08-01
2023,9,NTB,Total Belanja Daerah,356461168044.1001,2023-09-01
2023,10,NTB,Total Belanja Daerah,586855674097.5,2023-10-01
2023,11,NTB,Total Belanja Daerah,547392650390.7002,2023-11-01
2023,12,NTB,Total Belanja Daerah,1155073940883.1,2023-12-01
2024,1,NTB,Total Belanja Daerah,145813124670.44,2024-01-01
2024,2,NTB,Total Belanja Daerah,196979997392.15002,2024-02-01
2024,3,NTB,Total Belanja Daerah,410406547126.45,2024-03-01
2024,4,NTB,Total Belanja Daerah,324346098656.45996,2024-04-01
2024,5,NTB,Total Belanja Daerah,766161000615.8999,2024-05-01
2024,6,NTB,Total Belanja Daerah,649678443827.3999,2024-06-01
2024,7,NTB,Total Belanja Daerah,747332607839.3003,2024-07-01
2024,8,NTB,Total Belanja Daerah,413510737133.1997,2024-08-01
2024,9,NTB,Total Belanja Daerah,370476820036.2002,2024-09-01
2024,10,NTB,Total Belanja Daerah,635063427589.2998,2024-10-01
2024,11,NTB,Total Belanja Daerah,559526011736.6006,2024-11-01
2024,12,NTB,Total Belanja Daerah,1305360287918.8994,2024-12-01
2025,1,NTB,Total Belanja Daerah,165758425853.68,2025-01-01
2025,2,NTB,Total Belanja Daerah,212275571694.84003,2025-02-01
2025,3,NTB,Total Belanja Daerah,613880501493.94,2025-03-01
2025,4,NTB,Total Belanja Daerah,270431590167.43994,2025-04-01
2025,5,NTB,Total Belanja Daerah,496973790144.40015,2025-05-01
2025,6,NTB,Total Belanja Daerah,608294249157.9998,2025-06-01
2025,7,NTB,Total Belanja Daerah,464294362450.9004,2025-07-01
2025,8,NTB,Total Belanja Daerah,421959870756.2998,2025-08-01
2025,9,NTB,Total Belanja Daerah,306380056333.2998,2025-09-01
2025,10,NTB,Total Belanja Daerah,617228088347.3003,2025-10-01
2025,11,NTB,Total Belanja Daerah,610155321153.8003,2025-11-01
2025,12,NTB,Total Belanja Daerah,1703267359823.5,2025-12-01
2021,1,NTB,Total Pendapatan Daerah,5326932790704.0,2021-01-01
2021,2,NTB,Total Pendapatan Daerah,0.0,2021-02-01
2021,3,NTB,Total Pendapatan Daerah,0.0,2021-03-01
2021,4,NTB,Total Pendapatan Daerah,0.0,2021-04-01
2021,5,NTB,Total Pendapatan Daerah,0.0,2021-05-01
2021,6,NTB,Total Pendapatan Daerah,0.0,2021-06-01
2021,7,NTB,Total Pendapatan Daerah,0.0,2021-07-01
2021,8,NTB,Total Pendapatan Daerah,0.0,2021-08-01
2021,9,NTB,Total Pendapatan Daerah,0.0,2021-09-01
2021,10,NTB,Total Pendapatan Daerah,0.0,2021-10-01
2021,11,NTB,Total Pendapatan Daerah,0.0,2021-11-01
2021,12,NTB,Total Pendapatan Daerah,0.0,2021-12-01
2022,1,NTB,Total Pendapatan Daerah,5302613771985.8,2022-01-01
2022,2,NTB,Total Pendapatan Daerah,0.0,2022-02-01
2022,3,NTB,Total Pendapatan Daerah,0.0,2022-03-01
2022,4,NTB,Total Pendapatan Daerah,0.0,2022-04-01
2022,5,NTB,Total Pendapatan Daerah,0.0,2022-05-01
2022,6,NTB,Total Pendapatan Daerah,0.0,2022-06-01
2022,7,NTB,Total Pendapatan Daerah,0.0,2022-07-01
2022,8,NTB,Total Pendapatan Daerah,0.0,2022-08-01
2022,9,NTB,Total Pendapatan Daerah,0.0,2022-09-01
2022,10,NTB,Total Pendapatan Daerah,0.0,2022-10-01
2022,11,NTB,Total Pendapatan Daerah,0.0,2022-11-01
2022,12,NTB,Total Pendapatan Daerah,0.0,2022-12-01
2023,1,NTB,Total Pendapatan Daerah,387750078575.46,2023-01-01
2023,2,NTB,Total Pendapatan Daerah,279785457798.01996,2023-02-01
2023,3,NTB,Total Pendapatan Daerah,526056518042.52,2023-03-01
2023,4,NTB,Total Pendapatan Daerah,565450375809.3,2023-04-01
2023,5,NTB,Total Pendapatan Daerah,0.099853515625,2023-05-01
2023,6,NTB,Total Pendapatan Daerah,405821992468.30005,2023-06-01
2023,7,NTB,Total Pendapatan Daerah,551812818135.9001,2023-07-01
2023,8,NTB,Total Pendapatan Daerah,502977649650.1997,2023-08-01
2023,9,NTB,Total Pendapatan Daerah,378671529544.2002,2023-09-01
2023,10,NTB,Total Pendapatan Daerah,705579723796.3999,2023-10-01
2023,11,NTB,Total Pendapatan Daerah,569910379333.1997,2023-11-01
2023,12,NTB,Total Pendapatan Daerah,579599217226.8008,2023-12-01
2024,1,NTB,Total Pendapatan Daerah,508426791784.76,2024-01-01
2024,2,NTB,Total Pendapatan Daerah,423201340157.66003,2024-02-01
2024,3,NTB,Total Pendapatan Daerah,450694691453.57996,2024-03-01
2024,4,NTB,Total Pendapatan Daerah,562237720224.5,2024-04-01
2024,5,NTB,Total Pendapatan Daerah,634094813784.3999,2024-05-01
2024,6,NTB,Total Pendapatan Daerah,324742400036.7002,2024-06-01
2024,7,NTB,Total Pendapatan Daerah,874349767401.1997,2024-07-01
2024,8,NTB,Total Pendapatan Daerah,521162008664.4004,2024-08-01
2024,9,NTB,Total Pendapatan Daerah,546468950407.2002,2024-09-01
2024,10,NTB,Total Pendapatan Daerah,687426376162.0996,2024-10-01
2024,11,NTB,Total Pendapatan Daerah,545801642318.7002,2024-11-01
2024,12,NTB,Total Pendapatan Daerah,542553537991.8994,2024-12-01
2025,1,NTB,Total Pendapatan Daerah,649930668341.5,2025-01-01
2025,2,NTB,Total Pendapatan Daerah,335592017317.68994,2025-02-01
2025,3,NTB,Total Pendapatan Daerah,414966648727.20996,2025-03-01
2025,4,NTB,Total Pendapatan Daerah,569179850494.8,2025-04-01
2025,5,NTB,Total Pendapatan Daerah,452003457206.50024,2025-05-01
2025,6,NTB,Total Pendapatan Daerah,566765445344.6997,2025-06-01
2025,7,NTB,Total Pendapatan Daerah,623928984635.3003,2025-07-01
2025,8,NTB,Total Pendapatan Daerah,761701287295.0996,2025-08-01
2025,9,NTB,Total Pendapatan Daerah,460741282310.5,2025-09-01
2025,10,NTB,Total Pendapatan Daerah,593885476101.0,2025-10-01
2025,11,NTB,Total Pendapatan Daerah,583407284010.1006,2025-11-01
2025,12,NTB,Total Pendapatan Daerah,845394278215.1992,2025-12-01
2021,1,NTB,Transfer ke Daerah dan Dana Desa (TKDD),3414313104250.0,2021-01-01
2021,2,NTB,Transfer ke Daerah dan Dana Desa (TKDD),0.0,2021-02-01
2021,3,NTB,Transfer ke Daerah dan Dana Desa (TKDD),0.0,2021-03-01
2021,4,NTB,Transfer ke Daerah dan Dana Desa (TKDD),0.0,2021-04-01
2021,5,NTB,Transfer ke Daerah dan Dana Desa (TKDD),0.0,2021-05-01
2021,6,NTB,Transfer ke Daerah dan Dana Desa (TKDD),0.0,2021-06-01
2021,7,NTB,Transfer ke Daerah dan Dana Desa (TKDD),0.0,2021-07-01
2021,8,NTB,Transfer ke Daerah dan Dana Desa (TKDD),0.0,2021-08-01
2021,9,NTB,Transfer ke Daerah dan Dana Desa (TKDD),0.0,2021-09-01
2021,10,NTB,Transfer ke Daerah dan Dana Desa (TKDD),0.0,2021-10-01
2021,11,NTB,Transfer ke Daerah dan Dana Desa (TKDD),0.0,2021-11-01
2021,12,NTB,Transfer ke Daerah dan Dana Desa (TKDD),0.0,2021-12-01
2022,1,NTB,Transfer ke Daerah dan Dana Desa (TKDD),2976614420050.0,2022-01-01
2022,2,NTB,Transfer ke Daerah dan Dana Desa (TKDD),0.0,2022-02-01
2022,3,NTB,Transfer ke Daerah dan Dana Desa (TKDD),0.0,2022-03-01
2022,4,NTB,Transfer ke Daerah dan Dana Desa (TKDD),0.0,2022-04-01
2022,5,NTB,Transfer ke Daerah dan Dana Desa (TKDD),0.0,2022-05-01
2022,6,NTB,Transfer ke Daerah dan Dana Desa (TKDD),0.0,2022-06-01
2022,7,NTB,Transfer ke Daerah dan Dana Desa (TKDD),0.0,2022-07-01
2022,8,NTB,Transfer ke Daerah dan Dana Desa (TKDD),0.0,2022-08-01
2022,9,NTB,Transfer ke Daerah dan Dana Desa (TKDD),0.0,2022-09-01
2022,10,NTB,Transfer ke Daerah dan Dana Desa (TKDD),0.0,2022-10-01
2022,11,NTB,Transfer ke Daerah dan Dana Desa (TKDD),0.0,2022-11-01
2022,12,NTB,Transfer ke Daerah dan Dana Desa (TKDD),0.0,2022-12-01
2023,1,NTB,Transfer ke Daerah dan Dana Desa (TKDD),239363010200.0,2023-01-01
2023,2,NTB,Transfer ke Daerah dan Dana Desa (TKDD),130882545000.0,2023-02-01
2023,3,NTB,Transfer ke Daerah dan Dana Desa (TKDD),344020850562.0,2023-03-01
2023,4,NTB,Transfer ke Daerah dan Dana Desa (TKDD),258785901373.0,2023-04-01
2023,5,NTB,Transfer ke Daerah dan Dana Desa (TKDD),0.0,2023-05-01
2023,6,NTB,Transfer ke Daerah dan Dana Desa (TKDD),226851280086.0,2023-06-01
2023,7,NTB,Transfer ke Daerah dan Dana Desa (TKDD),273292518110.0,2023-07-01
2023,8,NTB,Transfer ke Daerah dan Dana Desa (TKDD),308294972143.0,2023-08-01
2023,9,NTB,Transfer ke Daerah dan Dana Desa (TKDD),180975015514.0,2023-09-01
2023,10,NTB,Transfer ke Daerah dan Dana Desa (TKDD),429058969672.0,2023-10-01
2023,11,NTB,Transfer ke Daerah dan Dana Desa (TKDD),214220621487.0,2023-11-01
2023,12,NTB,Transfer ke Daerah dan Dana Desa (TKDD),276322780271.0,2023-12-01
2024,1,NTB,Transfer ke Daerah dan Dana Desa (TKDD),314503912000.0,2024-01-01
2024,2,NTB,Transfer ke Daerah dan Dana Desa (TKDD),251627422000.0,2024-02-01
2024,3,NTB,Transfer ke Daerah dan Dana Desa (TKDD),283390138486.0,2024-03-01
2024,4,NTB,Transfer ke Daerah dan Dana Desa (TKDD),245575015750.0,2024-04-01
2024,5,NTB,Transfer ke Daerah dan Dana Desa (TKDD),125255587800.0,2024-05-01
2024,6,NTB,Transfer ke Daerah dan Dana Desa (TKDD),401598757580.0,2024-06-01
2024,7,NTB,Transfer ke Daerah dan Dana Desa (TKDD),245454764123.0,2024-07-01
2024,8,NTB,Transfer ke Daerah dan Dana Desa (TKDD),295066209767.0,2024-08-01
2024,9,NTB,Transfer ke Daerah dan Dana Desa (TKDD),327380393487.0,2024-09-01
2024,10,NTB,Transfer ke Daerah dan Dana Desa (TKDD),361324698409.0,2024-10-01
2024,11,NTB,Transfer ke Daerah dan Dana Desa (TKDD),232571133720.0,2024-11-01
2024,12,NTB,Transfer ke Daerah dan Dana Desa (TKDD),238867540024.0,2024-12-01
2025,1,NTB,Transfer ke Daerah dan Dana Desa (TKDD),476264392700.0,2025-01-01
2025,2,NTB,Transfer ke Daerah dan Dana Desa (TKDD),164891111520.0,2025-02-01
2025,3,NTB,Transfer ke Daerah dan Dana Desa (TKDD),249031141197.0,2025-03-01
2025,4,NTB,Transfer ke Daerah dan Dana Desa (TKDD),207882193550.0,2025-04-01
2025,5,NTB,Transfer ke Daerah dan Dana Desa (TKDD),285663314906.0,2025-05-01
2025,6,NTB,Transfer ke Daerah dan Dana Desa (TKDD),303679834271.0,2025-06-01
2025,7,NTB,Transfer ke Daerah dan Dana Desa (TKDD),232479124204.0,2025-07-01
2025,8,NTB,Transfer ke Daerah dan Dana Desa (TKDD),482081710118.0,2025-08-01
2025,9,NTB,Transfer ke Daerah dan Dana Desa (TKDD),265866451017.0,2025-09-01
2025,10,NTB,Transfer ke Daerah dan Dana Desa (TKDD),299572419977.0,2025-10-01
2025,11,NTB,Transfer ke Daerah dan Dana Desa (TKDD),389573344623.0,2025-11-01
2025,12,NTB,Transfer ke Daerah dan Dana Desa (TKDD),314592628196.0,2025-12-01
2021,1,NTT,Belanja Modal,903257622800.0,2021-01-01
2021,2,NTT,Belanja Modal,0.0,2021-02-01
2021,3,NTT,Belanja Modal,0.0,2021-03-01
2021,4,NTT,Belanja Modal,0.0,2021-04-01
2021,5,NTT,Belanja Modal,0.0,2021-05-01
2021,6,NTT,Belanja Modal,0.0,2021-06-01
2021,7,NTT,Belanja Modal,0.0,2021-07-01
2021,8,NTT,Belanja Modal,0.0,2021-08-01
2021,9,NTT,Belanja Modal,0.0,2021-09-01
2021,10,NTT,Belanja Modal,0.0,2021-10-01
2021,11,NTT,Belanja Modal,0.0,2021-11-01
2021,12,NTT,Belanja Modal,0.0,2021-12-01
2022,1,NTT,Belanja Modal,1216802446597.3,2022-01-01
2022,2,NTT,Belanja Modal,0.0,2022-02-01
2022,3,NTT,Belanja Modal,0.0,2022-03-01
2022,4,NTT,Belanja Modal,0.0,2022-04-01
2022,5,NTT,Belanja Modal,0.0,2022-05-01
2022,6,NTT,Belanja Modal,0.0,2022-06-01
2022,7,NTT,Belanja Modal,0.0,2022-07-01
2022,8,NTT,Belanja Modal,0.0,2022-08-01
2022,9,NTT,Belanja Modal,0.0,2022-09-01
2022,10,NTT,Belanja Modal,0.0,2022-10-01
2022,11,NTT,Belanja Modal,0.0,2022-11-01
2022,12,NTT,Belanja Modal,0.0,2022-12-01
2023,1,NTT,Belanja Modal,18734820.0,2023-01-01
2023,2,NTT,Belanja Modal,37981325.0,2023-02-01
2023,3,NTT,Belanja Modal,12325529785.0,2023-03-01
2023,4,NTT,Belanja Modal,7586403413.0,2023-04-01
2023,5,NTT,Belanja Modal,0.0,2023-05-01
2023,6,NTT,Belanja Modal,78292086059.0,2023-06-01
2023,7,NTT,Belanja Modal,30989575369.0,2023-07-01
2023,8,NTT,Belanja Modal,61761612230.5,2023-08-01
2023,9,NTT,Belanja Modal,61030655759.0,2023-09-01
2023,10,NTT,Belanja Modal,89009419844.0,2023-10-01
2023,11,NTT,Belanja Modal,41643118039.0,2023-11-01
2023,12,NTT,Belanja Modal,227688745367.0,2023-12-01
2024,1,NTT,Belanja Modal,299959224.0,2024-01-01
2024,2,NTT,Belanja Modal,470278923.0,2024-02-01
2024,3,NTT,Belanja Modal,1560355710.0,2024-03-01
2024,4,NTT,Belanja Modal,275993540.0,2024-04-01
2024,5,NTT,Belanja Modal,18297729489.0,2024-05-01
2024,6,NTT,Belanja Modal,20075006453.0,2024-06-01
2024,7,NTT,Belanja Modal,60317632218.32001,2024-07-01
2024,8,NTT,Belanja Modal,40827216970.0,2024-08-01
2024,9,NTT,Belanja Modal,35325284588.0,2024-09-01
2024,10,NTT,Belanja Modal,77712776761.22998,2024-10-01
2024,11,NTT,Belanja Modal,20474352253.0,2024-11-01
2024,12,NTT,Belanja Modal,258323216992.0,2024-12-01
2025,1,NTT,Belanja Modal,16386930.0,2025-01-01
2025,2,NTT,Belanja Modal,61008904.0,2025-02-01
2025,3,NTT,Belanja Modal,168572615.0,2025-03-01
2025,4,NTT,Belanja Modal,297439012.0,2025-04-01
2025,5,NTT,Belanja Modal,3731638937.0,2025-05-01
2025,6,NTT,Belanja Modal,6822345376.0,2025-06-01
2025,7,NTT,Belanja Modal,12289118978.0,2025-07-01
2025,8,NTT,Belanja Modal,17926855818.0,2025-08-01
2025,9,NTT,Belanja Modal,29131171266.0,2025-09-01
2025,10,NTT,Belanja Modal,24429199098.0,2025-10-01
2025,11,NTT,Belanja Modal,41164126575.0,2025-11-01
2025,12,NTT,Belanja Modal,163093087079.07,2025-12-01
2021,1,NTT,Pendapatan Asli Daerah (PAD),1238032648888.5,2021-01-01
2021,2,NTT,Pendapatan Asli Daerah (PAD),0.0,2021-02-01
2021,3,NTT,Pendapatan Asli Daerah (PAD),0.0,2021-03-01
2021,4,NTT,Pendapatan Asli Daerah (PAD),0.0,2021-04-01
2021,5,NTT,Pendapatan Asli Daerah (PAD),0.0,2021-05-01
2021,6,NTT,Pendapatan Asli Daerah (PAD),0.0,2021-06-01
2021,7,NTT,Pendapatan Asli Daerah (PAD),0.0,2021-07-01
2021,8,NTT,Pendapatan Asli Daerah (PAD),0.0,2021-08-01
2021,9,NTT,Pendapatan Asli Daerah (PAD),0.0,2021-09-01
2021,10,NTT,Pendapatan Asli Daerah (PAD),0.0,2021-10-01
2021,11,NTT,Pendapatan Asli Daerah (PAD),0.0,2021-11-01
2021,12,NTT,Pendapatan Asli Daerah (PAD),0.0,2021-12-01
2022,1,NTT,Pendapatan Asli Daerah (PAD),1363737981851.2,2022-01-01
2022,2,NTT,Pendapatan Asli Daerah (PAD),0.0,2022-02-01
2022,3,NTT,Pendapatan Asli Daerah (PAD),0.0,2022-03-01
2022,4,NTT,Pendapatan Asli Daerah (PAD),0.0,2022-04-01
2022,5,NTT,Pendapatan Asli Daerah (PAD),0.0,2022-05-01
2022,6,NTT,Pendapatan Asli Daerah (PAD),0.0,2022-06-01
2022,7,NTT,Pendapatan Asli Daerah (PAD),0.0,2022-07-01
2022,8,NTT,Pendapatan Asli Daerah (PAD),0.0,2022-08-01
2022,9,NTT,Pendapatan Asli Daerah (PAD),0.0,2022-09-01
2022,10,NTT,Pendapatan Asli Daerah (PAD),0.0,2022-10-01
2022,11,NTT,Pendapatan Asli Daerah (PAD),0.0,2022-11-01
2022,12,NTT,Pendapatan Asli Daerah (PAD),0.0,2022-12-01
2023,1,NTT,Pendapatan Asli Daerah (PAD),73203155964.39,2023-01-01
2023,2,NTT,Pendapatan Asli Daerah (PAD),66230513778.06999,2023-02-01
2023,3,NTT,Pendapatan Asli Daerah (PAD),121836505172.09,2023-03-01
2023,4,NTT,Pendapatan Asli Daerah (PAD),233131831369.54004,2023-04-01
2023,5,NTT,Pendapatan Asli Daerah (PAD),0.0,2023-05-01
2023,6,NTT,Pendapatan Asli Daerah (PAD),70512267862.87994,2023-06-01
2023,7,NTT,Pendapatan Asli Daerah (PAD),182520067081.45007,2023-07-01
2023,8,NTT,Pendapatan Asli Daerah (PAD),85695416367.90991,2023-08-01
2023,9,NTT,Pendapatan Asli Daerah (PAD),85864939792.65002,2023-09-01
2023,10,NTT,Pendapatan Asli Daerah (PAD),165104582177.82007,2023-10-01
2023,11,NTT,Pendapatan Asli Daerah (PAD),88074836131.3999,2023-11-01
2023,12,NTT,Pendapatan Asli Daerah (PAD),159879764571.40015,2023-12-01
2024,1,NTT,Pendapatan Asli Daerah (PAD),75855117543.03,2024-01-01
2024,2,NTT,Pendapatan Asli Daerah (PAD),66915880271.79999,2024-02-01
2024,3,NTT,Pendapatan Asli Daerah (PAD),71969989930.66,2024-03-01
2024,4,NTT,Pendapatan Asli Daerah (PAD),240210192479.47003,2024-04-01
2024,5,NTT,Pendapatan Asli Daerah (PAD),76743112725.40997,2024-05-01
2024,6,NTT,Pendapatan Asli Daerah (PAD),89234829379.94006,2024-06-01
2024,7,NTT,Pendapatan Asli Daerah (PAD),217898674297.17993,2024-07-01
2024,8,NTT,Pendapatan Asli Daerah (PAD),82287136774.90002,2024-08-01
2024,9,NTT,Pendapatan Asli Daerah (PAD),89330746197.10999,2024-09-01
2024,10,NTT,Pendapatan Asli Daerah (PAD),185996570108.6001,2024-10-01
2024,11,NTT,Pendapatan Asli Daerah (PAD),81222553840.0,2024-11-01
2024,12,NTT,Pendapatan Asli Daerah (PAD),173775354552.59985,2024-12-01
2025,1,NTT,Pendapatan Asli Daerah (PAD),52687223506.59,2025-01-01
2025,2,NTT,Pendapatan Asli Daerah (PAD),46749084284.990005,2025-02-01
2025,3,NTT,Pendapatan Asli Daerah (PAD),47442524443.84999,2025-03-01
2025,4,NTT,Pendapatan Asli Daerah (PAD),222070533849.21002,2025-04-01
2025,5,NTT,Pendapatan Asli Daerah (PAD),88786039418.47998,2025-05-01
2025,6,NTT,Pendapatan Asli Daerah (PAD),291429275807.13,2025-06-01
2025,7,NTT,Pendapatan Asli Daerah (PAD),158521208943.90002,2025-07-01
2025,8,NTT,Pendapatan Asli Daerah (PAD),61225093479.92993,2025-08-01
2025,9,NTT,Pendapatan Asli Daerah (PAD),63076450502.119995,2025-09-01
2025,10,NTT,Pendapatan Asli Daerah (PAD),158468418524.5,2025-10-01
2025,11,NTT,Pendapatan Asli Daerah (PAD),1856899450.0,2025-11-01
2025,12,NTT,Pendapatan Asli Daerah (PAD),88277977261.30005,2025-12-01
2021,1,NTT,Total Belanja Daerah,5508767906132.7,2021-01-01
2021,2,NTT,Total Belanja Daerah,0.0,2021-02-01
2021,3,NTT,Total Belanja Daerah,0.0,2021-03-01
2021,4,NTT,Total Belanja Daerah,0.0,2021-04-01
2021,5,NTT,Total Belanja Daerah,0.0,2021-05-01
2021,6,NTT,Total Belanja Daerah,0.0,2021-06-01
2021,7,NTT,Total Belanja Daerah,0.0,2021-07-01
2021,8,NTT,Total Belanja Daerah,0.0,2021-08-01
2021,9,NTT,Total Belanja Daerah,0.0,2021-09-01
2021,10,NTT,Total Belanja Daerah,0.0,2021-10-01
2021,11,NTT,Total Belanja Daerah,0.0,2021-11-01
2021,12,NTT,Total Belanja Daerah,0.0,2021-12-01
2022,1,NTT,Total Belanja Daerah,4816652654356.8,2022-01-01
2022,2,NTT,Total Belanja Daerah,0.0,2022-02-01
2022,3,NTT,Total Belanja Daerah,0.0,2022-03-01
2022,4,NTT,Total Belanja Daerah,0.0,2022-04-01
2022,5,NTT,Total Belanja Daerah,0.0,2022-05-01
2022,6,NTT,Total Belanja Daerah,0.0,2022-06-01
2022,7,NTT,Total Belanja Daerah,0.0,2022-07-01
2022,8,NTT,Total Belanja Daerah,0.0,2022-08-01
2022,9,NTT,Total Belanja Daerah,0.0,2022-09-01
2022,10,NTT,Total Belanja Daerah,0.0,2022-10-01
2022,11,NTT,Total Belanja Daerah,0.0,2022-11-01
2022,12,NTT,Total Belanja Daerah,0.0,2022-12-01
2023,1,NTT,Total Belanja Daerah,105998857988.0,2023-01-01
2023,2,NTT,Total Belanja Daerah,106069862647.0,2023-02-01
2023,3,NTT,Total Belanja Daerah,218934281588.0,2023-03-01
2023,4,NTT,Total Belanja Daerah,345609315556.0,2023-04-01
2023,5,NTT,Total Belanja Daerah,0.0,2023-05-01
2023,6,NTT,Total Belanja Daerah,330341019773.0,2023-06-01
2023,7,NTT,Total Belanja Daerah,488117511114.0,2023-07-01
2023,8,NTT,Total Belanja Daerah,268964586089.5,2023-08-01
2023,9,NTT,Total Belanja Daerah,276253466797.0,2023-09-01
2023,10,NTT,Total Belanja Daerah,402113311564.3999,2023-10-01
2023,11,NTT,Total Belanja Daerah,309250304253.0,2023-11-01
2023,12,NTT,Total Belanja Daerah,1308238935832.9,2023-12-01
2024,1,NTT,Total Belanja Daerah,104568986097.0,2024-01-01
2024,2,NTT,Total Belanja Daerah,98114803776.0,2024-02-01
2024,3,NTT,Total Belanja Daerah,260132794447.25,2024-03-01
2024,4,NTT,Total Belanja Daerah,250491783357.0,2024-04-01
2024,5,NTT,Total Belanja Daerah,293172682256.25,2024-05-01
2024,6,NTT,Total Belanja Daerah,675384532896.8999,2024-06-01
2024,7,NTT,Total Belanja Daerah,310287664161.40015,2024-07-01
2024,8,NTT,Total Belanja Daerah,396257734771.99976,2024-08-01
2024,9,NTT,Total Belanja Daerah,282547332101.0,2024-09-01
2024,10,NTT,Total Belanja Daerah,417898209998.3003,2024-10-01
2024,11,NTT,Total Belanja Daerah,379573994467.0,2024-11-01
2024,12,NTT,Total Belanja Daerah,1265992404548.1997,2024-12-01
2025,1,NTT,Total Belanja Daerah,92647521672.0,2025-01-01
2025,2,NTT,Total Belanja Daerah,122192930688.0,2025-02-01
2025,3,NTT,Total Belanja Daerah,288037633187.0,2025-03-01
2025,4,NTT,Total Belanja Daerah,173446357014.0,2025-04-01
2025,5,NTT,Total Belanja Daerah,298814484341.0,2025-05-01
2025,6,NTT,Total Belanja Daerah,674717705488.0,2025-06-01
2025,7,NTT,Total Belanja Daerah,295411895295.0,2025-07-01
2025,8,NTT,Total Belanja Daerah,257551695603.0,2025-08-01
2025,9,NTT,Total Belanja Daerah,234578612596.0,2025-09-01
2025,10,NTT,Total Belanja Daerah,359014506414.0,2025-10-01
2025,11,NTT,Total Belanja Daerah,130911669714.0,2025-11-01
2025,12,NTT,Total Belanja Daerah,1392977318259.2998,2025-12-01
2021,1,NTT,Total Pendapatan Daerah,5312446872608.5,2021-01-01
2021,2,NTT,Total Pendapatan Daerah,0.0,2021-02-01
2021,3,NTT,Total Pendapatan Daerah,0.0,2021-03-01
2021,4,NTT,Total Pendapatan Daerah,0.0,2021-04-01
2021,5,NTT,Total Pendapatan Daerah,0.0,2021-05-01
2021,6,NTT,Total Pendapatan Daerah,0.0,2021-06-01
2021,7,NTT,Total Pendapatan Daerah,0.0,2021-07-01
2021,8,NTT,Total Pendapatan Daerah,0.0,2021-08-01
2021,9,NTT,Total Pendapatan Daerah,0.0,2021-09-01
2021,10,NTT,Total Pendapatan Daerah,0.0,2021-10-01
2021,11,NTT,Total Pendapatan Daerah,0.0,2021-11-01
2021,12,NTT,Total Pendapatan Daerah,0.0,2021-12-01
2022,1,NTT,Total Pendapatan Daerah,4426473562255.2,2022-01-01
2022,2,NTT,Total Pendapatan Daerah,0.0,2022-02-01
2022,3,NTT,Total Pendapatan Daerah,0.0,2022-03-01
2022,4,NTT,Total Pendapatan Daerah,0.0,2022-04-01
2022,5,NTT,Total Pendapatan Daerah,0.0,2022-05-01
2022,6,NTT,Total Pendapatan Daerah,0.0,2022-06-01
2022,7,NTT,Total Pendapatan Daerah,0.0,2022-07-01
2022,8,NTT,Total Pendapatan Daerah,0.0,2022-08-01
2022,9,NTT,Total Pendapatan Daerah,0.0,2022-09-01
2022,10,NTT,Total Pendapatan Daerah,0.0,2022-10-01
2022,11,NTT,Total Pendapatan Daerah,0.0,2022-11-01
2022,12,NTT,Total Pendapatan Daerah,0.0,2022-12-01
2023,1,NTT,Total Pendapatan Daerah,302258225964.39,2023-01-01
2023,2,NTT,Total Pendapatan Daerah,394425952557.06995,2023-02-01
2023,3,NTT,Total Pendapatan Daerah,357944958410.04004,2023-03-01
2023,4,NTT,Total Pendapatan Daerah,506964741453.6001,2023-04-01
2023,5,NTT,Total Pendapatan Daerah,0.0,2023-05-01
2023,6,NTT,Total Pendapatan Daerah,190865713462.8999,2023-06-01
2023,7,NTT,Total Pendapatan Daerah,933192712404.3999,2023-07-01
2023,8,NTT,Total Pendapatan Daerah,215564169370.8999,2023-08-01
2023,9,NTT,Total Pendapatan Daerah,420379989184.7002,2023-09-01
2023,10,NTT,Total Pendapatan Daerah,428030659744.7998,2023-10-01
2023,11,NTT,Total Pendapatan Daerah,286414642343.4004,2023-11-01
2023,12,NTT,Total Pendapatan Daerah,377283467277.3994,2023-12-01
2024,1,NTT,Total Pendapatan Daerah,607478965943.03,2024-01-01
2024,2,NTT,Total Pendapatan Daerah,210257769271.79993,2024-02-01
2024,3,NTT,Total Pendapatan Daerah,236417518045.67004,2024-03-01
2024,4,NTT,Total Pendapatan Daerah,552005149763.5,2024-04-01
2024,5,NTT,Total Pendapatan Daerah,216756448258.3999,2024-05-01
2024,6,NTT,Total Pendapatan Daerah,531759145493.8999,2024-06-01
2024,7,NTT,Total Pendapatan Daerah,385521256541.2002,2024-07-01
2024,8,NTT,Total Pendapatan Daerah,483560405768.8999,2024-08-01
2024,9,NTT,Total Pendapatan Daerah,305935930602.1001,2024-09-01
2024,10,NTT,Total Pendapatan Daerah,584691773306.6001,2024-10-01
2024,11,NTT,Total Pendapatan Daerah,296564530248.1001,2024-11-01
2024,12,NTT,Total Pendapatan Daerah,423580999253.5,2024-12-01
2025,1,NTT,Total Pendapatan Daerah,520308437139.59,2025-01-01
2025,2,NTT,Total Pendapatan Daerah,178047826284.98993,2025-02-01
2025,3,NTT,Total Pendapatan Daerah,163762894104.8501,2025-03-01
2025,4,NTT,Total Pendapatan Daerah,460740981628.17004,2025-04-01
2025,5,NTT,Total Pendapatan Daerah,274237999360.5,2025-05-01
2025,6,NTT,Total Pendapatan Daerah,617390137457.1001,2025-06-01
2025,7,NTT,Total Pendapatan Daerah,404189821494.0,2025-07-01
2025,8,NTT,Total Pendapatan Daerah,812144421321.8999,2025-08-01
2025,9,NTT,Total Pendapatan Daerah,191963325702.1001,2025-09-01
2025,10,NTT,Total Pendapatan Daerah,202415920405.5,2025-10-01
2025,11,NTT,Total Pendapatan Daerah,1856899449.8999023,2025-11-01
2025,12,NTT,Total Pendapatan Daerah,601487589778.3999,2025-12-01
2021,1,NTT,Transfer ke Daerah dan Dana Desa (TKDD),4000655446445.0,2021-01-01
2021,2,NTT,Transfer ke Daerah dan Dana Desa (TKDD),0.0,2021-02-01
2021,3,NTT,Transfer ke Daerah dan Dana Desa (TKDD),0.0,2021-03-01
2021,4,NTT,Transfer ke Daerah dan Dana Desa (TKDD),0.0,2021-04-01
2021,5,NTT,Transfer ke Daerah dan Dana Desa (TKDD),0.0,2021-05-01
2021,6,NTT,Transfer ke Daerah dan Dana Desa (TKDD),0.0,2021-06-01
2021,7,NTT,Transfer ke Daerah dan Dana Desa (TKDD),0.0,2021-07-01
2021,8,NTT,Transfer ke Daerah dan Dana Desa (TKDD),0.0,2021-08-01
2021,9,NTT,Transfer ke Daerah dan Dana Desa (TKDD),0.0,2021-09-01
2021,10,NTT,Transfer ke Daerah dan Dana Desa (TKDD),0.0,2021-10-01
2021,11,NTT,Transfer ke Daerah dan Dana Desa (TKDD),0.0,2021-11-01
2021,12,NTT,Transfer ke Daerah dan Dana Desa (TKDD),0.0,2021-12-01
2022,1,NTT,Transfer ke Daerah dan Dana Desa (TKDD),3053836755861.0,2022-01-01
2022,2,NTT,Transfer ke Daerah dan Dana Desa (TKDD),0.0,2022-02-01
2022,3,NTT,Transfer ke Daerah dan Dana Desa (TKDD),0.0,2022-03-01
2022,4,NTT,Transfer ke Daerah dan Dana Desa (TKDD),0.0,2022-04-01
2022,5,NTT,Transfer ke Daerah dan Dana Desa (TKDD),0.0,2022-05-01
2022,6,NTT,Transfer ke Daerah dan Dana Desa (TKDD),0.0,2022-06-01
2022,7,NTT,Transfer ke Daerah dan Dana Desa (TKDD),0.0,2022-07-01
2022,8,NTT,Transfer ke Daerah dan Dana Desa (TKDD),0.0,2022-08-01
2022,9,NTT,Transfer ke Daerah dan Dana Desa (TKDD),0.0,2022-09-01
2022,10,NTT,Transfer ke Daerah dan Dana Desa (TKDD),0.0,2022-10-01
2022,11,NTT,Transfer ke Daerah dan Dana Desa (TKDD),0.0,2022-11-01
2022,12,NTT,Transfer ke Daerah dan Dana Desa (TKDD),0.0,2022-12-01
2023,1,NTT,Transfer ke Daerah dan Dana Desa (TKDD),228912320000.0,2023-01-01
2023,2,NTT,Transfer ke Daerah dan Dana Desa (TKDD),328060463779.0,2023-02-01
2023,3,NTT,Transfer ke Daerah dan Dana Desa (TKDD),235746839491.0,2023-03-01
2023,4,NTT,Transfer ke Daerah dan Dana Desa (TKDD),273729283084.0,2023-04-01
2023,5,NTT,Transfer ke Daerah dan Dana Desa (TKDD),0.0,2023-05-01
2023,6,NTT,Transfer ke Daerah dan Dana Desa (TKDD),120241620600.0,2023-06-01
2023,7,NTT,Transfer ke Daerah dan Dana Desa (TKDD),750492725313.0,2023-07-01
2023,8,NTT,Transfer ke Daerah dan Dana Desa (TKDD),129525253003.0,2023-08-01
2023,9,NTT,Transfer ke Daerah dan Dana Desa (TKDD),333675633700.0,2023-09-01
2023,10,NTT,Transfer ke Daerah dan Dana Desa (TKDD),262578677567.0,2023-10-01
2023,11,NTT,Transfer ke Daerah dan Dana Desa (TKDD),198197681212.0,2023-11-01
2023,12,NTT,Transfer ke Daerah dan Dana Desa (TKDD),217067002706.0,2023-12-01
2024,1,NTT,Transfer ke Daerah dan Dana Desa (TKDD),531485973400.0,2024-01-01
2024,2,NTT,Transfer ke Daerah dan Dana Desa (TKDD),143190989000.0,2024-02-01
2024,3,NTT,Transfer ke Daerah dan Dana Desa (TKDD),164330778115.0,2024-03-01
2024,4,NTT,Transfer ke Daerah dan Dana Desa (TKDD),311677457284.0,2024-04-01
2024,5,NTT,Transfer ke Daerah dan Dana Desa (TKDD),139877660533.0,2024-05-01
2024,6,NTT,Transfer ke Daerah dan Dana Desa (TKDD),442429459647.0,2024-06-01
2024,7,NTT,Transfer ke Daerah dan Dana Desa (TKDD),167448399711.0,2024-07-01
2024,8,NTT,Transfer ke Daerah dan Dana Desa (TKDD),401136293994.0,2024-08-01
2024,9,NTT,Transfer ke Daerah dan Dana Desa (TKDD),216115909355.0,2024-09-01
2024,10,NTT,Transfer ke Daerah dan Dana Desa (TKDD),398341353198.0,2024-10-01
2024,11,NTT,Transfer ke Daerah dan Dana Desa (TKDD),214778313758.0,2024-11-01
2024,12,NTT,Transfer ke Daerah dan Dana Desa (TKDD),249381326701.0,2024-12-01
2025,1,NTT,Transfer ke Daerah dan Dana Desa (TKDD),467621213633.0,2025-01-01
2025,2,NTT,Transfer ke Daerah dan Dana Desa (TKDD),131298742000.0,2025-02-01
2025,3,NTT,Transfer ke Daerah dan Dana Desa (TKDD),116320369661.0,2025-03-01
2025,4,NTT,Transfer ke Daerah dan Dana Desa (TKDD),238670447779.0,2025-04-01
2025,5,NTT,Transfer ke Daerah dan Dana Desa (TKDD),185451959942.0,2025-05-01
2025,6,NTT,Transfer ke Daerah dan Dana Desa (TKDD),325361113150.0,2025-06-01
2025,7,NTT,Transfer ke Daerah dan Dana Desa (TKDD),245668612550.0,2025-07-01
2025,8,NTT,Transfer ke Daerah dan Dana Desa (TKDD),549037656474.0,2025-08-01
2025,9,NTT,Transfer ke Daerah dan Dana Desa (TKDD),128886875200.0,2025-09-01
2025,10,NTT,Transfer ke Daerah dan Dana Desa (TKDD),43947501881.0,2025-10-01
2025,11,NTT,Transfer ke Daerah dan Dana Desa (TKDD),0.0,2025-11-01
2025,12,NTT,Transfer ke Daerah dan Dana Desa (TKDD),513209612517.0,2025-12-01
2021,1,Papua,Belanja Modal,1116373579616.0,2021-01-01
2021,2,Papua,Belanja Modal,0.0,2021-02-01
2021,3,Papua,Belanja Modal,0.0,2021-03-01
2021,4,Papua,Belanja Modal,0.0,2021-04-01
2021,5,Papua,Belanja Modal,0.0,2021-05-01
2021,6,Papua,Belanja Modal,0.0,2021-06-01
2021,7,Papua,Belanja Modal,0.0,2021-07-01
2021,8,Papua,Belanja Modal,0.0,2021-08-01
2021,9,Papua,Belanja Modal,0.0,2021-09-01
2021,10,Papua,Belanja Modal,0.0,2021-10-01
2021,11,Papua,Belanja Modal,0.0,2021-11-01
2021,12,Papua,Belanja Modal,0.0,2021-12-01
2022,1,Papua,Belanja Modal,2029533805428.7,2022-01-01
2022,2,Papua,Belanja Modal,0.0,2022-02-01
2022,3,Papua,Belanja Modal,0.0,2022-03-01
2022,4,Papua,Belanja Modal,0.0,2022-04-01
2022,5,Papua,Belanja Modal,0.0,2022-05-01
2022,6,Papua,Belanja Modal,0.0,2022-06-01
2022,7,Papua,Belanja Modal,0.0,2022-07-01
2022,8,Papua,Belanja Modal,0.0,2022-08-01
2022,9,Papua,Belanja Modal,0.0,2022-09-01
2022,10,Papua,Belanja Modal,0.0,2022-10-01
2022,11,Papua,Belanja Modal,0.0,2022-11-01
2022,12,Papua,Belanja Modal,0.0,2022-12-01
2023,1,Papua,Belanja Modal,0.0,2023-01-01
2023,2,Papua,Belanja Modal,0.0,2023-02-01
2023,3,Papua,Belanja Modal,0.0,2023-03-01
2023,4,Papua,Belanja Modal,94350000.0,2023-04-01
2023,5,Papua,Belanja Modal,0.0,2023-05-01
2023,6,Papua,Belanja Modal,2979853669.0,2023-06-01
2023,7,Papua,Belanja Modal,8765494642.83,2023-07-01
2023,8,Papua,Belanja Modal,29164066048.79,2023-08-01
2023,9,Papua,Belanja Modal,35912563577.579994,2023-09-01
2023,10,Papua,Belanja Modal,36899492066.69,2023-10-01
2023,11,Papua,Belanja Modal,57110367446.509995,2023-11-01
2023,12,Papua,Belanja Modal,322185465118.4,2023-12-01
2024,1,Papua,Belanja Modal,0.0,2024-01-01
2024,2,Papua,Belanja Modal,0.0,2024-02-01
2024,3,Papua,Belanja Modal,0.0,2024-03-01
2024,4,Papua,Belanja Modal,0.0,2024-04-01
2024,5,Papua,Belanja Modal,228800000.0,2024-05-01
2024,6,Papua,Belanja Modal,6377917470.0,2024-06-01
2024,7,Papua,Belanja Modal,663090000.0,2024-07-01
2024,8,Papua,Belanja Modal,17831456269.52,2024-08-01
2024,9,Papua,Belanja Modal,1646351732.0,2024-09-01
2024,10,Papua,Belanja Modal,97286667713.06,2024-10-01
2024,11,Papua,Belanja Modal,72201227692.34999,2024-11-01
2024,12,Papua,Belanja Modal,0.0,2024-12-01
2025,1,Papua,Belanja Modal,7880000.0,2025-01-01
2025,2,Papua,Belanja Modal,28833800.0,2025-02-01
2025,3,Papua,Belanja Modal,293372060.0,2025-03-01
2025,4,Papua,Belanja Modal,8752500.0,2025-04-01
2025,5,Papua,Belanja Modal,182219250.0,2025-05-01
2025,6,Papua,Belanja Modal,4993655918.0,2025-06-01
2025,7,Papua,Belanja Modal,17811197462.0,2025-07-01
2025,8,Papua,Belanja Modal,28104149248.67,2025-08-01
2025,9,Papua,Belanja Modal,23999905102.39,2025-09-01
2025,10,Papua,Belanja Modal,20064749703.520004,2025-10-01
2025,11,Papua,Belanja Modal,48980300373.90999,2025-11-01
2025,12,Papua,Belanja Modal,154036992502.61,2025-12-01
2021,1,Papua,Pendapatan Asli Daerah (PAD),2139689476134.0,2021-01-01
2021,2,Papua,Pendapatan Asli Daerah (PAD),0.0,2021-02-01
2021,3,Papua,Pendapatan Asli Daerah (PAD),0.0,2021-03-01
2021,4,Papua,Pendapatan Asli Daerah (PAD),0.0,2021-04-01
2021,5,Papua,Pendapatan Asli Daerah (PAD),0.0,2021-05-01
2021,6,Papua,Pendapatan Asli Daerah (PAD),0.0,2021-06-01
2021,7,Papua,Pendapatan Asli Daerah (PAD),0.0,2021-07-01
2021,8,Papua,Pendapatan Asli Daerah (PAD),0.0,2021-08-01
2021,9,Papua,Pendapatan Asli Daerah (PAD),0.0,2021-09-01
2021,10,Papua,Pendapatan Asli Daerah (PAD),0.0,2021-10-01
2021,11,Papua,Pendapatan Asli Daerah (PAD),0.0,2021-11-01
2021,12,Papua,Pendapatan Asli Daerah (PAD),0.0,2021-12-01
2022,1,Papua,Pendapatan Asli Daerah (PAD),2226754654927.4,2022-01-01
2022,2,Papua,Pendapatan Asli Daerah (PAD),0.0,2022-02-01
2022,3,Papua,Pendapatan Asli Daerah (PAD),0.0,2022-03-01
2022,4,Papua,Pendapatan Asli Daerah (PAD),0.0,2022-04-01
2022,5,Papua,Pendapatan Asli Daerah (PAD),0.0,2022-05-01
2022,6,Papua,Pendapatan Asli Daerah (PAD),0.0,2022-06-01
2022,7,Papua,Pendapatan Asli Daerah (PAD),0.0,2022-07-01
2022,8,Papua,Pendapatan Asli Daerah (PAD),0.0,2022-08-01
2022,9,Papua,Pendapatan Asli Daerah (PAD),0.0,2022-09-01
2022,10,Papua,Pendapatan Asli Daerah (PAD),0.0,2022-10-01
2022,11,Papua,Pendapatan Asli Daerah (PAD),0.0,2022-11-01
2022,12,Papua,Pendapatan Asli Daerah (PAD),0.0,2022-12-01
2023,1,Papua,Pendapatan Asli Daerah (PAD),51183252420.49,2023-01-01
2023,2,Papua,Pendapatan Asli Daerah (PAD),37560329035.82,2023-02-01
2023,3,Papua,Pendapatan Asli Daerah (PAD),83591758024.39001,2023-03-01
2023,4,Papua,Pendapatan Asli Daerah (PAD),239360954330.37,2023-04-01
2023,5,Papua,Pendapatan Asli Daerah (PAD),0.0,2023-05-01
2023,6,Papua,Pendapatan Asli Daerah (PAD),37707847354.56,2023-06-01
2023,7,Papua,Pendapatan Asli Daerah (PAD),55129208960.76001,2023-07-01
2023,8,Papua,Pendapatan Asli Daerah (PAD),544282027771.51,2023-08-01
2023,9,Papua,Pendapatan Asli Daerah (PAD),47732555782.900024,2023-09-01
2023,10,Papua,Pendapatan Asli Daerah (PAD),117780332065.0,2023-10-01
2023,11,Papua,Pendapatan Asli Daerah (PAD),47591034619.0,2023-11-01
2023,12,Papua,Pendapatan Asli Daerah (PAD),0.0,2023-12-01
2024,1,Papua,Pendapatan Asli Daerah (PAD),45599602737.39,2024-01-01
2024,2,Papua,Pendapatan Asli Daerah (PAD),41623553656.69,2024-02-01
2024,3,Papua,Pendapatan Asli Daerah (PAD),91237241084.74998,2024-03-01
2024,4,Papua,Pendapatan Asli Daerah (PAD),75099880648.0,2024-04-01
2024,5,Papua,Pendapatan Asli Daerah (PAD),57655640369.00003,2024-05-01
2024,6,Papua,Pendapatan Asli Daerah (PAD),23737427036.0,2024-06-01
2024,7,Papua,Pendapatan Asli Daerah (PAD),50306230062.0,2024-07-01
2024,8,Papua,Pendapatan Asli Daerah (PAD),4410000.0,2024-08-01
2024,9,Papua,Pendapatan Asli Daerah (PAD),1212088628.0,2024-09-01
2024,10,Papua,Pendapatan Asli Daerah (PAD),52985275675.0,2024-10-01
2024,11,Papua,Pendapatan Asli Daerah (PAD),822592310.0,2024-11-01
2024,12,Papua,Pendapatan Asli Daerah (PAD),0.0,2024-12-01
2025,1,Papua,Pendapatan Asli Daerah (PAD),29960353837.34,2025-01-01
2025,2,Papua,Pendapatan Asli Daerah (PAD),26928806565.24,2025-02-01
2025,3,Papua,Pendapatan Asli Daerah (PAD),26244879811.14,2025-03-01
2025,4,Papua,Pendapatan Asli Daerah (PAD),118610186863.94,2025-04-01
2025,5,Papua,Pendapatan Asli Daerah (PAD),37235164252.73999,2025-05-01
2025,6,Papua,Pendapatan Asli Daerah (PAD),0.0,2025-06-01
2025,7,Papua,Pendapatan Asli Daerah (PAD),104540682469.08002,2025-07-01
2025,8,Papua,Pendapatan Asli Daerah (PAD),46559101037.13995,2025-08-01
2025,9,Papua,Pendapatan Asli Daerah (PAD),46503133398.49005,2025-09-01
2025,10,Papua,Pendapatan Asli Daerah (PAD),53332582971.44,2025-10-01
2025,11,Papua,Pendapatan Asli Daerah (PAD),30754693217.73999,2025-11-01
2025,12,Papua,Pendapatan Asli Daerah (PAD),62123967948.05994,2025-12-01
2021,1,Papua,Total Belanja Daerah,14859606462836.0,2021-01-01
2021,2,Papua,Total Belanja Daerah,0.0,2021-02-01
2021,3,Papua,Total Belanja Daerah,0.0,2021-03-01
2021,4,Papua,Total Belanja Daerah,0.0,2021-04-01
2021,5,Papua,Total Belanja Daerah,0.0,2021-05-01
2021,6,Papua,Total Belanja Daerah,0.0,2021-06-01
2021,7,Papua,Total Belanja Daerah,0.0,2021-07-01
2021,8,Papua,Total Belanja Daerah,0.0,2021-08-01
2021,9,Papua,Total Belanja Daerah,0.0,2021-09-01
2021,10,Papua,Total Belanja Daerah,0.0,2021-10-01
2021,11,Papua,Total Belanja Daerah,0.0,2021-11-01
2021,12,Papua,Total Belanja Daerah,0.0,2021-12-01
2022,1,Papua,Total Belanja Daerah,11454657535166.0,2022-01-01
2022,2,Papua,Total Belanja Daerah,0.0,2022-02-01
2022,3,Papua,Total Belanja Daerah,0.0,2022-03-01
2022,4,Papua,Total Belanja Daerah,0.0,2022-04-01
2022,5,Papua,Total Belanja Daerah,0.0,2022-05-01
2022,6,Papua,Total Belanja Daerah,0.0,2022-06-01
2022,7,Papua,Total Belanja Daerah,0.0,2022-07-01
2022,8,Papua,Total Belanja Daerah,0.0,2022-08-01
2022,9,Papua,Total Belanja Daerah,0.0,2022-09-01
2022,10,Papua,Total Belanja Daerah,0.0,2022-10-01
2022,11,Papua,Total Belanja Daerah,0.0,2022-11-01
2022,12,Papua,Total Belanja Daerah,0.0,2022-12-01
2023,1,Papua,Total Belanja Daerah,40631160108.0,2023-01-01
2023,2,Papua,Total Belanja Daerah,44503812602.0,2023-02-01
2023,3,Papua,Total Belanja Daerah,228092325686.0,2023-03-01
2023,4,Papua,Total Belanja Daerah,264860733721.0,2023-04-01
2023,5,Papua,Total Belanja Daerah,0.0,2023-05-01
2023,6,Papua,Total Belanja Daerah,189843211977.5,2023-06-01
2023,7,Papua,Total Belanja Daerah,223457095556.68994,2023-07-01
2023,8,Papua,Total Belanja Daerah,480769058122.41016,2023-08-01
2023,9,Papua,Total Belanja Daerah,358671140837.3999,2023-09-01
2023,10,Papua,Total Belanja Daerah,349104756922.3999,2023-10-01
2023,11,Papua,Total Belanja Daerah,753566915218.7002,2023-11-01
2023,12,Papua,Total Belanja Daerah,1882044248782.6997,2023-12-01
2024,1,Papua,Total Belanja Daerah,70495516947.0,2024-01-01
2024,2,Papua,Total Belanja Daerah,316123935285.16,2024-02-01
2024,3,Papua,Total Belanja Daerah,143344566306.75,2024-03-01
2024,4,Papua,Total Belanja Daerah,172848863800.37006,2024-04-01
2024,5,Papua,Total Belanja Daerah,116245558562.0,2024-05-01
2024,6,Papua,Total Belanja Daerah,221753575424.02002,2024-06-01
2024,7,Papua,Total Belanja Daerah,112817365689.59985,2024-07-01
2024,8,Papua,Total Belanja Daerah,152876243576.6001,2024-08-01
2024,9,Papua,Total Belanja Daerah,137332266579.19995,2024-09-01
2024,10,Papua,Total Belanja Daerah,472780140900.90015,2024-10-01
2024,11,Papua,Total Belanja Daerah,409370149434.8999,2024-11-01
2024,12,Papua,Total Belanja Daerah,0.0,2024-12-01
2025,1,Papua,Total Belanja Daerah,4796890241.0,2025-01-01
2025,2,Papua,Total Belanja Daerah,106961751268.0,2025-02-01
2025,3,Papua,Total Belanja Daerah,239952156362.75,2025-03-01
2025,4,Papua,Total Belanja Daerah,81188325185.0,2025-04-01
2025,5,Papua,Total Belanja Daerah,145015072282.0,2025-05-01
2025,6,Papua,Total Belanja Daerah,269511779996.0,2025-06-01
2025,7,Papua,Total Belanja Daerah,335622464810.6499,2025-07-01
2025,8,Papua,Total Belanja Daerah,224195430698.5,2025-08-01
2025,9,Papua,Total Belanja Daerah,212796530703.90015,2025-09-01
2025,10,Papua,Total Belanja Daerah,192070619645.0,2025-10-01
2025,11,Papua,Total Belanja Daerah,332346939947.19995,2025-11-01
2025,12,Papua,Total Belanja Daerah,700315436540.2998,2025-12-01
2021,1,Papua,Total Pendapatan Daerah,13885923486851.0,2021-01-01
2021,2,Papua,Total Pendapatan Daerah,0.0,2021-02-01
2021,3,Papua,Total Pendapatan Daerah,0.0,2021-03-01
2021,4,Papua,Total Pendapatan Daerah,0.0,2021-04-01
2021,5,Papua,Total Pendapatan Daerah,0.0,2021-05-01
2021,6,Papua,Total Pendapatan Daerah,0.0,2021-06-01
2021,7,Papua,Total Pendapatan Daerah,0.0,2021-07-01
2021,8,Papua,Total Pendapatan Daerah,0.0,2021-08-01
2021,9,Papua,Total Pendapatan Daerah,0.0,2021-09-01
2021,10,Papua,Total Pendapatan Daerah,0.0,2021-10-01
2021,11,Papua,Total Pendapatan Daerah,0.0,2021-11-01
2021,12,Papua,Total Pendapatan Daerah,0.0,2021-12-01
2022,1,Papua,Total Pendapatan Daerah,11040109011239.0,2022-01-01
2022,2,Papua,Total Pendapatan Daerah,0.0,2022-02-01
2022,3,Papua,Total Pendapatan Daerah,0.0,2022-03-01
2022,4,Papua,Total Pendapatan Daerah,0.0,2022-04-01
2022,5,Papua,Total Pendapatan Daerah,0.0,2022-05-01
2022,6,Papua,Total Pendapatan Daerah,0.0,2022-06-01
2022,7,Papua,Total Pendapatan Daerah,0.0,2022-07-01
2022,8,Papua,Total Pendapatan Daerah,0.0,2022-08-01
2022,9,Papua,Total Pendapatan Daerah,0.0,2022-09-01
2022,10,Papua,Total Pendapatan Daerah,0.0,2022-10-01
2022,11,Papua,Total Pendapatan Daerah,0.0,2022-11-01
2022,12,Papua,Total Pendapatan Daerah,0.0,2022-12-01
2023,1,Papua,Total Pendapatan Daerah,194901402448.49,2023-01-01
2023,2,Papua,Total Pendapatan Daerah,93848265035.82,2023-02-01
2023,3,Papua,Total Pendapatan Daerah,142668432995.39,2023-03-01
2023,4,Papua,Total Pendapatan Daerah,352254267976.36993,2023-04-01
2023,5,Papua,Total Pendapatan Daerah,0.0,2023-05-01
2023,6,Papua,Total Pendapatan Daerah,71463729446.56006,2023-06-01
2023,7,Papua,Total Pendapatan Daerah,406563896040.7699,2023-07-01
2023,8,Papua,Total Pendapatan Daerah,569779026113.5,2023-08-01
2023,9,Papua,Total Pendapatan Daerah,164369015287.90015,2023-09-01
2023,10,Papua,Total Pendapatan Daerah,278952664390.99976,2023-10-01
2023,11,Papua,Total Pendapatan Daerah,609639960401.0,2023-11-01
2023,12,Papua,Total Pendapatan Daerah,462821116501.2002,2023-12-01
2024,1,Papua,Total Pendapatan Daerah,120208692287.39,2024-01-01
2024,2,Papua,Total Pendapatan Daerah,41704753656.68999,2024-02-01
2024,3,Papua,Total Pendapatan Daerah,260754842539.75003,2024-03-01
2024,4,Papua,Total Pendapatan Daerah,80118088435.0,2024-04-01
2024,5,Papua,Total Pendapatan Daerah,279497686651.99994,2024-05-01
2024,6,Papua,Total Pendapatan Daerah,470107637129.9701,2024-06-01
2024,7,Papua,Total Pendapatan Daerah,50308378062.0,2024-07-01
2024,8,Papua,Total Pendapatan Daerah,4410000.0,2024-08-01
2024,9,Papua,Total Pendapatan Daerah,1867838882.0,2024-09-01
2024,10,Papua,Total Pendapatan Daerah,244419243746.0,2024-10-01
2024,11,Papua,Total Pendapatan Daerah,483459523390.0,2024-11-01
2024,12,Papua,Total Pendapatan Daerah,0.0,2024-12-01
2025,1,Papua,Total Pendapatan Daerah,130382054237.34,2025-01-01
2025,2,Papua,Total Pendapatan Daerah,28074149065.23999,2025-02-01
2025,3,Papua,Total Pendapatan Daerah,125089846157.13998,2025-03-01
2025,4,Papua,Total Pendapatan Daerah,150339300780.94,2025-04-01
2025,5,Papua,Total Pendapatan Daerah,133577192172.74005,2025-05-01
2025,6,Papua,Total Pendapatan Daerah,300488342374.6,2025-06-01
2025,7,Papua,Total Pendapatan Daerah,288012309538.1001,2025-07-01
2025,8,Papua,Total Pendapatan Daerah,135961537753.09985,2025-08-01
2025,9,Papua,Total Pendapatan Daerah,347094963875.5,2025-09-01
2025,10,Papua,Total Pendapatan Daerah,227364552101.40015,2025-10-01
2025,11,Papua,Total Pendapatan Daerah,239889058153.7998,2025-11-01
2025,12,Papua,Total Pendapatan Daerah,252488932644.1001,2025-12-01
2021,1,Papua,Transfer ke Daerah dan Dana Desa (TKDD),11735255394924.0,2021-01-01
2021,2,Papua,Transfer ke Daerah dan Dana Desa (TKDD),0.0,2021-02-01
2021,3,Papua,Transfer ke Daerah dan Dana Desa (TKDD),0.0,2021-03-01
2021,4,Papua,Transfer ke Daerah dan Dana Desa (TKDD),0.0,2021-04-01
2021,5,Papua,Transfer ke Daerah dan Dana Desa (TKDD),0.0,2021-05-01
2021,6,Papua,Transfer ke Daerah dan Dana Desa (TKDD),0.0,2021-06-01
2021,7,Papua,Transfer ke Daerah dan Dana Desa (TKDD),0.0,2021-07-01
2021,8,Papua,Transfer ke Daerah dan Dana Desa (TKDD),0.0,2021-08-01
2021,9,Papua,Transfer ke Daerah dan Dana Desa (TKDD),0.0,2021-09-01
2021,10,Papua,Transfer ke Daerah dan Dana Desa (TKDD),0.0,2021-10-01
2021,11,Papua,Transfer ke Daerah dan Dana Desa (TKDD),0.0,2021-11-01
2021,12,Papua,Transfer ke Daerah dan Dana Desa (TKDD),0.0,2021-12-01
2022,1,Papua,Transfer ke Daerah dan Dana Desa (TKDD),8808887290115.0,2022-01-01
2022,2,Papua,Transfer ke Daerah dan Dana Desa (TKDD),0.0,2022-02-01
2022,3,Papua,Transfer ke Daerah dan Dana Desa (TKDD),0.0,2022-03-01
2022,4,Papua,Transfer ke Daerah dan Dana Desa (TKDD),0.0,2022-04-01
2022,5,Papua,Transfer ke Daerah dan Dana Desa (TKDD),0.0,2022-05-01
2022,6,Papua,Transfer ke Daerah dan Dana Desa (TKDD),0.0,2022-06-01
2022,7,Papua,Transfer ke Daerah dan Dana Desa (TKDD),0.0,2022-07-01
2022,8,Papua,Transfer ke Daerah dan Dana Desa (TKDD),0.0,2022-08-01
2022,9,Papua,Transfer ke Daerah dan Dana Desa (TKDD),0.0,2022-09-01
2022,10,Papua,Transfer ke Daerah dan Dana Desa (TKDD),0.0,2022-10-01
2022,11,Papua,Transfer ke Daerah dan Dana Desa (TKDD),0.0,2022-11-01
2022,12,Papua,Transfer ke Daerah dan Dana Desa (TKDD),0.0,2022-12-01
2023,1,Papua,Transfer ke Daerah dan Dana Desa (TKDD),143588551800.0,2023-01-01
2023,2,Papua,Transfer ke Daerah dan Dana Desa (TKDD),56091386000.0,2023-02-01
2023,3,Papua,Transfer ke Daerah dan Dana Desa (TKDD),58290208250.0,2023-03-01
2023,4,Papua,Transfer ke Daerah dan Dana Desa (TKDD),82821335646.0,2023-04-01
2023,5,Papua,Transfer ke Daerah dan Dana Desa (TKDD),0.0,2023-05-01
2023,6,Papua,Transfer ke Daerah dan Dana Desa (TKDD),33659299092.0,2023-06-01
2023,7,Papua,Transfer ke Daerah dan Dana Desa (TKDD),351288223980.0,2023-07-01
2023,8,Papua,Transfer ke Daerah dan Dana Desa (TKDD),25361781342.0,2023-08-01
2023,9,Papua,Transfer ke Daerah dan Dana Desa (TKDD),116533725505.0,2023-09-01
2023,10,Papua,Transfer ke Daerah dan Dana Desa (TKDD),161052752214.0,2023-10-01
2023,11,Papua,Transfer ke Daerah dan Dana Desa (TKDD),561895104492.0,2023-11-01
2023,12,Papua,Transfer ke Daerah dan Dana Desa (TKDD),502191539308.0,2023-12-01
2024,1,Papua,Transfer ke Daerah dan Dana Desa (TKDD),74455619000.0,2024-01-01
2024,2,Papua,Transfer ke Daerah dan Dana Desa (TKDD),0.0,2024-02-01
2024,3,Papua,Transfer ke Daerah dan Dana Desa (TKDD),154424701455.0,2024-03-01
2024,4,Papua,Transfer ke Daerah dan Dana Desa (TKDD),1454458750.0,2024-04-01
2024,5,Papua,Transfer ke Daerah dan Dana Desa (TKDD),174390341000.0,2024-05-01
2024,6,Papua,Transfer ke Daerah dan Dana Desa (TKDD),420114897545.0,2024-06-01
2024,7,Papua,Transfer ke Daerah dan Dana Desa (TKDD),0.0,2024-07-01
2024,8,Papua,Transfer ke Daerah dan Dana Desa (TKDD),0.0,2024-08-01
2024,9,Papua,Transfer ke Daerah dan Dana Desa (TKDD),589003504.0,2024-09-01
2024,10,Papua,Transfer ke Daerah dan Dana Desa (TKDD),163411447536.0,2024-10-01
2024,11,Papua,Transfer ke Daerah dan Dana Desa (TKDD),471336510250.0,2024-11-01
2024,12,Papua,Transfer ke Daerah dan Dana Desa (TKDD),0.0,2024-12-01
2025,1,Papua,Transfer ke Daerah dan Dana Desa (TKDD),100231565400.0,2025-01-01
2025,2,Papua,Transfer ke Daerah dan Dana Desa (TKDD),967342500.0,2025-02-01
2025,3,Papua,Transfer ke Daerah dan Dana Desa (TKDD),98693688871.0,2025-03-01
2025,4,Papua,Transfer ke Daerah dan Dana Desa (TKDD),1250006000.0,2025-04-01
2025,5,Papua,Transfer ke Daerah dan Dana Desa (TKDD),91627626050.0,2025-05-01
2025,6,Papua,Transfer ke Daerah dan Dana Desa (TKDD),316277244694.0,2025-06-01
2025,7,Papua,Transfer ke Daerah dan Dana Desa (TKDD),54555588800.0,2025-07-01
2025,8,Papua,Transfer ke Daerah dan Dana Desa (TKDD),59615873500.0,2025-08-01
2025,9,Papua,Transfer ke Daerah dan Dana Desa (TKDD),300374785744.0,2025-09-01
2025,10,Papua,Transfer ke Daerah dan Dana Desa (TKDD),173834628499.0,2025-10-01
2025,11,Papua,Transfer ke Daerah dan Dana Desa (TKDD),208956406900.0,2025-11-01
2025,12,Papua,Transfer ke Daerah dan Dana Desa (TKDD),190080337073.0,2025-12-01
2021,1,Papua Barat,Belanja Modal,2435058124558.0,2021-01-01
2021,2,Papua Barat,Belanja Modal,0.0,2021-02-01
2021,3,Papua Barat,Belanja Modal,0.0,2021-03-01
2021,4,Papua Barat,Belanja Modal,0.0,2021-04-01
2021,5,Papua Barat,Belanja Modal,0.0,2021-05-01
2021,6,Papua Barat,Belanja Modal,0.0,2021-06-01
2021,7,Papua Barat,Belanja Modal,0.0,2021-07-01
2021,8,Papua Barat,Belanja Modal,0.0,2021-08-01
2021,9,Papua Barat,Belanja Modal,0.0,2021-09-01
2021,10,Papua Barat,Belanja Modal,0.0,2021-10-01
2021,11,Papua Barat,Belanja Modal,0.0,2021-11-01
2021,12,Papua Barat,Belanja Modal,0.0,2021-12-01
2022,1,Papua Barat,Belanja Modal,2198753599029.1,2022-01-01
2022,2,Papua Barat,Belanja Modal,0.0,2022-02-01
2022,3,Papua Barat,Belanja Modal,0.0,2022-03-01
2022,4,Papua Barat,Belanja Modal,0.0,2022-04-01
2022,5,Papua Barat,Belanja Modal,0.0,2022-05-01
2022,6,Papua Barat,Belanja Modal,0.0,2022-06-01
2022,7,Papua Barat,Belanja Modal,0.0,2022-07-01
2022,8,Papua Barat,Belanja Modal,0.0,2022-08-01
2022,9,Papua Barat,Belanja Modal,0.0,2022-09-01
2022,10,Papua Barat,Belanja Modal,0.0,2022-10-01
2022,11,Papua Barat,Belanja Modal,0.0,2022-11-01
2022,12,Papua Barat,Belanja Modal,0.0,2022-12-01
2023,1,Papua Barat,Belanja Modal,0.0,2023-01-01
2023,2,Papua Barat,Belanja Modal,0.0,2023-02-01
2023,3,Papua Barat,Belanja Modal,198278600.0,2023-03-01
2023,4,Papua Barat,Belanja Modal,356968161.0,2023-04-01
2023,5,Papua Barat,Belanja Modal,0.0,2023-05-01
2023,6,Papua Barat,Belanja Modal,97342864732.0,2023-06-01
2023,7,Papua Barat,Belanja Modal,26827532963.0,2023-07-01
2023,8,Papua Barat,Belanja Modal,43974332442.0,2023-08-01
2023,9,Papua Barat,Belanja Modal,102890292120.0,2023-09-01
2023,10,Papua Barat,Belanja Modal,61031695350.0,2023-10-01
2023,11,Papua Barat,Belanja Modal,113679435409.0,2023-11-01
2023,12,Papua Barat,Belanja Modal,598318670611.0,2023-12-01
2024,1,Papua Barat,Belanja Modal,0.0,2024-01-01
2024,2,Papua Barat,Belanja Modal,0.0,2024-02-01
2024,3,Papua Barat,Belanja Modal,2250946501.0,2024-03-01
2024,4,Papua Barat,Belanja Modal,3131683009.0,2024-04-01
2024,5,Papua Barat,Belanja Modal,3192199606.0,2024-05-01
2024,6,Papua Barat,Belanja Modal,40987072839.0,2024-06-01
2024,7,Papua Barat,Belanja Modal,61697651267.0,2024-07-01
2024,8,Papua Barat,Belanja Modal,72353967214.0,2024-08-01
2024,9,Papua Barat,Belanja Modal,70859959538.0,2024-09-01
2024,10,Papua Barat,Belanja Modal,119150609094.82,2024-10-01
2024,11,Papua Barat,Belanja Modal,0.0,2024-11-01
2024,12,Papua Barat,Belanja Modal,722518523410.68,2024-12-01
2025,1,Papua Barat,Belanja Modal,0.0,2025-01-01
2025,2,Papua Barat,Belanja Modal,10000000.0,2025-02-01
2025,3,Papua Barat,Belanja Modal,5729736782.0,2025-03-01
2025,4,Papua Barat,Belanja Modal,8567322000.0,2025-04-01
2025,5,Papua Barat,Belanja Modal,2224975994.0,2025-05-01
2025,6,Papua Barat,Belanja Modal,9047713554.0,2025-06-01
2025,7,Papua Barat,Belanja Modal,43573022469.41,2025-07-01
2025,8,Papua Barat,Belanja Modal,25828132546.0,2025-08-01
2025,9,Papua Barat,Belanja Modal,53390683918.0,2025-09-01
2025,10,Papua Barat,Belanja Modal,64775004370.0,2025-10-01
2025,11,Papua Barat,Belanja Modal,60698382423.0,2025-11-01
2025,12,Papua Barat,Belanja Modal,172265318655.99997,2025-12-01
2021,1,Papua Barat,Pendapatan Asli Daerah (PAD),483953895413.0,2021-01-01
2021,2,Papua Barat,Pendapatan Asli Daerah (PAD),0.0,2021-02-01
2021,3,Papua Barat,Pendapatan Asli Daerah (PAD),0.0,2021-03-01
2021,4,Papua Barat,Pendapatan Asli Daerah (PAD),0.0,2021-04-01
2021,5,Papua Barat,Pendapatan Asli Daerah (PAD),0.0,2021-05-01
2021,6,Papua Barat,Pendapatan Asli Daerah (PAD),0.0,2021-06-01
2021,7,Papua Barat,Pendapatan Asli Daerah (PAD),0.0,2021-07-01
2021,8,Papua Barat,Pendapatan Asli Daerah (PAD),0.0,2021-08-01
2021,9,Papua Barat,Pendapatan Asli Daerah (PAD),0.0,2021-09-01
2021,10,Papua Barat,Pendapatan Asli Daerah (PAD),0.0,2021-10-01
2021,11,Papua Barat,Pendapatan Asli Daerah (PAD),0.0,2021-11-01
2021,12,Papua Barat,Pendapatan Asli Daerah (PAD),0.0,2021-12-01
2022,1,Papua Barat,Pendapatan Asli Daerah (PAD),620304274755.79,2022-01-01
2022,2,Papua Barat,Pendapatan Asli Daerah (PAD),0.0,2022-02-01
2022,3,Papua Barat,Pendapatan Asli Daerah (PAD),0.0,2022-03-01
2022,4,Papua Barat,Pendapatan Asli Daerah (PAD),0.0,2022-04-01
2022,5,Papua Barat,Pendapatan Asli Daerah (PAD),0.0,2022-05-01
2022,6,Papua Barat,Pendapatan Asli Daerah (PAD),0.0,2022-06-01
2022,7,Papua Barat,Pendapatan Asli Daerah (PAD),0.0,2022-07-01
2022,8,Papua Barat,Pendapatan Asli Daerah (PAD),0.0,2022-08-01
2022,9,Papua Barat,Pendapatan Asli Daerah (PAD),0.0,2022-09-01
2022,10,Papua Barat,Pendapatan Asli Daerah (PAD),0.0,2022-10-01
2022,11,Papua Barat,Pendapatan Asli Daerah (PAD),0.0,2022-11-01
2022,12,Papua Barat,Pendapatan Asli Daerah (PAD),0.0,2022-12-01
2023,1,Papua Barat,Pendapatan Asli Daerah (PAD),0.0,2023-01-01
2023,2,Papua Barat,Pendapatan Asli Daerah (PAD),39012772510.0,2023-02-01
2023,3,Papua Barat,Pendapatan Asli Daerah (PAD),68712860881.0,2023-03-01
2023,4,Papua Barat,Pendapatan Asli Daerah (PAD),69000954803.0,2023-04-01
2023,5,Papua Barat,Pendapatan Asli Daerah (PAD),0.0,2023-05-01
2023,6,Papua Barat,Pendapatan Asli Daerah (PAD),33209396239.299988,2023-06-01
2023,7,Papua Barat,Pendapatan Asli Daerah (PAD),107675260.0,2023-07-01
2023,8,Papua Barat,Pendapatan Asli Daerah (PAD),22374128196.0,2023-08-01
2023,9,Papua Barat,Pendapatan Asli Daerah (PAD),24118683304.0,2023-09-01
2023,10,Papua Barat,Pendapatan Asli Daerah (PAD),37456585230.0,2023-10-01
2023,11,Papua Barat,Pendapatan Asli Daerah (PAD),15111000.0,2023-11-01
2023,12,Papua Barat,Pendapatan Asli Daerah (PAD),236327751740.83002,2023-12-01
2024,1,Papua Barat,Pendapatan Asli Daerah (PAD),27046702803.0,2024-01-01
2024,2,Papua Barat,Pendapatan Asli Daerah (PAD),27282680025.0,2024-02-01
2024,3,Papua Barat,Pendapatan Asli Daerah (PAD),61969240960.03,2024-03-01
2024,4,Papua Barat,Pendapatan Asli Daerah (PAD),41971131955.0,2024-04-01
2024,5,Papua Barat,Pendapatan Asli Daerah (PAD),21992402735.0,2024-05-01
2024,6,Papua Barat,Pendapatan Asli Daerah (PAD),0.0,2024-06-01
2024,7,Papua Barat,Pendapatan Asli Daerah (PAD),86751033819.54001,2024-07-01
2024,8,Papua Barat,Pendapatan Asli Daerah (PAD),19547483969.0,2024-08-01
2024,9,Papua Barat,Pendapatan Asli Daerah (PAD),23693983378.99997,2024-09-01
2024,10,Papua Barat,Pendapatan Asli Daerah (PAD),37559737330.0,2024-10-01
2024,11,Papua Barat,Pendapatan Asli Daerah (PAD),0.0,2024-11-01
2024,12,Papua Barat,Pendapatan Asli Daerah (PAD),405012832037.07,2024-12-01
2025,1,Papua Barat,Pendapatan Asli Daerah (PAD),11386173685.42,2025-01-01
2025,2,Papua Barat,Pendapatan Asli Daerah (PAD),10929436055.53,2025-02-01
2025,3,Papua Barat,Pendapatan Asli Daerah (PAD),10798487351.0,2025-03-01
2025,4,Papua Barat,Pendapatan Asli Daerah (PAD),72193835352.0,2025-04-01
2025,5,Papua Barat,Pendapatan Asli Daerah (PAD),10652772557.0,2025-05-01
2025,6,Papua Barat,Pendapatan Asli Daerah (PAD),3115472292.2700043,2025-06-01
2025,7,Papua Barat,Pendapatan Asli Daerah (PAD),44088522732.23001,2025-07-01
2025,8,Papua Barat,Pendapatan Asli Daerah (PAD),18968670443.75,2025-08-01
2025,9,Papua Barat,Pendapatan Asli Daerah (PAD),24950521760.78,2025-09-01
2025,10,Papua Barat,Pendapatan Asli Daerah (PAD),26988271880.609985,2025-10-01
2025,11,Papua Barat,Pendapatan Asli Daerah (PAD),14204568659.5,2025-11-01
2025,12,Papua Barat,Pendapatan Asli Daerah (PAD),109305883481.62997,2025-12-01
2021,1,Papua Barat,Total Belanja Daerah,8040529963116.0,2021-01-01
2021,2,Papua Barat,Total Belanja Daerah,0.0,2021-02-01
2021,3,Papua Barat,Total Belanja Daerah,0.0,2021-03-01
2021,4,Papua Barat,Total Belanja Daerah,0.0,2021-04-01
2021,5,Papua Barat,Total Belanja Daerah,0.0,2021-05-01
2021,6,Papua Barat,Total Belanja Daerah,0.0,2021-06-01
2021,7,Papua Barat,Total Belanja Daerah,0.0,2021-07-01
2021,8,Papua Barat,Total Belanja Daerah,0.0,2021-08-01
2021,9,Papua Barat,Total Belanja Daerah,0.0,2021-09-01
2021,10,Papua Barat,Total Belanja Daerah,0.0,2021-10-01
2021,11,Papua Barat,Total Belanja Daerah,0.0,2021-11-01
2021,12,Papua Barat,Total Belanja Daerah,0.0,2021-12-01
2022,1,Papua Barat,Total Belanja Daerah,7536640015209.4,2022-01-01
2022,2,Papua Barat,Total Belanja Daerah,0.0,2022-02-01
2022,3,Papua Barat,Total Belanja Daerah,0.0,2022-03-01
2022,4,Papua Barat,Total Belanja Daerah,0.0,2022-04-01
2022,5,Papua Barat,Total Belanja Daerah,0.0,2022-05-01
2022,6,Papua Barat,Total Belanja Daerah,0.0,2022-06-01
2022,7,Papua Barat,Total Belanja Daerah,0.0,2022-07-01
2022,8,Papua Barat,Total Belanja Daerah,0.0,2022-08-01
2022,9,Papua Barat,Total Belanja Daerah,0.0,2022-09-01
2022,10,Papua Barat,Total Belanja Daerah,0.0,2022-10-01
2022,11,Papua Barat,Total Belanja Daerah,0.0,2022-11-01
2022,12,Papua Barat,Total Belanja Daerah,0.0,2022-12-01
2023,1,Papua Barat,Total Belanja Daerah,0.0,2023-01-01
2023,2,Papua Barat,Total Belanja Daerah,45158186329.0,2023-02-01
2023,3,Papua Barat,Total Belanja Daerah,123096888133.0,2023-03-01
2023,4,Papua Barat,Total Belanja Daerah,128491058885.0,2023-04-01
2023,5,Papua Barat,Total Belanja Daerah,0.0,2023-05-01
2023,6,Papua Barat,Total Belanja Daerah,748566960634.0,2023-06-01
2023,7,Papua Barat,Total Belanja Daerah,336233081865.0,2023-07-01
2023,8,Papua Barat,Total Belanja Daerah,525277048118.0,2023-08-01
2023,9,Papua Barat,Total Belanja Daerah,1209291015152.0,2023-09-01
2023,10,Papua Barat,Total Belanja Daerah,219098752892.0,2023-10-01
2023,11,Papua Barat,Total Belanja Daerah,326501024491.0,2023-11-01
2023,12,Papua Barat,Total Belanja Daerah,1433398912207.7998,2023-12-01
2024,1,Papua Barat,Total Belanja Daerah,24221302506.0,2024-01-01
2024,2,Papua Barat,Total Belanja Daerah,75245695519.0,2024-02-01
2024,3,Papua Barat,Total Belanja Daerah,118511766427.0,2024-03-01
2024,4,Papua Barat,Total Belanja Daerah,329670780852.0,2024-04-01
2024,5,Papua Barat,Total Belanja Daerah,215032120294.0,2024-05-01
2024,6,Papua Barat,Total Belanja Daerah,390324837539.0,2024-06-01
2024,7,Papua Barat,Total Belanja Daerah,284012219207.0,2024-07-01
2024,8,Papua Barat,Total Belanja Daerah,811586348095.0,2024-08-01
2024,9,Papua Barat,Total Belanja Daerah,282958385888.0,2024-09-01
2024,10,Papua Barat,Total Belanja Daerah,358151333784.6001,2024-10-01
2024,11,Papua Barat,Total Belanja Daerah,0.0,2024-11-01
2024,12,Papua Barat,Total Belanja Daerah,4725940177378.0,2024-12-01
2025,1,Papua Barat,Total Belanja Daerah,35637947466.0,2025-01-01
2025,2,Papua Barat,Total Belanja Daerah,62151475350.0,2025-02-01
2025,3,Papua Barat,Total Belanja Daerah,122596906594.0,2025-03-01
2025,4,Papua Barat,Total Belanja Daerah,81527103582.0,2025-04-01
2025,5,Papua Barat,Total Belanja Daerah,98649333357.0,2025-05-01
2025,6,Papua Barat,Total Belanja Daerah,123281337720.0,2025-06-01
2025,7,Papua Barat,Total Belanja Daerah,209015740301.41003,2025-07-01
2025,8,Papua Barat,Total Belanja Daerah,178717408162.0,2025-08-01
2025,9,Papua Barat,Total Belanja Daerah,641372346222.9899,2025-09-01
2025,10,Papua Barat,Total Belanja Daerah,241144252370.5,2025-10-01
2025,11,Papua Barat,Total Belanja Daerah,764186979039.0,2025-11-01
2025,12,Papua Barat,Total Belanja Daerah,724023608520.3003,2025-12-01
2021,1,Papua Barat,Total Pendapatan Daerah,7327020310449.0,2021-01-01
2021,2,Papua Barat,Total Pendapatan Daerah,0.0,2021-02-01
2021,3,Papua Barat,Total Pendapatan Daerah,0.0,2021-03-01
2021,4,Papua Barat,Total Pendapatan Daerah,0.0,2021-04-01
2021,5,Papua Barat,Total Pendapatan Daerah,0.0,2021-05-01
2021,6,Papua Barat,Total Pendapatan Daerah,0.0,2021-06-01
2021,7,Papua Barat,Total Pendapatan Daerah,0.0,2021-07-01
2021,8,Papua Barat,Total Pendapatan Daerah,0.0,2021-08-01
2021,9,Papua Barat,Total Pendapatan Daerah,0.0,2021-09-01
2021,10,Papua Barat,Total Pendapatan Daerah,0.0,2021-10-01
2021,11,Papua Barat,Total Pendapatan Daerah,0.0,2021-11-01
2021,12,Papua Barat,Total Pendapatan Daerah,0.0,2021-12-01
2022,1,Papua Barat,Total Pendapatan Daerah,7764412862005.8,2022-01-01
2022,2,Papua Barat,Total Pendapatan Daerah,0.0,2022-02-01
2022,3,Papua Barat,Total Pendapatan Daerah,0.0,2022-03-01
2022,4,Papua Barat,Total Pendapatan Daerah,0.0,2022-04-01
2022,5,Papua Barat,Total Pendapatan Daerah,0.0,2022-05-01
2022,6,Papua Barat,Total Pendapatan Daerah,0.0,2022-06-01
2022,7,Papua Barat,Total Pendapatan Daerah,0.0,2022-07-01
2022,8,Papua Barat,Total Pendapatan Daerah,0.0,2022-08-01
2022,9,Papua Barat,Total Pendapatan Daerah,0.0,2022-09-01
2022,10,Papua Barat,Total Pendapatan Daerah,0.0,2022-10-01
2022,11,Papua Barat,Total Pendapatan Daerah,0.0,2022-11-01
2022,12,Papua Barat,Total Pendapatan Daerah,0.0,2022-12-01
2023,1,Papua Barat,Total Pendapatan Daerah,0.0,2023-01-01
2023,2,Papua Barat,Total Pendapatan Daerah,355591735910.0,2023-02-01
2023,3,Papua Barat,Total Pendapatan Daerah,143757638260.0,2023-03-01
2023,4,Papua Barat,Total Pendapatan Daerah,71764906553.0,2023-04-01
2023,5,Papua Barat,Total Pendapatan Daerah,0.0,2023-05-01
2023,6,Papua Barat,Total Pendapatan Daerah,239158628261.30005,2023-06-01
2023,7,Papua Barat,Total Pendapatan Daerah,766979841876.0,2023-07-01
2023,8,Papua Barat,Total Pendapatan Daerah,102566998814.0,2023-08-01
2023,9,Papua Barat,Total Pendapatan Daerah,25470193204.0,2023-09-01
2023,10,Papua Barat,Total Pendapatan Daerah,213483374241.0,2023-10-01
2023,11,Papua Barat,Total Pendapatan Daerah,507561712308.99976,2023-11-01
2023,12,Papua Barat,Total Pendapatan Daerah,1183221825205.8003,2023-12-01
2024,1,Papua Barat,Total Pendapatan Daerah,945352229603.0,2024-01-01
2024,2,Papua Barat,Total Pendapatan Daerah,328938767875.0,2024-02-01
2024,3,Papua Barat,Total Pendapatan Daerah,165314837182.0,2024-03-01
2024,4,Papua Barat,Total Pendapatan Daerah,82234128155.0,2024-04-01
2024,5,Papua Barat,Total Pendapatan Daerah,54156668447.0,2024-05-01
2024,6,Papua Barat,Total Pendapatan Daerah,103826889811.80005,2024-06-01
2024,7,Papua Barat,Total Pendapatan Daerah,621277820626.5999,2024-07-01
2024,8,Papua Barat,Total Pendapatan Daerah,702884562479.0,2024-08-01
2024,9,Papua Barat,Total Pendapatan Daerah,117097374831.0,2024-09-01
2024,10,Papua Barat,Total Pendapatan Daerah,349203532717.0,2024-10-01
2024,11,Papua Barat,Total Pendapatan Daerah,0.0,2024-11-01
2024,12,Papua Barat,Total Pendapatan Daerah,4492227105667.1,2024-12-01
2025,1,Papua Barat,Total Pendapatan Daerah,103706806485.42,2025-01-01
2025,2,Papua Barat,Total Pendapatan Daerah,10972627055.529999,2025-02-01
2025,3,Papua Barat,Total Pendapatan Daerah,122429230574.00002,2025-03-01
2025,4,Papua Barat,Total Pendapatan Daerah,278901927946.0,2025-04-01
2025,5,Papua Barat,Total Pendapatan Daerah,64422944256.99994,2025-05-01
2025,6,Papua Barat,Total Pendapatan Daerah,0.0,2025-06-01
2025,7,Papua Barat,Total Pendapatan Daerah,1102074061539.18,2025-07-01
2025,8,Papua Barat,Total Pendapatan Daerah,58608222828.80005,2025-08-01
2025,9,Papua Barat,Total Pendapatan Daerah,199279532210.80005,2025-09-01
2025,10,Papua Barat,Total Pendapatan Daerah,208003708830.6001,2025-10-01
2025,11,Papua Barat,Total Pendapatan Daerah,749141973052.5,2025-11-01
2025,12,Papua Barat,Total Pendapatan Daerah,540094866937.6001,2025-12-01
2021,1,Papua Barat,Transfer ke Daerah dan Dana Desa (TKDD),6841402535036.0,2021-01-01
2021,2,Papua Barat,Transfer ke Daerah dan Dana Desa (TKDD),0.0,2021-02-01
2021,3,Papua Barat,Transfer ke Daerah dan Dana Desa (TKDD),0.0,2021-03-01
2021,4,Papua Barat,Transfer ke Daerah dan Dana Desa (TKDD),0.0,2021-04-01
2021,5,Papua Barat,Transfer ke Daerah dan Dana Desa (TKDD),0.0,2021-05-01
2021,6,Papua Barat,Transfer ke Daerah dan Dana Desa (TKDD),0.0,2021-06-01
2021,7,Papua Barat,Transfer ke Daerah dan Dana Desa (TKDD),0.0,2021-07-01
2021,8,Papua Barat,Transfer ke Daerah dan Dana Desa (TKDD),0.0,2021-08-01
2021,9,Papua Barat,Transfer ke Daerah dan Dana Desa (TKDD),0.0,2021-09-01
2021,10,Papua Barat,Transfer ke Daerah dan Dana Desa (TKDD),0.0,2021-10-01
2021,11,Papua Barat,Transfer ke Daerah dan Dana Desa (TKDD),0.0,2021-11-01
2021,12,Papua Barat,Transfer ke Daerah dan Dana Desa (TKDD),0.0,2021-12-01
2022,1,Papua Barat,Transfer ke Daerah dan Dana Desa (TKDD),7138640580141.0,2022-01-01
2022,2,Papua Barat,Transfer ke Daerah dan Dana Desa (TKDD),0.0,2022-02-01
2022,3,Papua Barat,Transfer ke Daerah dan Dana Desa (TKDD),0.0,2022-03-01
2022,4,Papua Barat,Transfer ke Daerah dan Dana Desa (TKDD),0.0,2022-04-01
2022,5,Papua Barat,Transfer ke Daerah dan Dana Desa (TKDD),0.0,2022-05-01
2022,6,Papua Barat,Transfer ke Daerah dan Dana Desa (TKDD),0.0,2022-06-01
2022,7,Papua Barat,Transfer ke Daerah dan Dana Desa (TKDD),0.0,2022-07-01
2022,8,Papua Barat,Transfer ke Daerah dan Dana Desa (TKDD),0.0,2022-08-01
2022,9,Papua Barat,Transfer ke Daerah dan Dana Desa (TKDD),0.0,2022-09-01
2022,10,Papua Barat,Transfer ke Daerah dan Dana Desa (TKDD),0.0,2022-10-01
2022,11,Papua Barat,Transfer ke Daerah dan Dana Desa (TKDD),0.0,2022-11-01
2022,12,Papua Barat,Transfer ke Daerah dan Dana Desa (TKDD),0.0,2022-12-01
2023,1,Papua Barat,Transfer ke Daerah dan Dana Desa (TKDD),0.0,2023-01-01
2023,2,Papua Barat,Transfer ke Daerah dan Dana Desa (TKDD),316456258400.0,2023-02-01
2023,3,Papua Barat,Transfer ke Daerah dan Dana Desa (TKDD),74918642379.0,2023-03-01
2023,4,Papua Barat,Transfer ke Daerah dan Dana Desa (TKDD),2675441750.0,2023-04-01
2023,5,Papua Barat,Transfer ke Daerah dan Dana Desa (TKDD),0.0,2023-05-01
2023,6,Papua Barat,Transfer ke Daerah dan Dana Desa (TKDD),205852487022.0,2023-06-01
2023,7,Papua Barat,Transfer ke Daerah dan Dana Desa (TKDD),766872166616.0,2023-07-01
2023,8,Papua Barat,Transfer ke Daerah dan Dana Desa (TKDD),80173806368.0,2023-08-01
2023,9,Papua Barat,Transfer ke Daerah dan Dana Desa (TKDD),1351509900.0,2023-09-01
2023,10,Papua Barat,Transfer ke Daerah dan Dana Desa (TKDD),176026789011.0,2023-10-01
2023,11,Papua Barat,Transfer ke Daerah dan Dana Desa (TKDD),507546601309.0,2023-11-01
2023,12,Papua Barat,Transfer ke Daerah dan Dana Desa (TKDD),945819279715.0,2023-12-01
2024,1,Papua Barat,Transfer ke Daerah dan Dana Desa (TKDD),918234046800.0,2024-01-01
2024,2,Papua Barat,Transfer ke Daerah dan Dana Desa (TKDD),301508552850.0,2024-02-01
2024,3,Papua Barat,Transfer ke Daerah dan Dana Desa (TKDD),103223321222.0,2024-03-01
2024,4,Papua Barat,Transfer ke Daerah dan Dana Desa (TKDD),40153546200.0,2024-04-01
2024,5,Papua Barat,Transfer ke Daerah dan Dana Desa (TKDD),32055480712.0,2024-05-01
2024,6,Papua Barat,Transfer ke Daerah dan Dana Desa (TKDD),134602579902.0,2024-06-01
2024,7,Papua Barat,Transfer ke Daerah dan Dana Desa (TKDD),534371956807.0,2024-07-01
2024,8,Papua Barat,Transfer ke Daerah dan Dana Desa (TKDD),683142994510.0,2024-08-01
2024,9,Papua Barat,Transfer ke Daerah dan Dana Desa (TKDD),93352906452.0,2024-09-01
2024,10,Papua Barat,Transfer ke Daerah dan Dana Desa (TKDD),311579415387.0,2024-10-01
2024,11,Papua Barat,Transfer ke Daerah dan Dana Desa (TKDD),0.0,2024-11-01
2024,12,Papua Barat,Transfer ke Daerah dan Dana Desa (TKDD),4086014509630.0,2024-12-01
2025,1,Papua Barat,Transfer ke Daerah dan Dana Desa (TKDD),92286637800.0,2025-01-01
2025,2,Papua Barat,Transfer ke Daerah dan Dana Desa (TKDD),2251000.0,2025-02-01
2025,3,Papua Barat,Transfer ke Daerah dan Dana Desa (TKDD),91173589200.0,2025-03-01
2025,4,Papua Barat,Transfer ke Daerah dan Dana Desa (TKDD),92353042970.0,2025-04-01
2025,5,Papua Barat,Transfer ke Daerah dan Dana Desa (TKDD),53737511700.0,2025-05-01
2025,6,Papua Barat,Transfer ke Daerah dan Dana Desa (TKDD),73410495970.0,2025-06-01
2025,7,Papua Barat,Transfer ke Daerah dan Dana Desa (TKDD),923200050160.0,2025-07-01
2025,8,Papua Barat,Transfer ke Daerah dan Dana Desa (TKDD),39596622385.0,2025-08-01
2025,9,Papua Barat,Transfer ke Daerah dan Dana Desa (TKDD),174282715450.0,2025-09-01
2025,10,Papua Barat,Transfer ke Daerah dan Dana Desa (TKDD),180877009950.0,2025-10-01
2025,11,Papua Barat,Transfer ke Daerah dan Dana Desa (TKDD),734897004393.0,2025-11-01
2025,12,Papua Barat,Transfer ke Daerah dan Dana Desa (TKDD),430712134456.0,2025-12-01
2023,1,Papua Barat Daya,Belanja Modal,0.0,2023-01-01
2023,2,Papua Barat Daya,Belanja Modal,2916000.0,2023-02-01
2023,3,Papua Barat Daya,Belanja Modal,1250000.0,2023-03-01
2023,4,Papua Barat Daya,Belanja Modal,0.0,2023-04-01
2023,5,Papua Barat Daya,Belanja Modal,0.0,2023-05-01
2023,6,Papua Barat Daya,Belanja Modal,4167318050.0,2023-06-01
2023,7,Papua Barat Daya,Belanja Modal,727685280.0,2023-07-01
2023,8,Papua Barat Daya,Belanja Modal,32326905551.0,2023-08-01
2023,9,Papua Barat Daya,Belanja Modal,64683103116.0,2023-09-01
2023,10,Papua Barat Daya,Belanja Modal,38576997604.70001,2023-10-01
2023,11,Papua Barat Daya,Belanja Modal,61890880273.06998,2023-11-01
2023,12,Papua Barat Daya,Belanja Modal,456930824646.11,2023-12-01
2024,1,Papua Barat Daya,Belanja Modal,0.0,2024-01-01
2024,2,Papua Barat Daya,Belanja Modal,0.0,2024-02-01
2024,3,Papua Barat Daya,Belanja Modal,0.0,2024-03-01
2024,4,Papua Barat Daya,Belanja Modal,0.0,2024-04-01
2024,5,Papua Barat Daya,Belanja Modal,33750000.0,2024-05-01
2024,6,Papua Barat Daya,Belanja Modal,701515320.0,2024-06-01
2024,7,Papua Barat Daya,Belanja Modal,2942406882.0,2024-07-01
2024,8,Papua Barat Daya,Belanja Modal,30766940320.949997,2024-08-01
2024,9,Papua Barat Daya,Belanja Modal,34349005538.0,2024-09-01
2024,10,Papua Barat Daya,Belanja Modal,68417496057.0,2024-10-01
2024,11,Papua Barat Daya,Belanja Modal,63555209503.000015,2024-11-01
2024,12,Papua Barat Daya,Belanja Modal,460924125900.60004,2024-12-01
2025,1,Papua Barat Daya,Belanja Modal,0.0,2025-01-01
2025,2,Papua Barat Daya,Belanja Modal,0.0,2025-02-01
2025,3,Papua Barat Daya,Belanja Modal,1870800000.0,2025-03-01
2025,4,Papua Barat Daya,Belanja Modal,0.0,2025-04-01
2025,5,Papua Barat Daya,Belanja Modal,2104000000.0,2025-05-01
2025,6,Papua Barat Daya,Belanja Modal,666144400.0,2025-06-01
2025,7,Papua Barat Daya,Belanja Modal,109650000.0,2025-07-01
2025,8,Papua Barat Daya,Belanja Modal,2733421545.0,2025-08-01
2025,9,Papua Barat Daya,Belanja Modal,9706720823.0,2025-09-01
2025,10,Papua Barat Daya,Belanja Modal,32261514754.0,2025-10-01
2025,11,Papua Barat Daya,Belanja Modal,39261511457.0,2025-11-01
2025,12,Papua Barat Daya,Belanja Modal,76989045396.0,2025-12-01
2023,1,Papua Barat Daya,Pendapatan Asli Daerah (PAD),6415883.0,2023-01-01
2023,2,Papua Barat Daya,Pendapatan Asli Daerah (PAD),76134339.0,2023-02-01
2023,3,Papua Barat Daya,Pendapatan Asli Daerah (PAD),235081511.0,2023-03-01
2023,4,Papua Barat Daya,Pendapatan Asli Daerah (PAD),209762137.0,2023-04-01
2023,5,Papua Barat Daya,Pendapatan Asli Daerah (PAD),0.0,2023-05-01
2023,6,Papua Barat Daya,Pendapatan Asli Daerah (PAD),219248344.0,2023-06-01
2023,7,Papua Barat Daya,Pendapatan Asli Daerah (PAD),207048471.0,2023-07-01
2023,8,Papua Barat Daya,Pendapatan Asli Daerah (PAD),9258105651.0,2023-08-01
2023,9,Papua Barat Daya,Pendapatan Asli Daerah (PAD),9929950999.0,2023-09-01
2023,10,Papua Barat Daya,Pendapatan Asli Daerah (PAD),10336641698.0,2023-10-01
2023,11,Papua Barat Daya,Pendapatan Asli Daerah (PAD),9393025568.0,2023-11-01
2023,12,Papua Barat Daya,Pendapatan Asli Daerah (PAD),34854386583.0,2023-12-01
2024,1,Papua Barat Daya,Pendapatan Asli Daerah (PAD),23960888947.0,2024-01-01
2024,2,Papua Barat Daya,Pendapatan Asli Daerah (PAD),10035484501.669998,2024-02-01
2024,3,Papua Barat Daya,Pendapatan Asli Daerah (PAD),10487444903.060005,2024-03-01
2024,4,Papua Barat Daya,Pendapatan Asli Daerah (PAD),8899504404.589996,2024-04-01
2024,5,Papua Barat Daya,Pendapatan Asli Daerah (PAD),18177857491.000008,2024-05-01
2024,6,Papua Barat Daya,Pendapatan Asli Daerah (PAD),7316176810.679993,2024-06-01
2024,7,Papua Barat Daya,Pendapatan Asli Daerah (PAD),56310478184.32001,2024-07-01
2024,8,Papua Barat Daya,Pendapatan Asli Daerah (PAD),21782365844.130005,2024-08-01
2024,9,Papua Barat Daya,Pendapatan Asli Daerah (PAD),21038527115.0,2024-09-01
2024,10,Papua Barat Daya,Pendapatan Asli Daerah (PAD),39545357410.0,2024-10-01
2024,11,Papua Barat Daya,Pendapatan Asli Daerah (PAD),22103539154.0,2024-11-01
2024,12,Papua Barat Daya,Pendapatan Asli Daerah (PAD),66314599618.57001,2024-12-01
2025,1,Papua Barat Daya,Pendapatan Asli Daerah (PAD),18939143740.0,2025-01-01
2025,2,Papua Barat Daya,Pendapatan Asli Daerah (PAD),12776753206.080002,2025-02-01
2025,3,Papua Barat Daya,Pendapatan Asli Daerah (PAD),24036773603.67,2025-03-01
2025,4,Papua Barat Daya,Pendapatan Asli Daerah (PAD),26291207197.0,2025-04-01
2025,5,Papua Barat Daya,Pendapatan Asli Daerah (PAD),12783794743.0,2025-05-01
2025,6,Papua Barat Daya,Pendapatan Asli Daerah (PAD),0.0,2025-06-01
2025,7,Papua Barat Daya,Pendapatan Asli Daerah (PAD),83766552652.57,2025-07-01
2025,8,Papua Barat Daya,Pendapatan Asli Daerah (PAD),29561974602.0,2025-08-01
2025,9,Papua Barat Daya,Pendapatan Asli Daerah (PAD),17504903860.0,2025-09-01
2025,10,Papua Barat Daya,Pendapatan Asli Daerah (PAD),16246811660.0,2025-10-01
2025,11,Papua Barat Daya,Pendapatan Asli Daerah (PAD),43077663338.0,2025-11-01
2025,12,Papua Barat Daya,Pendapatan Asli Daerah (PAD),34816651046.0,2025-12-01
2023,1,Papua Barat Daya,Total Belanja Daerah,1500000000.0,2023-01-01
2023,2,Papua Barat Daya,Total Belanja Daerah,5066597343.0,2023-02-01
2023,3,Papua Barat Daya,Total Belanja Daerah,3197438992.0,2023-03-01
2023,4,Papua Barat Daya,Total Belanja Daerah,147384226719.0,2023-04-01
2023,5,Papua Barat Daya,Total Belanja Daerah,0.0,2023-05-01
2023,6,Papua Barat Daya,Total Belanja Daerah,220070450322.0,2023-06-01
2023,7,Papua Barat Daya,Total Belanja Daerah,35246621817.0,2023-07-01
2023,8,Papua Barat Daya,Total Belanja Daerah,339975742666.0,2023-08-01
2023,9,Papua Barat Daya,Total Belanja Daerah,126700024585.25,2023-09-01
2023,10,Papua Barat Daya,Total Belanja Daerah,114389803010.69995,2023-10-01
2023,11,Papua Barat Daya,Total Belanja Daerah,325007673908.25,2023-11-01
2023,12,Papua Barat Daya,Total Belanja Daerah,907221192145.4001,2023-12-01
2024,1,Papua Barat Daya,Total Belanja Daerah,8048450471.0,2024-01-01
2024,2,Papua Barat Daya,Total Belanja Daerah,9896662659.0,2024-02-01
2024,3,Papua Barat Daya,Total Belanja Daerah,38328345619.0,2024-03-01
2024,4,Papua Barat Daya,Total Belanja Daerah,53926004538.0,2024-04-01
2024,5,Papua Barat Daya,Total Belanja Daerah,40882730281.0,2024-05-01
2024,6,Papua Barat Daya,Total Belanja Daerah,97367654293.5,2024-06-01
2024,7,Papua Barat Daya,Total Belanja Daerah,96936408083.0,2024-07-01
2024,8,Papua Barat Daya,Total Belanja Daerah,164778540148.13,2024-08-01
2024,9,Papua Barat Daya,Total Belanja Daerah,133420952813.21997,2024-09-01
2024,10,Papua Barat Daya,Total Belanja Daerah,258080304703.44006,2024-10-01
2024,11,Papua Barat Daya,Total Belanja Daerah,239011874960.10986,2024-11-01
2024,12,Papua Barat Daya,Total Belanja Daerah,953201613166.8,2024-12-01
2025,1,Papua Barat Daya,Total Belanja Daerah,10654575283.0,2025-01-01
2025,2,Papua Barat Daya,Total Belanja Daerah,35440881733.0,2025-02-01
2025,3,Papua Barat Daya,Total Belanja Daerah,59113751204.0,2025-03-01
2025,4,Papua Barat Daya,Total Belanja Daerah,37412612307.0,2025-04-01
2025,5,Papua Barat Daya,Total Belanja Daerah,46619189478.399994,2025-05-01
2025,6,Papua Barat Daya,Total Belanja Daerah,57122471104.59,2025-06-01
2025,7,Papua Barat Daya,Total Belanja Daerah,85733148529.0,2025-07-01
2025,8,Papua Barat Daya,Total Belanja Daerah,122617851797.0,2025-08-01
2025,9,Papua Barat Daya,Total Belanja Daerah,92303470272.01001,2025-09-01
2025,10,Papua Barat Daya,Total Belanja Daerah,280884168324.53,2025-10-01
2025,11,Papua Barat Daya,Total Belanja Daerah,326065122619.97,2025-11-01
2025,12,Papua Barat Daya,Total Belanja Daerah,403664538735.30005,2025-12-01
2023,1,Papua Barat Daya,Total Pendapatan Daerah,77234449883.0,2023-01-01
2023,2,Papua Barat Daya,Total Pendapatan Daerah,295421578939.0,2023-02-01
2023,3,Papua Barat Daya,Total Pendapatan Daerah,42495699711.0,2023-03-01
2023,4,Papua Barat Daya,Total Pendapatan Daerah,42365811137.0,2023-04-01
2023,5,Papua Barat Daya,Total Pendapatan Daerah,0.0,2023-05-01
2023,6,Papua Barat Daya,Total Pendapatan Daerah,12167095544.0,2023-06-01
2023,7,Papua Barat Daya,Total Pendapatan Daerah,403323777771.0,2023-07-01
2023,8,Papua Barat Daya,Total Pendapatan Daerah,114877129695.0,2023-08-01
2023,9,Papua Barat Daya,Total Pendapatan Daerah,78344496649.0,2023-09-01
2023,10,Papua Barat Daya,Total Pendapatan Daerah,357637955248.0,2023-10-01
2023,11,Papua Barat Daya,Total Pendapatan Daerah,621979808124.0,2023-11-01
2023,12,Papua Barat Daya,Total Pendapatan Daerah,186972352383.0,2023-12-01
2024,1,Papua Barat Daya,Total Pendapatan Daerah,115473183997.0,2024-01-01
2024,2,Papua Barat Daya,Total Pendapatan Daerah,89087075101.67001,2024-02-01
2024,3,Papua Barat Daya,Total Pendapatan Daerah,80358721034.05997,2024-03-01
2024,4,Papua Barat Daya,Total Pendapatan Daerah,64010876054.59003,2024-04-01
2024,5,Papua Barat Daya,Total Pendapatan Daerah,64511110741.0,2024-05-01
2024,6,Papua Barat Daya,Total Pendapatan Daerah,338070894893.68,2024-06-01
2024,7,Papua Barat Daya,Total Pendapatan Daerah,125430819184.31995,2024-07-01
2024,8,Papua Barat Daya,Total Pendapatan Daerah,91008889150.13,2024-08-01
2024,9,Papua Barat Daya,Total Pendapatan Daerah,104464047336.05005,2024-09-01
2024,10,Papua Barat Daya,Total Pendapatan Daerah,162934901846.8999,2024-10-01
2024,11,Papua Barat Daya,Total Pendapatan Daerah,400397417804.0,2024-11-01
2024,12,Papua Barat Daya,Total Pendapatan Daerah,455215598071.6001,2024-12-01
2025,1,Papua Barat Daya,Total Pendapatan Daerah,99595187740.0,2025-01-01
2025,2,Papua Barat Daya,Total Pendapatan Daerah,41529856456.07999,2025-02-01
2025,3,Papua Barat Daya,Total Pendapatan Daerah,68358319453.67001,2025-03-01
2025,4,Papua Barat Daya,Total Pendapatan Daerah,55047280447.0,2025-04-01
2025,5,Papua Barat Daya,Total Pendapatan Daerah,57304061893.0,2025-05-01
2025,6,Papua Barat Daya,Total Pendapatan Daerah,135032949507.25,2025-06-01
2025,7,Papua Barat Daya,Total Pendapatan Daerah,155045522155.56995,2025-07-01
2025,8,Papua Barat Daya,Total Pendapatan Daerah,78548335602.0,2025-08-01
2025,9,Papua Barat Daya,Total Pendapatan Daerah,73648069050.0,2025-09-01
2025,10,Papua Barat Daya,Total Pendapatan Daerah,73711173160.0,2025-10-01
2025,11,Papua Barat Daya,Total Pendapatan Daerah,364159570691.03015,2025-11-01
2025,12,Papua Barat Daya,Total Pendapatan Daerah,322962296996.0,2025-12-01
2023,1,Papua Barat Daya,Transfer ke Daerah dan Dana Desa (TKDD),72228034000.0,2023-01-01
2023,2,Papua Barat Daya,Transfer ke Daerah dan Dana Desa (TKDD),285345444600.0,2023-02-01
2023,3,Papua Barat Daya,Transfer ke Daerah dan Dana Desa (TKDD),39760618200.0,2023-03-01
2023,4,Papua Barat Daya,Transfer ke Daerah dan Dana Desa (TKDD),37156049000.0,2023-04-01
2023,5,Papua Barat Daya,Transfer ke Daerah dan Dana Desa (TKDD),0.0,2023-05-01
2023,6,Papua Barat Daya,Transfer ke Daerah dan Dana Desa (TKDD),4447847200.0,2023-06-01
2023,7,Papua Barat Daya,Transfer ke Daerah dan Dana Desa (TKDD),403116729300.0,2023-07-01
2023,8,Papua Barat Daya,Transfer ke Daerah dan Dana Desa (TKDD),105619024044.0,2023-08-01
2023,9,Papua Barat Daya,Transfer ke Daerah dan Dana Desa (TKDD),68414545650.0,2023-09-01
2023,10,Papua Barat Daya,Transfer ke Daerah dan Dana Desa (TKDD),347301313550.0,2023-10-01
2023,11,Papua Barat Daya,Transfer ke Daerah dan Dana Desa (TKDD),611223582556.0,2023-11-01
2023,12,Papua Barat Daya,Transfer ke Daerah dan Dana Desa (TKDD),147888365800.0,2023-12-01
2024,1,Papua Barat Daya,Transfer ke Daerah dan Dana Desa (TKDD),91512295050.0,2024-01-01
2024,2,Papua Barat Daya,Transfer ke Daerah dan Dana Desa (TKDD),79051590600.0,2024-02-01
2024,3,Papua Barat Daya,Transfer ke Daerah dan Dana Desa (TKDD),69871276131.0,2024-03-01
2024,4,Papua Barat Daya,Transfer ke Daerah dan Dana Desa (TKDD),50111371650.0,2024-04-01
2024,5,Papua Barat Daya,Transfer ke Daerah dan Dana Desa (TKDD),44539253250.0,2024-05-01
2024,6,Papua Barat Daya,Transfer ke Daerah dan Dana Desa (TKDD),330754718083.0,2024-06-01
2024,7,Papua Barat Daya,Transfer ke Daerah dan Dana Desa (TKDD),69120341000.0,2024-07-01
2024,8,Papua Barat Daya,Transfer ke Daerah dan Dana Desa (TKDD),64226523306.0,2024-08-01
2024,9,Papua Barat Daya,Transfer ke Daerah dan Dana Desa (TKDD),83425520221.0,2024-09-01
2024,10,Papua Barat Daya,Transfer ke Daerah dan Dana Desa (TKDD),121389544437.0,2024-10-01
2024,11,Papua Barat Daya,Transfer ke Daerah dan Dana Desa (TKDD),371293878650.0,2024-11-01
2024,12,Papua Barat Daya,Transfer ke Daerah dan Dana Desa (TKDD),379951084246.0,2024-12-01
2025,1,Papua Barat Daya,Transfer ke Daerah dan Dana Desa (TKDD),80603954000.0,2025-01-01
2025,2,Papua Barat Daya,Transfer ke Daerah dan Dana Desa (TKDD),28701683250.0,2025-02-01
2025,3,Papua Barat Daya,Transfer ke Daerah dan Dana Desa (TKDD),44262250850.0,2025-03-01
2025,4,Papua Barat Daya,Transfer ke Daerah dan Dana Desa (TKDD),28701683250.0,2025-04-01
2025,5,Papua Barat Daya,Transfer ke Daerah dan Dana Desa (TKDD),44473967150.0,2025-05-01
2025,6,Papua Barat Daya,Transfer ke Daerah dan Dana Desa (TKDD),176022484297.0,2025-06-01
2025,7,Papua Barat Daya,Transfer ke Daerah dan Dana Desa (TKDD),71069094503.0,2025-07-01
2025,8,Papua Barat Daya,Transfer ke Daerah dan Dana Desa (TKDD),48936926000.0,2025-08-01
2025,9,Papua Barat Daya,Transfer ke Daerah dan Dana Desa (TKDD),56076855190.0,2025-09-01
2025,10,Papua Barat Daya,Transfer ke Daerah dan Dana Desa (TKDD),57403366500.0,2025-10-01
2025,11,Papua Barat Daya,Transfer ke Daerah dan Dana Desa (TKDD),321031117353.0,2025-11-01
2025,12,Papua Barat Daya,Transfer ke Daerah dan Dana Desa (TKDD),288013385950.0,2025-12-01
2023,1,Papua Pegunungan,Belanja Modal,0.0,2023-01-01
2023,2,Papua Pegunungan,Belanja Modal,0.0,2023-02-01
2023,3,Papua Pegunungan,Belanja Modal,0.0,2023-03-01
2023,4,Papua Pegunungan,Belanja Modal,59500000.0,2023-04-01
2023,5,Papua Pegunungan,Belanja Modal,0.0,2023-05-01
2023,6,Papua Pegunungan,Belanja Modal,27945897000.0,2023-06-01
2023,7,Papua Pegunungan,Belanja Modal,3095376200.0,2023-07-01
2023,8,Papua Pegunungan,Belanja Modal,106202526829.36,2023-08-01
2023,9,Papua Pegunungan,Belanja Modal,25984948653.499985,2023-09-01
2023,10,Papua Pegunungan,Belanja Modal,113329797591.93,2023-10-01
2023,11,Papua Pegunungan,Belanja Modal,132199521382.63,2023-11-01
2023,12,Papua Pegunungan,Belanja Modal,393462625871.1401,2023-12-01
2024,1,Papua Pegunungan,Belanja Modal,0.0,2024-01-01
2024,2,Papua Pegunungan,Belanja Modal,0.0,2024-02-01
2024,3,Papua Pegunungan,Belanja Modal,0.0,2024-03-01
2024,4,Papua Pegunungan,Belanja Modal,0.0,2024-04-01
2024,5,Papua Pegunungan,Belanja Modal,0.0,2024-05-01
2024,6,Papua Pegunungan,Belanja Modal,0.0,2024-06-01
2024,7,Papua Pegunungan,Belanja Modal,0.0,2024-07-01
2024,8,Papua Pegunungan,Belanja Modal,0.0,2024-08-01
2024,9,Papua Pegunungan,Belanja Modal,0.0,2024-09-01
2024,10,Papua Pegunungan,Belanja Modal,0.0,2024-10-01
2024,11,Papua Pegunungan,Belanja Modal,240671369700.0,2024-11-01
2024,12,Papua Pegunungan,Belanja Modal,299887159411.0,2024-12-01
2025,1,Papua Pegunungan,Belanja Modal,0.0,2025-01-01
2025,2,Papua Pegunungan,Belanja Modal,28085700000.0,2025-02-01
2025,3,Papua Pegunungan,Belanja Modal,0.0,2025-03-01
2025,4,Papua Pegunungan,Belanja Modal,0.0,2025-04-01
2025,5,Papua Pegunungan,Belanja Modal,0.0,2025-05-01
2025,6,Papua Pegunungan,Belanja Modal,2000000000.0,2025-06-01
2025,7,Papua Pegunungan,Belanja Modal,15666186000.0,2025-07-01
2025,8,Papua Pegunungan,Belanja Modal,26223928139.0,2025-08-01
2025,9,Papua Pegunungan,Belanja Modal,435897242.0,2025-09-01
2025,10,Papua Pegunungan,Belanja Modal,91934510578.29999,2025-10-01
2025,11,Papua Pegunungan,Belanja Modal,0.0,2025-11-01
2025,12,Papua Pegunungan,Belanja Modal,0.0,2025-12-01
2023,1,Papua Pegunungan,Pendapatan Asli Daerah (PAD),378288000.0,2023-01-01
2023,2,Papua Pegunungan,Pendapatan Asli Daerah (PAD),0.0,2023-02-01
2023,3,Papua Pegunungan,Pendapatan Asli Daerah (PAD),0.0,2023-03-01
2023,4,Papua Pegunungan,Pendapatan Asli Daerah (PAD),0.0,2023-04-01
2023,5,Papua Pegunungan,Pendapatan Asli Daerah (PAD),0.0,2023-05-01
2023,6,Papua Pegunungan,Pendapatan Asli Daerah (PAD),0.0,2023-06-01
2023,7,Papua Pegunungan,Pendapatan Asli Daerah (PAD),0.0,2023-07-01
2023,8,Papua Pegunungan,Pendapatan Asli Daerah (PAD),0.0,2023-08-01
2023,9,Papua Pegunungan,Pendapatan Asli Daerah (PAD),0.0,2023-09-01
2023,10,Papua Pegunungan,Pendapatan Asli Daerah (PAD),26744682528.0,2023-10-01
2023,11,Papua Pegunungan,Pendapatan Asli Daerah (PAD),0.0,2023-11-01
2023,12,Papua Pegunungan,Pendapatan Asli Daerah (PAD),58745517373.39,2023-12-01
2024,1,Papua Pegunungan,Pendapatan Asli Daerah (PAD),0.0,2024-01-01
2024,2,Papua Pegunungan,Pendapatan Asli Daerah (PAD),0.0,2024-02-01
2024,3,Papua Pegunungan,Pendapatan Asli Daerah (PAD),0.0,2024-03-01
2024,4,Papua Pegunungan,Pendapatan Asli Daerah (PAD),0.0,2024-04-01
2024,5,Papua Pegunungan,Pendapatan Asli Daerah (PAD),0.0,2024-05-01
2024,6,Papua Pegunungan,Pendapatan Asli Daerah (PAD),0.0,2024-06-01
2024,7,Papua Pegunungan,Pendapatan Asli Daerah (PAD),0.0,2024-07-01
2024,8,Papua Pegunungan,Pendapatan Asli Daerah (PAD),0.0,2024-08-01
2024,9,Papua Pegunungan,Pendapatan Asli Daerah (PAD),0.0,2024-09-01
2024,10,Papua Pegunungan,Pendapatan Asli Daerah (PAD),0.0,2024-10-01
2024,11,Papua Pegunungan,Pendapatan Asli Daerah (PAD),148552258619.0,2024-11-01
2024,12,Papua Pegunungan,Pendapatan Asli Daerah (PAD),22705410262.0,2024-12-01
2025,1,Papua Pegunungan,Pendapatan Asli Daerah (PAD),2245740464.0,2025-01-01
2025,2,Papua Pegunungan,Pendapatan Asli Daerah (PAD),1309918500.0,2025-02-01
2025,3,Papua Pegunungan,Pendapatan Asli Daerah (PAD),1371120249.0,2025-03-01
2025,4,Papua Pegunungan,Pendapatan Asli Daerah (PAD),45440523520.0,2025-04-01
2025,5,Papua Pegunungan,Pendapatan Asli Daerah (PAD),0.0,2025-05-01
2025,6,Papua Pegunungan,Pendapatan Asli Daerah (PAD),2323888868.0,2025-06-01
2025,7,Papua Pegunungan,Pendapatan Asli Daerah (PAD),1727205482.0,2025-07-01
2025,8,Papua Pegunungan,Pendapatan Asli Daerah (PAD),0.0,2025-08-01
2025,9,Papua Pegunungan,Pendapatan Asli Daerah (PAD),0.0,2025-09-01
2025,10,Papua Pegunungan,Pendapatan Asli Daerah (PAD),28500866131.0,2025-10-01
2025,11,Papua Pegunungan,Pendapatan Asli Daerah (PAD),0.0,2025-11-01
2025,12,Papua Pegunungan,Pendapatan Asli Daerah (PAD),0.0,2025-12-01
2023,1,Papua Pegunungan,Total Belanja Daerah,0.0,2023-01-01
2023,2,Papua Pegunungan,Total Belanja Daerah,1000000000.0,2023-02-01
2023,3,Papua Pegunungan,Total Belanja Daerah,1563484000.0,2023-03-01
2023,4,Papua Pegunungan,Total Belanja Daerah,30477496791.0,2023-04-01
2023,5,Papua Pegunungan,Total Belanja Daerah,0.0,2023-05-01
2023,6,Papua Pegunungan,Total Belanja Daerah,113609379276.0,2023-06-01
2023,7,Papua Pegunungan,Total Belanja Daerah,42464795904.0,2023-07-01
2023,8,Papua Pegunungan,Total Belanja Daerah,202810619281.36,2023-08-01
2023,9,Papua Pegunungan,Total Belanja Daerah,80734721656.5,2023-09-01
2023,10,Papua Pegunungan,Total Belanja Daerah,224346515420.93005,2023-10-01
2023,11,Papua Pegunungan,Total Belanja Daerah,284638625112.63,2023-11-01
2023,12,Papua Pegunungan,Total Belanja Daerah,814315713255.08,2023-12-01
2024,1,Papua Pegunungan,Total Belanja Daerah,0.0,2024-01-01
2024,2,Papua Pegunungan,Total Belanja Daerah,0.0,2024-02-01
2024,3,Papua Pegunungan,Total Belanja Daerah,0.0,2024-03-01
2024,4,Papua Pegunungan,Total Belanja Daerah,0.0,2024-04-01
2024,5,Papua Pegunungan,Total Belanja Daerah,0.0,2024-05-01
2024,6,Papua Pegunungan,Total Belanja Daerah,0.0,2024-06-01
2024,7,Papua Pegunungan,Total Belanja Daerah,0.0,2024-07-01
2024,8,Papua Pegunungan,Total Belanja Daerah,0.0,2024-08-01
2024,9,Papua Pegunungan,Total Belanja Daerah,0.0,2024-09-01
2024,10,Papua Pegunungan,Total Belanja Daerah,0.0,2024-10-01
2024,11,Papua Pegunungan,Total Belanja Daerah,1377201820805.5,2024-11-01
2024,12,Papua Pegunungan,Total Belanja Daerah,803585252460.3,2024-12-01
2025,1,Papua Pegunungan,Total Belanja Daerah,17892104775.0,2025-01-01
2025,2,Papua Pegunungan,Total Belanja Daerah,107156385517.0,2025-02-01
2025,3,Papua Pegunungan,Total Belanja Daerah,109553806959.0,2025-03-01
2025,4,Papua Pegunungan,Total Belanja Daerah,36514236219.51999,2025-04-01
2025,5,Papua Pegunungan,Total Belanja Daerah,0.0,2025-05-01
2025,6,Papua Pegunungan,Total Belanja Daerah,146829325684.00003,2025-06-01
2025,7,Papua Pegunungan,Total Belanja Daerah,156048661757.0,2025-07-01
2025,8,Papua Pegunungan,Total Belanja Daerah,129925978816.0,2025-08-01
2025,9,Papua Pegunungan,Total Belanja Daerah,147852676002.0,2025-09-01
2025,10,Papua Pegunungan,Total Belanja Daerah,310453758157.8799,2025-10-01
2025,11,Papua Pegunungan,Total Belanja Daerah,0.0,2025-11-01
2025,12,Papua Pegunungan,Total Belanja Daerah,0.0,2025-12-01
2023,1,Papua Pegunungan,Total Pendapatan Daerah,81383512800.0,2023-01-01
2023,2,Papua Pegunungan,Total Pendapatan Daerah,53657905000.0,2023-02-01
2023,3,Papua Pegunungan,Total Pendapatan Daerah,1448513400.0,2023-03-01
2023,4,Papua Pegunungan,Total Pendapatan Daerah,86175904000.0,2023-04-01
2023,5,Papua Pegunungan,Total Pendapatan Daerah,0.0,2023-05-01
2023,6,Papua Pegunungan,Total Pendapatan Daerah,1448513400.0,2023-06-01
2023,7,Papua Pegunungan,Total Pendapatan Daerah,362170726950.0,2023-07-01
2023,8,Papua Pegunungan,Total Pendapatan Daerah,94864241000.0,2023-08-01
2023,9,Papua Pegunungan,Total Pendapatan Daerah,444164856610.0,2023-09-01
2023,10,Papua Pegunungan,Total Pendapatan Daerah,118492917278.0,2023-10-01
2023,11,Papua Pegunungan,Total Pendapatan Daerah,511610153990.0,2023-11-01
2023,12,Papua Pegunungan,Total Pendapatan Daerah,160885110841.3999,2023-12-01
2024,1,Papua Pegunungan,Total Pendapatan Daerah,0.0,2024-01-01
2024,2,Papua Pegunungan,Total Pendapatan Daerah,0.0,2024-02-01
2024,3,Papua Pegunungan,Total Pendapatan Daerah,0.0,2024-03-01
2024,4,Papua Pegunungan,Total Pendapatan Daerah,0.0,2024-04-01
2024,5,Papua Pegunungan,Total Pendapatan Daerah,0.0,2024-05-01
2024,6,Papua Pegunungan,Total Pendapatan Daerah,0.0,2024-06-01
2024,7,Papua Pegunungan,Total Pendapatan Daerah,0.0,2024-07-01
2024,8,Papua Pegunungan,Total Pendapatan Daerah,0.0,2024-08-01
2024,9,Papua Pegunungan,Total Pendapatan Daerah,0.0,2024-09-01
2024,10,Papua Pegunungan,Total Pendapatan Daerah,0.0,2024-10-01
2024,11,Papua Pegunungan,Total Pendapatan Daerah,1787905155327.0,2024-11-01
2024,12,Papua Pegunungan,Total Pendapatan Daerah,414877849486.0,2024-12-01
2025,1,Papua Pegunungan,Total Pendapatan Daerah,34229128264.0,2025-01-01
2025,2,Papua Pegunungan,Total Pendapatan Daerah,33305792700.0,2025-02-01
2025,3,Papua Pegunungan,Total Pendapatan Daerah,65287950249.0,2025-03-01
2025,4,Papua Pegunungan,Total Pendapatan Daerah,102722940544.0,2025-04-01
2025,5,Papua Pegunungan,Total Pendapatan Daerah,0.0,2025-05-01
2025,6,Papua Pegunungan,Total Pendapatan Daerah,64159137318.0,2025-06-01
2025,7,Papua Pegunungan,Total Pendapatan Daerah,267749072982.0,2025-07-01
2025,8,Papua Pegunungan,Total Pendapatan Daerah,183175665950.0,2025-08-01
2025,9,Papua Pegunungan,Total Pendapatan Daerah,32824601850.0,2025-09-01
2025,10,Papua Pegunungan,Total Pendapatan Daerah,634600623281.0,2025-10-01
2025,11,Papua Pegunungan,Total Pendapatan Daerah,0.0,2025-11-01
2025,12,Papua Pegunungan,Total Pendapatan Daerah,0.0,2025-12-01
2023,1,Papua Pegunungan,Transfer ke Daerah dan Dana Desa (TKDD),81003624800.0,2023-01-01
2023,2,Papua Pegunungan,Transfer ke Daerah dan Dana Desa (TKDD),53657905000.0,2023-02-01
2023,3,Papua Pegunungan,Transfer ke Daerah dan Dana Desa (TKDD),1448513400.0,2023-03-01
2023,4,Papua Pegunungan,Transfer ke Daerah dan Dana Desa (TKDD),86175904000.0,2023-04-01
2023,5,Papua Pegunungan,Transfer ke Daerah dan Dana Desa (TKDD),0.0,2023-05-01
2023,6,Papua Pegunungan,Transfer ke Daerah dan Dana Desa (TKDD),1448513400.0,2023-06-01
2023,7,Papua Pegunungan,Transfer ke Daerah dan Dana Desa (TKDD),362170726950.0,2023-07-01
2023,8,Papua Pegunungan,Transfer ke Daerah dan Dana Desa (TKDD),94864241000.0,2023-08-01
2023,9,Papua Pegunungan,Transfer ke Daerah dan Dana Desa (TKDD),444164856610.0,2023-09-01
2023,10,Papua Pegunungan,Transfer ke Daerah dan Dana Desa (TKDD),86748234750.0,2023-10-01
2023,11,Papua Pegunungan,Transfer ke Daerah dan Dana Desa (TKDD),511610153990.0,2023-11-01
2023,12,Papua Pegunungan,Transfer ke Daerah dan Dana Desa (TKDD),89052702450.0,2023-12-01
2024,1,Papua Pegunungan,Transfer ke Daerah dan Dana Desa (TKDD),0.0,2024-01-01
2024,2,Papua Pegunungan,Transfer ke Daerah dan Dana Desa (TKDD),0.0,2024-02-01
2024,3,Papua Pegunungan,Transfer ke Daerah dan Dana Desa (TKDD),0.0,2024-03-01
2024,4,Papua Pegunungan,Transfer ke Daerah dan Dana Desa (TKDD),0.0,2024-04-01
2024,5,Papua Pegunungan,Transfer ke Daerah dan Dana Desa (TKDD),0.0,2024-05-01
2024,6,Papua Pegunungan,Transfer ke Daerah dan Dana Desa (TKDD),0.0,2024-06-01
2024,7,Papua Pegunungan,Transfer ke Daerah dan Dana Desa (TKDD),0.0,2024-07-01
2024,8,Papua Pegunungan,Transfer ke Daerah dan Dana Desa (TKDD),0.0,2024-08-01
2024,9,Papua Pegunungan,Transfer ke Daerah dan Dana Desa (TKDD),0.0,2024-09-01
2024,10,Papua Pegunungan,Transfer ke Daerah dan Dana Desa (TKDD),0.0,2024-10-01
2024,11,Papua Pegunungan,Transfer ke Daerah dan Dana Desa (TKDD),1639233914708.0,2024-11-01
2024,12,Papua Pegunungan,Transfer ke Daerah dan Dana Desa (TKDD),392164139224.0,2024-12-01
2025,1,Papua Pegunungan,Transfer ke Daerah dan Dana Desa (TKDD),31983387800.0,2025-01-01
2025,2,Papua Pegunungan,Transfer ke Daerah dan Dana Desa (TKDD),31995874200.0,2025-02-01
2025,3,Papua Pegunungan,Transfer ke Daerah dan Dana Desa (TKDD),63916830000.0,2025-03-01
2025,4,Papua Pegunungan,Transfer ke Daerah dan Dana Desa (TKDD),57282417024.0,2025-04-01
2025,5,Papua Pegunungan,Transfer ke Daerah dan Dana Desa (TKDD),0.0,2025-05-01
2025,6,Papua Pegunungan,Transfer ke Daerah dan Dana Desa (TKDD),61835248450.0,2025-06-01
2025,7,Papua Pegunungan,Transfer ke Daerah dan Dana Desa (TKDD),266021867500.0,2025-07-01
2025,8,Papua Pegunungan,Transfer ke Daerah dan Dana Desa (TKDD),183175665950.0,2025-08-01
2025,9,Papua Pegunungan,Transfer ke Daerah dan Dana Desa (TKDD),32824601850.0,2025-09-01
2025,10,Papua Pegunungan,Transfer ke Daerah dan Dana Desa (TKDD),606099757150.0,2025-10-01
2025,11,Papua Pegunungan,Transfer ke Daerah dan Dana Desa (TKDD),0.0,2025-11-01
2025,12,Papua Pegunungan,Transfer ke Daerah dan Dana Desa (TKDD),0.0,2025-12-01
2023,1,Papua Selatan,Belanja Modal,0.0,2023-01-01
2023,2,Papua Selatan,Belanja Modal,0.0,2023-02-01
2023,3,Papua Selatan,Belanja Modal,0.0,2023-03-01
2023,4,Papua Selatan,Belanja Modal,0.0,2023-04-01
2023,5,Papua Selatan,Belanja Modal,0.0,2023-05-01
2023,6,Papua Selatan,Belanja Modal,2223683672.0,2023-06-01
2023,7,Papua Selatan,Belanja Modal,6896290286.0,2023-07-01
2023,8,Papua Selatan,Belanja Modal,25026212448.0,2023-08-01
2023,9,Papua Selatan,Belanja Modal,44738371654.0,2023-09-01
2023,10,Papua Selatan,Belanja Modal,64084172236.0,2023-10-01
2023,11,Papua Selatan,Belanja Modal,55884248804.0,2023-11-01
2023,12,Papua Selatan,Belanja Modal,235621195188.0,2023-12-01
2024,1,Papua Selatan,Belanja Modal,0.0,2024-01-01
2024,2,Papua Selatan,Belanja Modal,0.0,2024-02-01
2024,3,Papua Selatan,Belanja Modal,0.0,2024-03-01
2024,4,Papua Selatan,Belanja Modal,997521540.0,2024-04-01
2024,5,Papua Selatan,Belanja Modal,2518441300.0,2024-05-01
2024,6,Papua Selatan,Belanja Modal,29301121942.0,2024-06-01
2024,7,Papua Selatan,Belanja Modal,7276445702.0,2024-07-01
2024,8,Papua Selatan,Belanja Modal,29899304829.0,2024-08-01
2024,9,Papua Selatan,Belanja Modal,9474027015.0,2024-09-01
2024,10,Papua Selatan,Belanja Modal,108943789387.0,2024-10-01
2024,11,Papua Selatan,Belanja Modal,38138050799.0,2024-11-01
2024,12,Papua Selatan,Belanja Modal,244418549731.0,2024-12-01
2025,1,Papua Selatan,Belanja Modal,0.0,2025-01-01
2025,2,Papua Selatan,Belanja Modal,0.0,2025-02-01
2025,3,Papua Selatan,Belanja Modal,46350000.0,2025-03-01
2025,4,Papua Selatan,Belanja Modal,838950000.0,2025-04-01
2025,5,Papua Selatan,Belanja Modal,409792000.0,2025-05-01
2025,6,Papua Selatan,Belanja Modal,1284472300.0,2025-06-01
2025,7,Papua Selatan,Belanja Modal,18502874000.0,2025-07-01
2025,8,Papua Selatan,Belanja Modal,16311866467.0,2025-08-01
2025,9,Papua Selatan,Belanja Modal,22322527850.0,2025-09-01
2025,10,Papua Selatan,Belanja Modal,19225800734.0,2025-10-01
2025,11,Papua Selatan,Belanja Modal,49027693899.0,2025-11-01
2025,12,Papua Selatan,Belanja Modal,53309628442.0,2025-12-01
2023,1,Papua Selatan,Pendapatan Asli Daerah (PAD),29911587.0,2023-01-01
2023,2,Papua Selatan,Pendapatan Asli Daerah (PAD),76361414.0,2023-02-01
2023,3,Papua Selatan,Pendapatan Asli Daerah (PAD),117708493.0,2023-03-01
2023,4,Papua Selatan,Pendapatan Asli Daerah (PAD),138503915.0,2023-04-01
2023,5,Papua Selatan,Pendapatan Asli Daerah (PAD),0.0,2023-05-01
2023,6,Papua Selatan,Pendapatan Asli Daerah (PAD),285499397.0,2023-06-01
2023,7,Papua Selatan,Pendapatan Asli Daerah (PAD),340150044.0,2023-07-01
2023,8,Papua Selatan,Pendapatan Asli Daerah (PAD),370450096.0,2023-08-01
2023,9,Papua Selatan,Pendapatan Asli Daerah (PAD),347165215.0,2023-09-01
2023,10,Papua Selatan,Pendapatan Asli Daerah (PAD),10766631316.0,2023-10-01
2023,11,Papua Selatan,Pendapatan Asli Daerah (PAD),520000658.0,2023-11-01
2023,12,Papua Selatan,Pendapatan Asli Daerah (PAD),120250842448.0,2023-12-01
2024,1,Papua Selatan,Pendapatan Asli Daerah (PAD),356457541.0,2024-01-01
2024,2,Papua Selatan,Pendapatan Asli Daerah (PAD),14109796998.0,2024-02-01
2024,3,Papua Selatan,Pendapatan Asli Daerah (PAD),524357653.0,2024-03-01
2024,4,Papua Selatan,Pendapatan Asli Daerah (PAD),29797974369.0,2024-04-01
2024,5,Papua Selatan,Pendapatan Asli Daerah (PAD),19692852734.739998,2024-05-01
2024,6,Papua Selatan,Pendapatan Asli Daerah (PAD),2008815204.0,2024-06-01
2024,7,Papua Selatan,Pendapatan Asli Daerah (PAD),31418917883.000008,2024-07-01
2024,8,Papua Selatan,Pendapatan Asli Daerah (PAD),26351528769.0,2024-08-01
2024,9,Papua Selatan,Pendapatan Asli Daerah (PAD),12581126025.0,2024-09-01
2024,10,Papua Selatan,Pendapatan Asli Daerah (PAD),28081385647.999985,2024-10-01
2024,11,Papua Selatan,Pendapatan Asli Daerah (PAD),13038924449.0,2024-11-01
2024,12,Papua Selatan,Pendapatan Asli Daerah (PAD),20696897333.0,2024-12-01
2025,1,Papua Selatan,Pendapatan Asli Daerah (PAD),5450699705.0,2025-01-01
2025,2,Papua Selatan,Pendapatan Asli Daerah (PAD),8857945864.0,2025-02-01
2025,3,Papua Selatan,Pendapatan Asli Daerah (PAD),16868532333.0,2025-03-01
2025,4,Papua Selatan,Pendapatan Asli Daerah (PAD),14270872734.0,2025-04-01
2025,5,Papua Selatan,Pendapatan Asli Daerah (PAD),20125549129.0,2025-05-01
2025,6,Papua Selatan,Pendapatan Asli Daerah (PAD),12113667708.0,2025-06-01
2025,7,Papua Selatan,Pendapatan Asli Daerah (PAD),13397820761.0,2025-07-01
2025,8,Papua Selatan,Pendapatan Asli Daerah (PAD),24849422534.990005,2025-08-01
2025,9,Papua Selatan,Pendapatan Asli Daerah (PAD),11613897595.0,2025-09-01
2025,10,Papua Selatan,Pendapatan Asli Daerah (PAD),21553578537.999985,2025-10-01
2025,11,Papua Selatan,Pendapatan Asli Daerah (PAD),18916818563.77002,2025-11-01
2025,12,Papua Selatan,Pendapatan Asli Daerah (PAD),19287168046.0,2025-12-01
2023,1,Papua Selatan,Total Belanja Daerah,0.0,2023-01-01
2023,2,Papua Selatan,Total Belanja Daerah,0.0,2023-02-01
2023,3,Papua Selatan,Total Belanja Daerah,0.0,2023-03-01
2023,4,Papua Selatan,Total Belanja Daerah,3693250384.0,2023-04-01
2023,5,Papua Selatan,Total Belanja Daerah,0.0,2023-05-01
2023,6,Papua Selatan,Total Belanja Daerah,28829583770.0,2023-06-01
2023,7,Papua Selatan,Total Belanja Daerah,48075211238.0,2023-07-01
2023,8,Papua Selatan,Total Belanja Daerah,63966686143.0,2023-08-01
2023,9,Papua Selatan,Total Belanja Daerah,81664107346.0,2023-09-01
2023,10,Papua Selatan,Total Belanja Daerah,160354324398.0,2023-10-01
2023,11,Papua Selatan,Total Belanja Daerah,164076260836.0,2023-11-01
2023,12,Papua Selatan,Total Belanja Daerah,639652353406.0,2023-12-01
2024,1,Papua Selatan,Total Belanja Daerah,8479903816.0,2024-01-01
2024,2,Papua Selatan,Total Belanja Daerah,12562249713.0,2024-02-01
2024,3,Papua Selatan,Total Belanja Daerah,25587570121.0,2024-03-01
2024,4,Papua Selatan,Total Belanja Daerah,71190985982.0,2024-04-01
2024,5,Papua Selatan,Total Belanja Daerah,48160457125.0,2024-05-01
2024,6,Papua Selatan,Total Belanja Daerah,105773043698.0,2024-06-01
2024,7,Papua Selatan,Total Belanja Daerah,101115045635.5,2024-07-01
2024,8,Papua Selatan,Total Belanja Daerah,186490498553.0,2024-08-01
2024,9,Papua Selatan,Total Belanja Daerah,87914369282.60999,2024-09-01
2024,10,Papua Selatan,Total Belanja Daerah,223950527955.0,2024-10-01
2024,11,Papua Selatan,Total Belanja Daerah,180345023326.99,2024-11-01
2024,12,Papua Selatan,Total Belanja Daerah,740934978788.6,2024-12-01
2025,1,Papua Selatan,Total Belanja Daerah,8024682335.0,2025-01-01
2025,2,Papua Selatan,Total Belanja Daerah,29881529826.0,2025-02-01
2025,3,Papua Selatan,Total Belanja Daerah,54834311000.0,2025-03-01
2025,4,Papua Selatan,Total Belanja Daerah,37884230593.0,2025-04-01
2025,5,Papua Selatan,Total Belanja Daerah,73728937662.0,2025-05-01
2025,6,Papua Selatan,Total Belanja Daerah,69250267698.0,2025-06-01
2025,7,Papua Selatan,Total Belanja Daerah,160826423008.0,2025-07-01
2025,8,Papua Selatan,Total Belanja Daerah,96983010400.59998,2025-08-01
2025,9,Papua Selatan,Total Belanja Daerah,111466296250.59998,2025-09-01
2025,10,Papua Selatan,Total Belanja Daerah,128153484863.79004,2025-10-01
2025,11,Papua Selatan,Total Belanja Daerah,234964081538.31006,2025-11-01
2025,12,Papua Selatan,Total Belanja Daerah,294249076549.69995,2025-12-01
2023,1,Papua Selatan,Total Pendapatan Daerah,112834533387.0,2023-01-01
2023,2,Papua Selatan,Total Pendapatan Daerah,59811069414.0,2023-02-01
2023,3,Papua Selatan,Total Pendapatan Daerah,36887064993.0,2023-03-01
2023,4,Papua Selatan,Total Pendapatan Daerah,94785399165.0,2023-04-01
2023,5,Papua Selatan,Total Pendapatan Daerah,0.0,2023-05-01
2023,6,Papua Selatan,Total Pendapatan Daerah,3685853897.0,2023-06-01
2023,7,Papua Selatan,Total Pendapatan Daerah,183555742904.0,2023-07-01
2023,8,Papua Selatan,Total Pendapatan Daerah,43636934846.0,2023-08-01
2023,9,Papua Selatan,Total Pendapatan Daerah,90918050615.0,2023-09-01
2023,10,Papua Selatan,Total Pendapatan Daerah,141141804216.0,2023-10-01
2023,11,Papua Selatan,Total Pendapatan Daerah,445556446848.0,2023-11-01
2023,12,Papua Selatan,Total Pendapatan Daerah,237996987462.1001,2023-12-01
2024,1,Papua Selatan,Total Pendapatan Daerah,35134161541.0,2024-01-01
2024,2,Papua Selatan,Total Pendapatan Daerah,83700704998.0,2024-02-01
2024,3,Papua Selatan,Total Pendapatan Daerah,52128855114.0,2024-03-01
2024,4,Papua Selatan,Total Pendapatan Daerah,65504730069.0,2024-04-01
2024,5,Papua Selatan,Total Pendapatan Daerah,68040310734.73999,2024-05-01
2024,6,Papua Selatan,Total Pendapatan Daerah,96990818316.0,2024-06-01
2024,7,Papua Selatan,Total Pendapatan Daerah,344492658125.0,2024-07-01
2024,8,Papua Selatan,Total Pendapatan Daerah,61255308769.0,2024-08-01
2024,9,Papua Selatan,Total Pendapatan Daerah,51837590150.0,2024-09-01
2024,10,Papua Selatan,Total Pendapatan Daerah,132495441127.0,2024-10-01
2024,11,Papua Selatan,Total Pendapatan Daerah,62294131448.95996,2024-11-01
2024,12,Papua Selatan,Total Pendapatan Daerah,664536782584.0,2024-12-01
2025,1,Papua Selatan,Total Pendapatan Daerah,72176182005.0,2025-01-01
2025,2,Papua Selatan,Total Pendapatan Daerah,32571704864.0,2025-02-01
2025,3,Papua Selatan,Total Pendapatan Daerah,57029195683.0,2025-03-01
2025,4,Papua Selatan,Total Pendapatan Daerah,62776005321.0,2025-04-01
2025,5,Papua Selatan,Total Pendapatan Daerah,67807190179.0,2025-05-01
2025,6,Papua Selatan,Total Pendapatan Daerah,262076714775.0,2025-06-01
2025,7,Papua Selatan,Total Pendapatan Daerah,59558991361.0,2025-07-01
2025,8,Papua Selatan,Total Pendapatan Daerah,75943836335.98999,2025-08-01
2025,9,Papua Selatan,Total Pendapatan Daerah,59959635355.0,2025-09-01
2025,10,Papua Selatan,Total Pendapatan Daerah,355121689088.01,2025-10-01
2025,11,Papua Selatan,Total Pendapatan Daerah,57703005163.80005,2025-11-01
2025,12,Papua Selatan,Total Pendapatan Daerah,201496240019.0,2025-12-01
2023,1,Papua Selatan,Transfer ke Daerah dan Dana Desa (TKDD),112804621800.0,2023-01-01
2023,2,Papua Selatan,Transfer ke Daerah dan Dana Desa (TKDD),59734708000.0,2023-02-01
2023,3,Papua Selatan,Transfer ke Daerah dan Dana Desa (TKDD),36769356500.0,2023-03-01
2023,4,Papua Selatan,Transfer ke Daerah dan Dana Desa (TKDD),90646895250.0,2023-04-01
2023,5,Papua Selatan,Transfer ke Daerah dan Dana Desa (TKDD),0.0,2023-05-01
2023,6,Papua Selatan,Transfer ke Daerah dan Dana Desa (TKDD),3400354500.0,2023-06-01
2023,7,Papua Selatan,Transfer ke Daerah dan Dana Desa (TKDD),183215592860.0,2023-07-01
2023,8,Papua Selatan,Transfer ke Daerah dan Dana Desa (TKDD),43266484750.0,2023-08-01
2023,9,Papua Selatan,Transfer ke Daerah dan Dana Desa (TKDD),80570885400.0,2023-09-01
2023,10,Papua Selatan,Transfer ke Daerah dan Dana Desa (TKDD),130375172900.0,2023-10-01
2023,11,Papua Selatan,Transfer ke Daerah dan Dana Desa (TKDD),434998537690.0,2023-11-01
2023,12,Papua Selatan,Transfer ke Daerah dan Dana Desa (TKDD),117169514014.0,2023-12-01
2024,1,Papua Selatan,Transfer ke Daerah dan Dana Desa (TKDD),34777704000.0,2024-01-01
2024,2,Papua Selatan,Transfer ke Daerah dan Dana Desa (TKDD),69555408000.0,2024-02-01
2024,3,Papua Selatan,Transfer ke Daerah dan Dana Desa (TKDD),51604497461.0,2024-03-01
2024,4,Papua Selatan,Transfer ke Daerah dan Dana Desa (TKDD),35612355700.0,2024-04-01
2024,5,Papua Selatan,Transfer ke Daerah dan Dana Desa (TKDD),48321858000.0,2024-05-01
2024,6,Papua Selatan,Transfer ke Daerah dan Dana Desa (TKDD),86159239207.0,2024-06-01
2024,7,Papua Selatan,Transfer ke Daerah dan Dana Desa (TKDD),321844854147.0,2024-07-01
2024,8,Papua Selatan,Transfer ke Daerah dan Dana Desa (TKDD),34777704000.0,2024-08-01
2024,9,Papua Selatan,Transfer ke Daerah dan Dana Desa (TKDD),39215092125.0,2024-09-01
2024,10,Papua Selatan,Transfer ke Daerah dan Dana Desa (TKDD),104378483479.0,2024-10-01
2024,11,Papua Selatan,Transfer ke Daerah dan Dana Desa (TKDD),49210135000.0,2024-11-01
2024,12,Papua Selatan,Transfer ke Daerah dan Dana Desa (TKDD),643797313251.0,2024-12-01
2025,1,Papua Selatan,Transfer ke Daerah dan Dana Desa (TKDD),66725482300.0,2025-01-01
2025,2,Papua Selatan,Transfer ke Daerah dan Dana Desa (TKDD),23683659000.0,2025-02-01
2025,3,Papua Selatan,Transfer ke Daerah dan Dana Desa (TKDD),40103213350.0,2025-03-01
2025,4,Papua Selatan,Transfer ke Daerah dan Dana Desa (TKDD),48505132587.0,2025-04-01
2025,5,Papua Selatan,Transfer ke Daerah dan Dana Desa (TKDD),42633641050.0,2025-05-01
2025,6,Papua Selatan,Transfer ke Daerah dan Dana Desa (TKDD),249931447067.0,2025-06-01
2025,7,Papua Selatan,Transfer ke Daerah dan Dana Desa (TKDD),46080996600.0,2025-07-01
2025,8,Papua Selatan,Transfer ke Daerah dan Dana Desa (TKDD),51054863801.0,2025-08-01
2025,9,Papua Selatan,Transfer ke Daerah dan Dana Desa (TKDD),48289075760.0,2025-09-01
2025,10,Papua Selatan,Transfer ke Daerah dan Dana Desa (TKDD),333545860550.0,2025-10-01
2025,11,Papua Selatan,Transfer ke Daerah dan Dana Desa (TKDD),38716328600.0,2025-11-01
2025,12,Papua Selatan,Transfer ke Daerah dan Dana Desa (TKDD),182164567973.0,2025-12-01
2023,1,Papua Tengah,Belanja Modal,0.0,2023-01-01
2023,2,Papua Tengah,Belanja Modal,0.0,2023-02-01
2023,3,Papua Tengah,Belanja Modal,0.0,2023-03-01
2023,4,Papua Tengah,Belanja Modal,2894939710.0,2023-04-01
2023,5,Papua Tengah,Belanja Modal,0.0,2023-05-01
2023,6,Papua Tengah,Belanja Modal,7880442149.0,2023-06-01
2023,7,Papua Tengah,Belanja Modal,6687208375.0,2023-07-01
2023,8,Papua Tengah,Belanja Modal,32150172119.0,2023-08-01
2023,9,Papua Tengah,Belanja Modal,8729098843.0,2023-09-01
2023,10,Papua Tengah,Belanja Modal,44022956951.0,2023-10-01
2023,11,Papua Tengah,Belanja Modal,0.0,2023-11-01
2023,12,Papua Tengah,Belanja Modal,507548074618.0,2023-12-01
2024,1,Papua Tengah,Belanja Modal,0.0,2024-01-01
2024,2,Papua Tengah,Belanja Modal,3467368000.0,2024-02-01
2024,3,Papua Tengah,Belanja Modal,0.0,2024-03-01
2024,4,Papua Tengah,Belanja Modal,7103075500.0,2024-04-01
2024,5,Papua Tengah,Belanja Modal,5177184233.0,2024-05-01
2024,6,Papua Tengah,Belanja Modal,57175263009.0,2024-06-01
2024,7,Papua Tengah,Belanja Modal,85270680171.0,2024-07-01
2024,8,Papua Tengah,Belanja Modal,37834291667.0,2024-08-01
2024,9,Papua Tengah,Belanja Modal,103959246527.39001,2024-09-01
2024,10,Papua Tengah,Belanja Modal,72004781466.64001,2024-10-01
2024,11,Papua Tengah,Belanja Modal,91029808094.77997,2024-11-01
2024,12,Papua Tengah,Belanja Modal,451371435196.37994,2024-12-01
2025,1,Papua Tengah,Belanja Modal,0.0,2025-01-01
2025,2,Papua Tengah,Belanja Modal,0.0,2025-02-01
2025,3,Papua Tengah,Belanja Modal,28000000.0,2025-03-01
2025,4,Papua Tengah,Belanja Modal,0.0,2025-04-01
2025,5,Papua Tengah,Belanja Modal,14715111063.93,2025-05-01
2025,6,Papua Tengah,Belanja Modal,19256142451.76,2025-06-01
2025,7,Papua Tengah,Belanja Modal,34683700.0,2025-07-01
2025,8,Papua Tengah,Belanja Modal,23460856288.12,2025-08-01
2025,9,Papua Tengah,Belanja Modal,150496669361.77,2025-09-01
2025,10,Papua Tengah,Belanja Modal,18341960202.0,2025-10-01
2025,11,Papua Tengah,Belanja Modal,20621722784.0,2025-11-01
2025,12,Papua Tengah,Belanja Modal,215525639362.91,2025-12-01
2023,1,Papua Tengah,Pendapatan Asli Daerah (PAD),9981697879.0,2023-01-01
2023,2,Papua Tengah,Pendapatan Asli Daerah (PAD),10532986555.0,2023-02-01
2023,3,Papua Tengah,Pendapatan Asli Daerah (PAD),18824434409.0,2023-03-01
2023,4,Papua Tengah,Pendapatan Asli Daerah (PAD),17354749787.0,2023-04-01
2023,5,Papua Tengah,Pendapatan Asli Daerah (PAD),0.0,2023-05-01
2023,6,Papua Tengah,Pendapatan Asli Daerah (PAD),10369581508.0,2023-06-01
2023,7,Papua Tengah,Pendapatan Asli Daerah (PAD),11377777527.0,2023-07-01
2023,8,Papua Tengah,Pendapatan Asli Daerah (PAD),15692971848.0,2023-08-01
2023,9,Papua Tengah,Pendapatan Asli Daerah (PAD),212702266936.0,2023-09-01
2023,10,Papua Tengah,Pendapatan Asli Daerah (PAD),57013702425.0,2023-10-01
2023,11,Papua Tengah,Pendapatan Asli Daerah (PAD),0.0,2023-11-01
2023,12,Papua Tengah,Pendapatan Asli Daerah (PAD),156890237605.82,2023-12-01
2024,1,Papua Tengah,Pendapatan Asli Daerah (PAD),38146547827.0,2024-01-01
2024,2,Papua Tengah,Pendapatan Asli Daerah (PAD),34784692392.0,2024-02-01
2024,3,Papua Tengah,Pendapatan Asli Daerah (PAD),37625386228.0,2024-03-01
2024,4,Papua Tengah,Pendapatan Asli Daerah (PAD),51543728876.0,2024-04-01
2024,5,Papua Tengah,Pendapatan Asli Daerah (PAD),76342170332.0,2024-05-01
2024,6,Papua Tengah,Pendapatan Asli Daerah (PAD),0.0,2024-06-01
2024,7,Papua Tengah,Pendapatan Asli Daerah (PAD),212106894699.0,2024-07-01
2024,8,Papua Tengah,Pendapatan Asli Daerah (PAD),39838545520.0,2024-08-01
2024,9,Papua Tengah,Pendapatan Asli Daerah (PAD),81126990731.0,2024-09-01
2024,10,Papua Tengah,Pendapatan Asli Daerah (PAD),65743708990.0,2024-10-01
2024,11,Papua Tengah,Pendapatan Asli Daerah (PAD),42804168812.0,2024-11-01
2024,12,Papua Tengah,Pendapatan Asli Daerah (PAD),81390477849.80005,2024-12-01
2025,1,Papua Tengah,Pendapatan Asli Daerah (PAD),35124932358.0,2025-01-01
2025,2,Papua Tengah,Pendapatan Asli Daerah (PAD),32241058748.0,2025-02-01
2025,3,Papua Tengah,Pendapatan Asli Daerah (PAD),32632007026.0,2025-03-01
2025,4,Papua Tengah,Pendapatan Asli Daerah (PAD),32285205761.0,2025-04-01
2025,5,Papua Tengah,Pendapatan Asli Daerah (PAD),43145645438.0,2025-05-01
2025,6,Papua Tengah,Pendapatan Asli Daerah (PAD),0.0,2025-06-01
2025,7,Papua Tengah,Pendapatan Asli Daerah (PAD),145974323292.90002,2025-07-01
2025,8,Papua Tengah,Pendapatan Asli Daerah (PAD),39707821453.15997,2025-08-01
2025,9,Papua Tengah,Pendapatan Asli Daerah (PAD),76330410636.0,2025-09-01
2025,10,Papua Tengah,Pendapatan Asli Daerah (PAD),7397489931.0,2025-10-01
2025,11,Papua Tengah,Pendapatan Asli Daerah (PAD),37768315154.57001,2025-11-01
2025,12,Papua Tengah,Pendapatan Asli Daerah (PAD),51402300491.0,2025-12-01
2023,1,Papua Tengah,Total Belanja Daerah,168183900.0,2023-01-01
2023,2,Papua Tengah,Total Belanja Daerah,125788970.0,2023-02-01
2023,3,Papua Tengah,Total Belanja Daerah,1718379134.0,2023-03-01
2023,4,Papua Tengah,Total Belanja Daerah,21207010826.0,2023-04-01
2023,5,Papua Tengah,Total Belanja Daerah,0.0,2023-05-01
2023,6,Papua Tengah,Total Belanja Daerah,66136421158.0,2023-06-01
2023,7,Papua Tengah,Total Belanja Daerah,181963137542.0,2023-07-01
2023,8,Papua Tengah,Total Belanja Daerah,133256979008.0,2023-08-01
2023,9,Papua Tengah,Total Belanja Daerah,141910072987.0,2023-09-01
2023,10,Papua Tengah,Total Belanja Daerah,190318855612.0,2023-10-01
2023,11,Papua Tengah,Total Belanja Daerah,0.0,2023-11-01
2023,12,Papua Tengah,Total Belanja Daerah,1348087081344.8,2023-12-01
2024,1,Papua Tengah,Total Belanja Daerah,6438646535.0,2024-01-01
2024,2,Papua Tengah,Total Belanja Daerah,85017980760.0,2024-02-01
2024,3,Papua Tengah,Total Belanja Daerah,86081581476.0,2024-03-01
2024,4,Papua Tengah,Total Belanja Daerah,112528676342.0,2024-04-01
2024,5,Papua Tengah,Total Belanja Daerah,120642239655.0,2024-05-01
2024,6,Papua Tengah,Total Belanja Daerah,383376068972.0,2024-06-01
2024,7,Papua Tengah,Total Belanja Daerah,277798694310.19995,2024-07-01
2024,8,Papua Tengah,Total Belanja Daerah,257381747535.0,2024-08-01
2024,9,Papua Tengah,Total Belanja Daerah,290840318109.80005,2024-09-01
2024,10,Papua Tengah,Total Belanja Daerah,220618717461.6001,2024-10-01
2024,11,Papua Tengah,Total Belanja Daerah,542978991857.2998,2024-11-01
2024,12,Papua Tengah,Total Belanja Daerah,1341880204565.5,2024-12-01
2025,1,Papua Tengah,Total Belanja Daerah,11277993879.0,2025-01-01
2025,2,Papua Tengah,Total Belanja Daerah,10841673685.0,2025-02-01
2025,3,Papua Tengah,Total Belanja Daerah,108026782419.34,2025-03-01
2025,4,Papua Tengah,Total Belanja Daerah,59714535426.5,2025-04-01
2025,5,Papua Tengah,Total Belanja Daerah,184650478579.93002,2025-05-01
2025,6,Papua Tengah,Total Belanja Daerah,230263895633.26,2025-06-01
2025,7,Papua Tengah,Total Belanja Daerah,690116301219.97,2025-07-01
2025,8,Papua Tengah,Total Belanja Daerah,326673281431.19995,2025-08-01
2025,9,Papua Tengah,Total Belanja Daerah,410536589591.0,2025-09-01
2025,10,Papua Tengah,Total Belanja Daerah,322808666671.19995,2025-10-01
2025,11,Papua Tengah,Total Belanja Daerah,292943346819.6001,2025-11-01
2025,12,Papua Tengah,Total Belanja Daerah,1169131445734.6,2025-12-01
2023,1,Papua Tengah,Total Pendapatan Daerah,101254924279.0,2023-01-01
2023,2,Papua Tengah,Total Pendapatan Daerah,70877531555.0,2023-02-01
2023,3,Papua Tengah,Total Pendapatan Daerah,65871104209.0,2023-03-01
2023,4,Papua Tengah,Total Pendapatan Daerah,80577918287.0,2023-04-01
2023,5,Papua Tengah,Total Pendapatan Daerah,0.0,2023-05-01
2023,6,Papua Tengah,Total Pendapatan Daerah,23640855958.0,2023-06-01
2023,7,Papua Tengah,Total Pendapatan Daerah,269183276837.0,2023-07-01
2023,8,Papua Tengah,Total Pendapatan Daerah,401059445977.0,2023-08-01
2023,9,Papua Tengah,Total Pendapatan Daerah,301889499686.0,2023-09-01
2023,10,Papua Tengah,Total Pendapatan Daerah,233872308975.0,2023-10-01
2023,11,Papua Tengah,Total Pendapatan Daerah,0.0,2023-11-01
2023,12,Papua Tengah,Total Pendapatan Daerah,793151436617.7998,2023-12-01
2024,1,Papua Tengah,Total Pendapatan Daerah,181838325827.0,2024-01-01
2024,2,Papua Tengah,Total Pendapatan Daerah,34853042392.0,2024-02-01
2024,3,Papua Tengah,Total Pendapatan Daerah,147070391978.0,2024-03-01
2024,4,Papua Tengah,Total Pendapatan Daerah,1060095317445.0,2024-04-01
2024,5,Papua Tengah,Total Pendapatan Daerah,490067062732.0,2024-05-01
2024,6,Papua Tengah,Total Pendapatan Daerah,0.0,2024-06-01
2024,7,Papua Tengah,Total Pendapatan Daerah,965564122821.0,2024-07-01
2024,8,Papua Tengah,Total Pendapatan Daerah,79787576520.0,2024-08-01
2024,9,Papua Tengah,Total Pendapatan Daerah,225721110985.0,2024-09-01
2024,10,Papua Tengah,Total Pendapatan Daerah,839676806689.0,2024-10-01
2024,11,Papua Tengah,Total Pendapatan Daerah,236431780782.0,2024-11-01
2024,12,Papua Tengah,Total Pendapatan Daerah,477242428694.5,2024-12-01
2025,1,Papua Tengah,Total Pendapatan Daerah,186559883858.0,2025-01-01
2025,2,Papua Tengah,Total Pendapatan Daerah,96974811948.0,2025-02-01
2025,3,Papua Tengah,Total Pendapatan Daerah,183087439776.0,2025-03-01
2025,4,Papua Tengah,Total Pendapatan Daerah,1263214507280.0,2025-04-01
2025,5,Papua Tengah,Total Pendapatan Daerah,193626072888.0,2025-05-01
2025,6,Papua Tengah,Total Pendapatan Daerah,0.0,2025-06-01
2025,7,Papua Tengah,Total Pendapatan Daerah,982672300409.8999,2025-07-01
2025,8,Papua Tengah,Total Pendapatan Daerah,223228028434.2002,2025-08-01
2025,9,Papua Tengah,Total Pendapatan Daerah,277764852536.0,2025-09-01
2025,10,Papua Tengah,Total Pendapatan Daerah,373147522331.0,2025-10-01
2025,11,Papua Tengah,Total Pendapatan Daerah,189433302154.5,2025-11-01
2025,12,Papua Tengah,Total Pendapatan Daerah,452454451299.0,2025-12-01
2023,1,Papua Tengah,Transfer ke Daerah dan Dana Desa (TKDD),91189926400.0,2023-01-01
2023,2,Papua Tengah,Transfer ke Daerah dan Dana Desa (TKDD),60272945000.0,2023-02-01
2023,3,Papua Tengah,Transfer ke Daerah dan Dana Desa (TKDD),46981969800.0,2023-03-01
2023,4,Papua Tengah,Transfer ke Daerah dan Dana Desa (TKDD),63174768500.0,2023-04-01
2023,5,Papua Tengah,Transfer ke Daerah dan Dana Desa (TKDD),0.0,2023-05-01
2023,6,Papua Tengah,Transfer ke Daerah dan Dana Desa (TKDD),13217674450.0,2023-06-01
2023,7,Papua Tengah,Transfer ke Daerah dan Dana Desa (TKDD),254744349310.0,2023-07-01
2023,8,Papua Tengah,Transfer ke Daerah dan Dana Desa (TKDD),38851553750.0,2023-08-01
2023,9,Papua Tengah,Transfer ke Daerah dan Dana Desa (TKDD),89100382750.0,2023-09-01
2023,10,Papua Tengah,Transfer ke Daerah dan Dana Desa (TKDD),176803456550.0,2023-10-01
2023,11,Papua Tengah,Transfer ke Daerah dan Dana Desa (TKDD),0.0,2023-11-01
2023,12,Papua Tengah,Transfer ke Daerah dan Dana Desa (TKDD),625901934412.0,2023-12-01
2024,1,Papua Tengah,Transfer ke Daerah dan Dana Desa (TKDD),143593028000.0,2024-01-01
2024,2,Papua Tengah,Transfer ke Daerah dan Dana Desa (TKDD),0.0,2024-02-01
2024,3,Papua Tengah,Transfer ke Daerah dan Dana Desa (TKDD),109374105750.0,2024-03-01
2024,4,Papua Tengah,Transfer ke Daerah dan Dana Desa (TKDD),169783011250.0,2024-04-01
2024,5,Papua Tengah,Transfer ke Daerah dan Dana Desa (TKDD),413658642400.0,2024-05-01
2024,6,Papua Tengah,Transfer ke Daerah dan Dana Desa (TKDD),0.0,2024-06-01
2024,7,Papua Tengah,Transfer ke Daerah dan Dana Desa (TKDD),752946428122.0,2024-07-01
2024,8,Papua Tengah,Transfer ke Daerah dan Dana Desa (TKDD),39871081000.0,2024-08-01
2024,9,Papua Tengah,Transfer ke Daerah dan Dana Desa (TKDD),144533320254.0,2024-09-01
2024,10,Papua Tengah,Transfer ke Daerah dan Dana Desa (TKDD),773833447699.0,2024-10-01
2024,11,Papua Tengah,Transfer ke Daerah dan Dana Desa (TKDD),193552711970.0,2024-11-01
2024,12,Papua Tengah,Transfer ke Daerah dan Dana Desa (TKDD),394458829517.0,2024-12-01
2025,1,Papua Tengah,Transfer ke Daerah dan Dana Desa (TKDD),151368751500.0,2025-01-01
2025,2,Papua Tengah,Transfer ke Daerah dan Dana Desa (TKDD),64666153200.0,2025-02-01
2025,3,Papua Tengah,Transfer ke Daerah dan Dana Desa (TKDD),150380232750.0,2025-03-01
2025,4,Papua Tengah,Transfer ke Daerah dan Dana Desa (TKDD),69525134430.0,2025-04-01
2025,5,Papua Tengah,Transfer ke Daerah dan Dana Desa (TKDD),150427727450.0,2025-05-01
2025,6,Papua Tengah,Transfer ke Daerah dan Dana Desa (TKDD),0.0,2025-06-01
2025,7,Papua Tengah,Transfer ke Daerah dan Dana Desa (TKDD),830169423549.0,2025-07-01
2025,8,Papua Tengah,Transfer ke Daerah dan Dana Desa (TKDD),183455306981.0,2025-08-01
2025,9,Papua Tengah,Transfer ke Daerah dan Dana Desa (TKDD),201312141900.0,2025-09-01
2025,10,Papua Tengah,Transfer ke Daerah dan Dana Desa (TKDD),365599082400.0,2025-10-01
2025,11,Papua Tengah,Transfer ke Daerah dan Dana Desa (TKDD),151591089000.0,2025-11-01
2025,12,Papua Tengah,Transfer ke Daerah dan Dana Desa (TKDD),400964250808.0,2025-12-01
2021,1,Riau,Belanja Modal,1018455078253.0,2021-01-01
2021,2,Riau,Belanja Modal,0.0,2021-02-01
2021,3,Riau,Belanja Modal,0.0,2021-03-01
2021,4,Riau,Belanja Modal,0.0,2021-04-01
2021,5,Riau,Belanja Modal,0.0,2021-05-01
2021,6,Riau,Belanja Modal,0.0,2021-06-01
2021,7,Riau,Belanja Modal,0.0,2021-07-01
2021,8,Riau,Belanja Modal,0.0,2021-08-01
2021,9,Riau,Belanja Modal,0.0,2021-09-01
2021,10,Riau,Belanja Modal,0.0,2021-10-01
2021,11,Riau,Belanja Modal,0.0,2021-11-01
2021,12,Riau,Belanja Modal,0.0,2021-12-01
2022,1,Riau,Belanja Modal,1508534414100.6,2022-01-01
2022,2,Riau,Belanja Modal,0.0,2022-02-01
2022,3,Riau,Belanja Modal,0.0,2022-03-01
2022,4,Riau,Belanja Modal,0.0,2022-04-01
2022,5,Riau,Belanja Modal,0.0,2022-05-01
2022,6,Riau,Belanja Modal,0.0,2022-06-01
2022,7,Riau,Belanja Modal,0.0,2022-07-01
2022,8,Riau,Belanja Modal,0.0,2022-08-01
2022,9,Riau,Belanja Modal,0.0,2022-09-01
2022,10,Riau,Belanja Modal,0.0,2022-10-01
2022,11,Riau,Belanja Modal,0.0,2022-11-01
2022,12,Riau,Belanja Modal,0.0,2022-12-01
2023,1,Riau,Belanja Modal,0.0,2023-01-01
2023,2,Riau,Belanja Modal,17842344193.0,2023-02-01
2023,3,Riau,Belanja Modal,63199621900.0,2023-03-01
2023,4,Riau,Belanja Modal,101256008824.0,2023-04-01
2023,5,Riau,Belanja Modal,0.0,2023-05-01
2023,6,Riau,Belanja Modal,132979378832.0,2023-06-01
2023,7,Riau,Belanja Modal,192415858778.0,2023-07-01
2023,8,Riau,Belanja Modal,229329457222.0,2023-08-01
2023,9,Riau,Belanja Modal,196883694205.0,2023-09-01
2023,10,Riau,Belanja Modal,232590634139.0,2023-10-01
2023,11,Riau,Belanja Modal,193735842423.0,2023-11-01
2023,12,Riau,Belanja Modal,649260083791.0,2023-12-01
2024,1,Riau,Belanja Modal,0.0,2024-01-01
2024,2,Riau,Belanja Modal,1145794270.0,2024-02-01
2024,3,Riau,Belanja Modal,16785686895.0,2024-03-01
2024,4,Riau,Belanja Modal,71748499699.0,2024-04-01
2024,5,Riau,Belanja Modal,116517908423.0,2024-05-01
2024,6,Riau,Belanja Modal,195259623680.0,2024-06-01
2024,7,Riau,Belanja Modal,221315185800.47998,2024-07-01
2024,8,Riau,Belanja Modal,227393873047.76,2024-08-01
2024,9,Riau,Belanja Modal,203674850962.76,2024-09-01
2024,10,Riau,Belanja Modal,213113369136.0,2024-10-01
2024,11,Riau,Belanja Modal,181683396625.3999,2024-11-01
2024,12,Riau,Belanja Modal,439055734482.5,2024-12-01
2025,1,Riau,Belanja Modal,0.0,2025-01-01
2025,2,Riau,Belanja Modal,1140785000.0,2025-02-01
2025,3,Riau,Belanja Modal,1053581576.0,2025-03-01
2025,4,Riau,Belanja Modal,398788800.0,2025-04-01
2025,5,Riau,Belanja Modal,1236071505.0,2025-05-01
2025,6,Riau,Belanja Modal,1384386203.0,2025-06-01
2025,7,Riau,Belanja Modal,9462149904.0,2025-07-01
2025,8,Riau,Belanja Modal,55371099146.509995,2025-08-01
2025,9,Riau,Belanja Modal,96654260872.58,2025-09-01
2025,10,Riau,Belanja Modal,194032335721.67,2025-10-01
2025,11,Riau,Belanja Modal,71307294907.0,2025-11-01
2025,12,Riau,Belanja Modal,252402488902.75,2025-12-01
2021,1,Riau,Pendapatan Asli Daerah (PAD),4050468561143.0,2021-01-01
2021,2,Riau,Pendapatan Asli Daerah (PAD),0.0,2021-02-01
2021,3,Riau,Pendapatan Asli Daerah (PAD),0.0,2021-03-01
2021,4,Riau,Pendapatan Asli Daerah (PAD),0.0,2021-04-01
2021,5,Riau,Pendapatan Asli Daerah (PAD),0.0,2021-05-01
2021,6,Riau,Pendapatan Asli Daerah (PAD),0.0,2021-06-01
2021,7,Riau,Pendapatan Asli Daerah (PAD),0.0,2021-07-01
2021,8,Riau,Pendapatan Asli Daerah (PAD),0.0,2021-08-01
2021,9,Riau,Pendapatan Asli Daerah (PAD),0.0,2021-09-01
2021,10,Riau,Pendapatan Asli Daerah (PAD),0.0,2021-10-01
2021,11,Riau,Pendapatan Asli Daerah (PAD),0.0,2021-11-01
2021,12,Riau,Pendapatan Asli Daerah (PAD),0.0,2021-12-01
2022,1,Riau,Pendapatan Asli Daerah (PAD),4696769079910.2,2022-01-01
2022,2,Riau,Pendapatan Asli Daerah (PAD),0.0,2022-02-01
2022,3,Riau,Pendapatan Asli Daerah (PAD),0.0,2022-03-01
2022,4,Riau,Pendapatan Asli Daerah (PAD),0.0,2022-04-01
2022,5,Riau,Pendapatan Asli Daerah (PAD),0.0,2022-05-01
2022,6,Riau,Pendapatan Asli Daerah (PAD),0.0,2022-06-01
2022,7,Riau,Pendapatan Asli Daerah (PAD),0.0,2022-07-01
2022,8,Riau,Pendapatan Asli Daerah (PAD),0.0,2022-08-01
2022,9,Riau,Pendapatan Asli Daerah (PAD),0.0,2022-09-01
2022,10,Riau,Pendapatan Asli Daerah (PAD),0.0,2022-10-01
2022,11,Riau,Pendapatan Asli Daerah (PAD),0.0,2022-11-01
2022,12,Riau,Pendapatan Asli Daerah (PAD),0.0,2022-12-01
2023,1,Riau,Pendapatan Asli Daerah (PAD),379353122169.22,2023-01-01
2023,2,Riau,Pendapatan Asli Daerah (PAD),344437872860.62,2023-02-01
2023,3,Riau,Pendapatan Asli Daerah (PAD),377331726149.4601,2023-03-01
2023,4,Riau,Pendapatan Asli Daerah (PAD),548594321432.09985,2023-04-01
2023,5,Riau,Pendapatan Asli Daerah (PAD),0.0,2023-05-01
2023,6,Riau,Pendapatan Asli Daerah (PAD),320790594465.1001,2023-06-01
2023,7,Riau,Pendapatan Asli Daerah (PAD),463113971156.5,2023-07-01
2023,8,Riau,Pendapatan Asli Daerah (PAD),403844415456.2998,2023-08-01
2023,9,Riau,Pendapatan Asli Daerah (PAD),330323030599.9004,2023-09-01
2023,10,Riau,Pendapatan Asli Daerah (PAD),511830691488.0996,2023-10-01
2023,11,Riau,Pendapatan Asli Daerah (PAD),348840766202.7002,2023-11-01
2023,12,Riau,Pendapatan Asli Daerah (PAD),1347965138776.7002,2023-12-01
2024,1,Riau,Pendapatan Asli Daerah (PAD),360071369002.16,2024-01-01
2024,2,Riau,Pendapatan Asli Daerah (PAD),310413398530.2601,2024-02-01
2024,3,Riau,Pendapatan Asli Daerah (PAD),313770667492.72,2024-03-01
2024,4,Riau,Pendapatan Asli Daerah (PAD),528630009791.2599,2024-04-01
2024,5,Riau,Pendapatan Asli Daerah (PAD),818885570723.3003,2024-05-01
2024,6,Riau,Pendapatan Asli Daerah (PAD),257986750167.0996,2024-06-01
2024,7,Riau,Pendapatan Asli Daerah (PAD),635965569753.4004,2024-07-01
2024,8,Riau,Pendapatan Asli Daerah (PAD),383596915828.2998,2024-08-01
2024,9,Riau,Pendapatan Asli Daerah (PAD),348842535737.6001,2024-09-01
2024,10,Riau,Pendapatan Asli Daerah (PAD),486422434321.8003,2024-10-01
2024,11,Riau,Pendapatan Asli Daerah (PAD),349094378841.0,2024-11-01
2024,12,Riau,Pendapatan Asli Daerah (PAD),638429638547.2998,2024-12-01
2025,1,Riau,Pendapatan Asli Daerah (PAD),247093035748.76,2025-01-01
2025,2,Riau,Pendapatan Asli Daerah (PAD),217852669375.46997,2025-02-01
2025,3,Riau,Pendapatan Asli Daerah (PAD),351459999079.8301,2025-03-01
2025,4,Riau,Pendapatan Asli Daerah (PAD),464551761931.1399,2025-04-01
2025,5,Riau,Pendapatan Asli Daerah (PAD),378715670080.40015,2025-05-01
2025,6,Riau,Pendapatan Asli Daerah (PAD),279308343414.5,2025-06-01
2025,7,Riau,Pendapatan Asli Daerah (PAD),467273625665.8999,2025-07-01
2025,8,Riau,Pendapatan Asli Daerah (PAD),328883212880.7998,2025-08-01
2025,9,Riau,Pendapatan Asli Daerah (PAD),339206876056.0,2025-09-01
2025,10,Riau,Pendapatan Asli Daerah (PAD),413686235892.7002,2025-10-01
2025,11,Riau,Pendapatan Asli Daerah (PAD),290340711545.8999,2025-11-01
2025,12,Riau,Pendapatan Asli Daerah (PAD),466193977738.0,2025-12-01
2021,1,Riau,Total Belanja Daerah,8931704166450.0,2021-01-01
2021,2,Riau,Total Belanja Daerah,0.0,2021-02-01
2021,3,Riau,Total Belanja Daerah,0.0,2021-03-01
2021,4,Riau,Total Belanja Daerah,0.0,2021-04-01
2021,5,Riau,Total Belanja Daerah,0.0,2021-05-01
2021,6,Riau,Total Belanja Daerah,0.0,2021-06-01
2021,7,Riau,Total Belanja Daerah,0.0,2021-07-01
2021,8,Riau,Total Belanja Daerah,0.0,2021-08-01
2021,9,Riau,Total Belanja Daerah,0.0,2021-09-01
2021,10,Riau,Total Belanja Daerah,0.0,2021-10-01
2021,11,Riau,Total Belanja Daerah,0.0,2021-11-01
2021,12,Riau,Total Belanja Daerah,0.0,2021-12-01
2022,1,Riau,Total Belanja Daerah,9102467422821.4,2022-01-01
2022,2,Riau,Total Belanja Daerah,0.0,2022-02-01
2022,3,Riau,Total Belanja Daerah,0.0,2022-03-01
2022,4,Riau,Total Belanja Daerah,0.0,2022-04-01
2022,5,Riau,Total Belanja Daerah,0.0,2022-05-01
2022,6,Riau,Total Belanja Daerah,0.0,2022-06-01
2022,7,Riau,Total Belanja Daerah,0.0,2022-07-01
2022,8,Riau,Total Belanja Daerah,0.0,2022-08-01
2022,9,Riau,Total Belanja Daerah,0.0,2022-09-01
2022,10,Riau,Total Belanja Daerah,0.0,2022-10-01
2022,11,Riau,Total Belanja Daerah,0.0,2022-11-01
2022,12,Riau,Total Belanja Daerah,0.0,2022-12-01
2023,1,Riau,Total Belanja Daerah,117877524543.0,2023-01-01
2023,2,Riau,Total Belanja Daerah,242715030230.0,2023-02-01
2023,3,Riau,Total Belanja Daerah,665609122985.0,2023-03-01
2023,4,Riau,Total Belanja Daerah,1179999735489.0,2023-04-01
2023,5,Riau,Total Belanja Daerah,0.0,2023-05-01
2023,6,Riau,Total Belanja Daerah,686685336433.0,2023-06-01
2023,7,Riau,Total Belanja Daerah,913518743655.0,2023-07-01
2023,8,Riau,Total Belanja Daerah,1086973140071.0,2023-08-01
2023,9,Riau,Total Belanja Daerah,793725404719.0,2023-09-01
2023,10,Riau,Total Belanja Daerah,787057403027.0,2023-10-01
2023,11,Riau,Total Belanja Daerah,957008908333.0,2023-11-01
2023,12,Riau,Total Belanja Daerah,2436514236372.0,2023-12-01
2024,1,Riau,Total Belanja Daerah,200684001366.0,2024-01-01
2024,2,Riau,Total Belanja Daerah,352512546949.0,2024-02-01
2024,3,Riau,Total Belanja Daerah,492904694571.0,2024-03-01
2024,4,Riau,Total Belanja Daerah,992807249402.0,2024-04-01
2024,5,Riau,Total Belanja Daerah,841130401279.5,2024-05-01
2024,6,Riau,Total Belanja Daerah,1109156134700.5,2024-06-01
2024,7,Riau,Total Belanja Daerah,879760981238.5996,2024-07-01
2024,8,Riau,Total Belanja Daerah,1081913181062.8008,2024-08-01
2024,9,Riau,Total Belanja Daerah,640544616958.6992,2024-09-01
2024,10,Riau,Total Belanja Daerah,847466213106.7002,2024-10-01
2024,11,Riau,Total Belanja Daerah,763906439864.4004,2024-11-01
2024,12,Riau,Total Belanja Daerah,1383841976130.999,2024-12-01
2025,1,Riau,Total Belanja Daerah,270759693119.0,2025-01-01
2025,2,Riau,Total Belanja Daerah,294549303084.0,2025-02-01
2025,3,Riau,Total Belanja Daerah,592703373119.0,2025-03-01
2025,4,Riau,Total Belanja Daerah,273467455170.0,2025-04-01
2025,5,Riau,Total Belanja Daerah,555542651580.0,2025-05-01
2025,6,Riau,Total Belanja Daerah,929075490203.0,2025-06-01
2025,7,Riau,Total Belanja Daerah,549167125865.0,2025-07-01
2025,8,Riau,Total Belanja Daerah,880445449893.3999,2025-08-01
2025,9,Riau,Total Belanja Daerah,668782909575.3999,2025-09-01
2025,10,Riau,Total Belanja Daerah,549925383261.0,2025-10-01
2025,11,Riau,Total Belanja Daerah,1033769165592.6006,2025-11-01
2025,12,Riau,Total Belanja Daerah,1137617804130.0,2025-12-01
2021,1,Riau,Total Pendapatan Daerah,9383001507905.0,2021-01-01
2021,2,Riau,Total Pendapatan Daerah,0.0,2021-02-01
2021,3,Riau,Total Pendapatan Daerah,0.0,2021-03-01
2021,4,Riau,Total Pendapatan Daerah,0.0,2021-04-01
2021,5,Riau,Total Pendapatan Daerah,0.0,2021-05-01
2021,6,Riau,Total Pendapatan Daerah,0.0,2021-06-01
2021,7,Riau,Total Pendapatan Daerah,0.0,2021-07-01
2021,8,Riau,Total Pendapatan Daerah,0.0,2021-08-01
2021,9,Riau,Total Pendapatan Daerah,0.0,2021-09-01
2021,10,Riau,Total Pendapatan Daerah,0.0,2021-10-01
2021,11,Riau,Total Pendapatan Daerah,0.0,2021-11-01
2021,12,Riau,Total Pendapatan Daerah,0.0,2021-12-01
2022,1,Riau,Total Pendapatan Daerah,8818669764115.2,2022-01-01
2022,2,Riau,Total Pendapatan Daerah,0.0,2022-02-01
2022,3,Riau,Total Pendapatan Daerah,0.0,2022-03-01
2022,4,Riau,Total Pendapatan Daerah,0.0,2022-04-01
2022,5,Riau,Total Pendapatan Daerah,0.0,2022-05-01
2022,6,Riau,Total Pendapatan Daerah,0.0,2022-06-01
2022,7,Riau,Total Pendapatan Daerah,0.0,2022-07-01
2022,8,Riau,Total Pendapatan Daerah,0.0,2022-08-01
2022,9,Riau,Total Pendapatan Daerah,0.0,2022-09-01
2022,10,Riau,Total Pendapatan Daerah,0.0,2022-10-01
2022,11,Riau,Total Pendapatan Daerah,0.0,2022-11-01
2022,12,Riau,Total Pendapatan Daerah,0.0,2022-12-01
2023,1,Riau,Total Pendapatan Daerah,529764546769.22,2023-01-01
2023,2,Riau,Total Pendapatan Daerah,546616584260.5801,2023-02-01
2023,3,Riau,Total Pendapatan Daerah,597560718777.5,2023-03-01
2023,4,Riau,Total Pendapatan Daerah,988585123178.0999,2023-04-01
2023,5,Riau,Total Pendapatan Daerah,0.0,2023-05-01
2023,6,Riau,Total Pendapatan Daerah,637179416183.1001,2023-06-01
2023,7,Riau,Total Pendapatan Daerah,748966719406.5,2023-07-01
2023,8,Riau,Total Pendapatan Daerah,638606889506.2998,2023-08-01
2023,9,Riau,Total Pendapatan Daerah,791312399187.9004,2023-09-01
2023,10,Riau,Total Pendapatan Daerah,1118544028151.0996,2023-10-01
2023,11,Riau,Total Pendapatan Daerah,685251300157.7002,2023-11-01
2023,12,Riau,Total Pendapatan Daerah,1902030412723.6992,2023-12-01
2024,1,Riau,Total Pendapatan Daerah,581047478602.16,2024-01-01
2024,2,Riau,Total Pendapatan Daerah,479351187371.24,2024-02-01
2024,3,Riau,Total Pendapatan Daerah,731297838444.7001,2024-03-01
2024,4,Riau,Total Pendapatan Daerah,981866819056.3999,2024-04-01
2024,5,Riau,Total Pendapatan Daerah,1105161549285.2002,2024-05-01
2024,6,Riau,Total Pendapatan Daerah,760581957121.0996,2024-06-01
2024,7,Riau,Total Pendapatan Daerah,859275524482.4004,2024-07-01
2024,8,Riau,Total Pendapatan Daerah,861958282753.2998,2024-08-01
2024,9,Riau,Total Pendapatan Daerah,696071499379.5996,2024-09-01
2024,10,Riau,Total Pendapatan Daerah,956564836335.8008,2024-10-01
2024,11,Riau,Total Pendapatan Daerah,714522933505.0,2024-11-01
2024,12,Riau,Total Pendapatan Daerah,771859839892.2988,2024-12-01
2025,1,Riau,Total Pendapatan Daerah,504594823748.76,2025-01-01
2025,2,Riau,Total Pendapatan Daerah,643133114175.44,2025-02-01
2025,3,Riau,Total Pendapatan Daerah,528674845267.90015,2025-03-01
2025,4,Riau,Total Pendapatan Daerah,726918737155.1001,2025-04-01
2025,5,Riau,Total Pendapatan Daerah,622259923580.3999,2025-05-01
2025,6,Riau,Total Pendapatan Daerah,767702887414.5,2025-06-01
2025,7,Riau,Total Pendapatan Daerah,667925844665.8999,2025-07-01
2025,8,Riau,Total Pendapatan Daerah,811245317480.7998,2025-08-01
2025,9,Riau,Total Pendapatan Daerah,804233465442.0,2025-09-01
2025,10,Riau,Total Pendapatan Daerah,775233713992.7002,2025-10-01
2025,11,Riau,Total Pendapatan Daerah,701961965645.9004,2025-11-01
2025,12,Riau,Total Pendapatan Daerah,737967525996.0,2025-12-01
2021,1,Riau,Transfer ke Daerah dan Dana Desa (TKDD),5324745236758.0,2021-01-01
2021,2,Riau,Transfer ke Daerah dan Dana Desa (TKDD),0.0,2021-02-01
2021,3,Riau,Transfer ke Daerah dan Dana Desa (TKDD),0.0,2021-03-01
2021,4,Riau,Transfer ke Daerah dan Dana Desa (TKDD),0.0,2021-04-01
2021,5,Riau,Transfer ke Daerah dan Dana Desa (TKDD),0.0,2021-05-01
2021,6,Riau,Transfer ke Daerah dan Dana Desa (TKDD),0.0,2021-06-01
2021,7,Riau,Transfer ke Daerah dan Dana Desa (TKDD),0.0,2021-07-01
2021,8,Riau,Transfer ke Daerah dan Dana Desa (TKDD),0.0,2021-08-01
2021,9,Riau,Transfer ke Daerah dan Dana Desa (TKDD),0.0,2021-09-01
2021,10,Riau,Transfer ke Daerah dan Dana Desa (TKDD),0.0,2021-10-01
2021,11,Riau,Transfer ke Daerah dan Dana Desa (TKDD),0.0,2021-11-01
2021,12,Riau,Transfer ke Daerah dan Dana Desa (TKDD),0.0,2021-12-01
2022,1,Riau,Transfer ke Daerah dan Dana Desa (TKDD),4113106484205.0,2022-01-01
2022,2,Riau,Transfer ke Daerah dan Dana Desa (TKDD),0.0,2022-02-01
2022,3,Riau,Transfer ke Daerah dan Dana Desa (TKDD),0.0,2022-03-01
2022,4,Riau,Transfer ke Daerah dan Dana Desa (TKDD),0.0,2022-04-01
2022,5,Riau,Transfer ke Daerah dan Dana Desa (TKDD),0.0,2022-05-01
2022,6,Riau,Transfer ke Daerah dan Dana Desa (TKDD),0.0,2022-06-01
2022,7,Riau,Transfer ke Daerah dan Dana Desa (TKDD),0.0,2022-07-01
2022,8,Riau,Transfer ke Daerah dan Dana Desa (TKDD),0.0,2022-08-01
2022,9,Riau,Transfer ke Daerah dan Dana Desa (TKDD),0.0,2022-09-01
2022,10,Riau,Transfer ke Daerah dan Dana Desa (TKDD),0.0,2022-10-01
2022,11,Riau,Transfer ke Daerah dan Dana Desa (TKDD),0.0,2022-11-01
2022,12,Riau,Transfer ke Daerah dan Dana Desa (TKDD),0.0,2022-12-01
2023,1,Riau,Transfer ke Daerah dan Dana Desa (TKDD),149859494600.0,2023-01-01
2023,2,Riau,Transfer ke Daerah dan Dana Desa (TKDD),201706881400.0,2023-02-01
2023,3,Riau,Transfer ke Daerah dan Dana Desa (TKDD),219686752628.0,2023-03-01
2023,4,Riau,Transfer ke Daerah dan Dana Desa (TKDD),439537651746.0,2023-04-01
2023,5,Riau,Transfer ke Daerah dan Dana Desa (TKDD),0.0,2023-05-01
2023,6,Riau,Transfer ke Daerah dan Dana Desa (TKDD),315171326718.0,2023-06-01
2023,7,Riau,Transfer ke Daerah dan Dana Desa (TKDD),284632883250.0,2023-07-01
2023,8,Riau,Transfer ke Daerah dan Dana Desa (TKDD),233696924050.0,2023-08-01
2023,9,Riau,Transfer ke Daerah dan Dana Desa (TKDD),460259533588.0,2023-09-01
2023,10,Riau,Transfer ke Daerah dan Dana Desa (TKDD),605988281663.0,2023-10-01
2023,11,Riau,Transfer ke Daerah dan Dana Desa (TKDD),335671218955.0,2023-11-01
2023,12,Riau,Transfer ke Daerah dan Dana Desa (TKDD),553290958947.0,2023-12-01
2024,1,Riau,Transfer ke Daerah dan Dana Desa (TKDD),220504829600.0,2024-01-01
2024,2,Riau,Transfer ke Daerah dan Dana Desa (TKDD),168544348841.0,2024-02-01
2024,3,Riau,Transfer ke Daerah dan Dana Desa (TKDD),417086230952.0,2024-03-01
2024,4,Riau,Transfer ke Daerah dan Dana Desa (TKDD),452854139265.0,2024-04-01
2024,5,Riau,Transfer ke Daerah dan Dana Desa (TKDD),285755118562.0,2024-05-01
2024,6,Riau,Transfer ke Daerah dan Dana Desa (TKDD),502558142034.0,2024-06-01
2024,7,Riau,Transfer ke Daerah dan Dana Desa (TKDD),220683992649.0,2024-07-01
2024,8,Riau,Transfer ke Daerah dan Dana Desa (TKDD),477585985925.0,2024-08-01
2024,9,Riau,Transfer ke Daerah dan Dana Desa (TKDD),346491312642.0,2024-09-01
2024,10,Riau,Transfer ke Daerah dan Dana Desa (TKDD),469619672014.0,2024-10-01
2024,11,Riau,Transfer ke Daerah dan Dana Desa (TKDD),364983544664.0,2024-11-01
2024,12,Riau,Transfer ke Daerah dan Dana Desa (TKDD),131957008345.0,2024-12-01
2025,1,Riau,Transfer ke Daerah dan Dana Desa (TKDD),257118868000.0,2025-01-01
2025,2,Riau,Transfer ke Daerah dan Dana Desa (TKDD),424854794800.0,2025-02-01
2025,3,Riau,Transfer ke Daerah dan Dana Desa (TKDD),176735806188.0,2025-03-01
2025,4,Riau,Transfer ke Daerah dan Dana Desa (TKDD),261983075224.0,2025-04-01
2025,5,Riau,Transfer ke Daerah dan Dana Desa (TKDD),243048223500.0,2025-05-01
2025,6,Riau,Transfer ke Daerah dan Dana Desa (TKDD),487945804000.0,2025-06-01
2025,7,Riau,Transfer ke Daerah dan Dana Desa (TKDD),199623929000.0,2025-07-01
2025,8,Riau,Transfer ke Daerah dan Dana Desa (TKDD),481326024600.0,2025-08-01
2025,9,Riau,Transfer ke Daerah dan Dana Desa (TKDD),463986979386.0,2025-09-01
2025,10,Riau,Transfer ke Daerah dan Dana Desa (TKDD),360518268100.0,2025-10-01
2025,11,Riau,Transfer ke Daerah dan Dana Desa (TKDD),410618204100.0,2025-11-01
2025,12,Riau,Transfer ke Daerah dan Dana Desa (TKDD),270963568258.0,2025-12-01
2021,1,Sulawesi Barat,Belanja Modal,402867597767.42,2021-01-01
2021,2,Sulawesi Barat,Belanja Modal,0.0,2021-02-01
2021,3,Sulawesi Barat,Belanja Modal,0.0,2021-03-01
2021,4,Sulawesi Barat,Belanja Modal,0.0,2021-04-01
2021,5,Sulawesi Barat,Belanja Modal,0.0,2021-05-01
2021,6,Sulawesi Barat,Belanja Modal,0.0,2021-06-01
2021,7,Sulawesi Barat,Belanja Modal,0.0,2021-07-01
2021,8,Sulawesi Barat,Belanja Modal,0.0,2021-08-01
2021,9,Sulawesi Barat,Belanja Modal,0.0,2021-09-01
2021,10,Sulawesi Barat,Belanja Modal,0.0,2021-10-01
2021,11,Sulawesi Barat,Belanja Modal,0.0,2021-11-01
2021,12,Sulawesi Barat,Belanja Modal,0.0,2021-12-01
2022,1,Sulawesi Barat,Belanja Modal,547546846841.0,2022-01-01
2022,2,Sulawesi Barat,Belanja Modal,0.0,2022-02-01
2022,3,Sulawesi Barat,Belanja Modal,0.0,2022-03-01
2022,4,Sulawesi Barat,Belanja Modal,0.0,2022-04-01
2022,5,Sulawesi Barat,Belanja Modal,0.0,2022-05-01
2022,6,Sulawesi Barat,Belanja Modal,0.0,2022-06-01
2022,7,Sulawesi Barat,Belanja Modal,0.0,2022-07-01
2022,8,Sulawesi Barat,Belanja Modal,0.0,2022-08-01
2022,9,Sulawesi Barat,Belanja Modal,0.0,2022-09-01
2022,10,Sulawesi Barat,Belanja Modal,0.0,2022-10-01
2022,11,Sulawesi Barat,Belanja Modal,0.0,2022-11-01
2022,12,Sulawesi Barat,Belanja Modal,0.0,2022-12-01
2023,1,Sulawesi Barat,Belanja Modal,0.0,2023-01-01
2023,2,Sulawesi Barat,Belanja Modal,4538456.0,2023-02-01
2023,3,Sulawesi Barat,Belanja Modal,12009123407.0,2023-03-01
2023,4,Sulawesi Barat,Belanja Modal,9901413434.0,2023-04-01
2023,5,Sulawesi Barat,Belanja Modal,0.0,2023-05-01
2023,6,Sulawesi Barat,Belanja Modal,11304079228.0,2023-06-01
2023,7,Sulawesi Barat,Belanja Modal,18815564574.0,2023-07-01
2023,8,Sulawesi Barat,Belanja Modal,40235877379.0,2023-08-01
2023,9,Sulawesi Barat,Belanja Modal,40071426126.0,2023-09-01
2023,10,Sulawesi Barat,Belanja Modal,50769458650.0,2023-10-01
2023,11,Sulawesi Barat,Belanja Modal,53569921358.0,2023-11-01
2023,12,Sulawesi Barat,Belanja Modal,174046389457.0,2023-12-01
2024,1,Sulawesi Barat,Belanja Modal,293549666.0,2024-01-01
2024,2,Sulawesi Barat,Belanja Modal,23177533030.0,2024-02-01
2024,3,Sulawesi Barat,Belanja Modal,3898204309.0,2024-03-01
2024,4,Sulawesi Barat,Belanja Modal,9454149006.0,2024-04-01
2024,5,Sulawesi Barat,Belanja Modal,6461089917.0,2024-05-01
2024,6,Sulawesi Barat,Belanja Modal,7043056780.0,2024-06-01
2024,7,Sulawesi Barat,Belanja Modal,10286593758.0,2024-07-01
2024,8,Sulawesi Barat,Belanja Modal,34654098337.0,2024-08-01
2024,9,Sulawesi Barat,Belanja Modal,16603843438.0,2024-09-01
2024,10,Sulawesi Barat,Belanja Modal,27772747303.0,2024-10-01
2024,11,Sulawesi Barat,Belanja Modal,29935215437.0,2024-11-01
2024,12,Sulawesi Barat,Belanja Modal,45563090740.72,2024-12-01
2025,1,Sulawesi Barat,Belanja Modal,29520000.0,2025-01-01
2025,2,Sulawesi Barat,Belanja Modal,39285800.0,2025-02-01
2025,3,Sulawesi Barat,Belanja Modal,12600000.0,2025-03-01
2025,4,Sulawesi Barat,Belanja Modal,2649465700.0,2025-04-01
2025,5,Sulawesi Barat,Belanja Modal,4112213299.0,2025-05-01
2025,6,Sulawesi Barat,Belanja Modal,12974236959.0,2025-06-01
2025,7,Sulawesi Barat,Belanja Modal,28995378741.0,2025-07-01
2025,8,Sulawesi Barat,Belanja Modal,14200195557.0,2025-08-01
2025,9,Sulawesi Barat,Belanja Modal,8793002878.0,2025-09-01
2025,10,Sulawesi Barat,Belanja Modal,17190752660.0,2025-10-01
2025,11,Sulawesi Barat,Belanja Modal,14630818944.0,2025-11-01
2025,12,Sulawesi Barat,Belanja Modal,54077832180.0,2025-12-01
2021,1,Sulawesi Barat,Pendapatan Asli Daerah (PAD),407996514740.59,2021-01-01
2021,2,Sulawesi Barat,Pendapatan Asli Daerah (PAD),0.0,2021-02-01
2021,3,Sulawesi Barat,Pendapatan Asli Daerah (PAD),0.0,2021-03-01
2021,4,Sulawesi Barat,Pendapatan Asli Daerah (PAD),0.0,2021-04-01
2021,5,Sulawesi Barat,Pendapatan Asli Daerah (PAD),0.0,2021-05-01
2021,6,Sulawesi Barat,Pendapatan Asli Daerah (PAD),0.0,2021-06-01
2021,7,Sulawesi Barat,Pendapatan Asli Daerah (PAD),0.0,2021-07-01
2021,8,Sulawesi Barat,Pendapatan Asli Daerah (PAD),0.0,2021-08-01
2021,9,Sulawesi Barat,Pendapatan Asli Daerah (PAD),0.0,2021-09-01
2021,10,Sulawesi Barat,Pendapatan Asli Daerah (PAD),0.0,2021-10-01
2021,11,Sulawesi Barat,Pendapatan Asli Daerah (PAD),0.0,2021-11-01
2021,12,Sulawesi Barat,Pendapatan Asli Daerah (PAD),0.0,2021-12-01
2022,1,Sulawesi Barat,Pendapatan Asli Daerah (PAD),457411610500.39,2022-01-01
2022,2,Sulawesi Barat,Pendapatan Asli Daerah (PAD),0.0,2022-02-01
2022,3,Sulawesi Barat,Pendapatan Asli Daerah (PAD),0.0,2022-03-01
2022,4,Sulawesi Barat,Pendapatan Asli Daerah (PAD),0.0,2022-04-01
2022,5,Sulawesi Barat,Pendapatan Asli Daerah (PAD),0.0,2022-05-01
2022,6,Sulawesi Barat,Pendapatan Asli Daerah (PAD),0.0,2022-06-01
2022,7,Sulawesi Barat,Pendapatan Asli Daerah (PAD),0.0,2022-07-01
2022,8,Sulawesi Barat,Pendapatan Asli Daerah (PAD),0.0,2022-08-01
2022,9,Sulawesi Barat,Pendapatan Asli Daerah (PAD),0.0,2022-09-01
2022,10,Sulawesi Barat,Pendapatan Asli Daerah (PAD),0.0,2022-10-01
2022,11,Sulawesi Barat,Pendapatan Asli Daerah (PAD),0.0,2022-11-01
2022,12,Sulawesi Barat,Pendapatan Asli Daerah (PAD),0.0,2022-12-01
2023,1,Sulawesi Barat,Pendapatan Asli Daerah (PAD),21478912067.65,2023-01-01
2023,2,Sulawesi Barat,Pendapatan Asli Daerah (PAD),16566190970.0,2023-02-01
2023,3,Sulawesi Barat,Pendapatan Asli Daerah (PAD),29218740923.0,2023-03-01
2023,4,Sulawesi Barat,Pendapatan Asli Daerah (PAD),67884731108.99999,2023-04-01
2023,5,Sulawesi Barat,Pendapatan Asli Daerah (PAD),0.0,2023-05-01
2023,6,Sulawesi Barat,Pendapatan Asli Daerah (PAD),46758621981.860016,2023-06-01
2023,7,Sulawesi Barat,Pendapatan Asli Daerah (PAD),51171720632.94,2023-07-01
2023,8,Sulawesi Barat,Pendapatan Asli Daerah (PAD),26643985561.099976,2023-08-01
2023,9,Sulawesi Barat,Pendapatan Asli Daerah (PAD),24247299867.76001,2023-09-01
2023,10,Sulawesi Barat,Pendapatan Asli Daerah (PAD),53440405462.0,2023-10-01
2023,11,Sulawesi Barat,Pendapatan Asli Daerah (PAD),25321723737.0,2023-11-01
2023,12,Sulawesi Barat,Pendapatan Asli Daerah (PAD),75621292213.5,2023-12-01
2024,1,Sulawesi Barat,Pendapatan Asli Daerah (PAD),30770618466.0,2024-01-01
2024,2,Sulawesi Barat,Pendapatan Asli Daerah (PAD),23496792924.0,2024-02-01
2024,3,Sulawesi Barat,Pendapatan Asli Daerah (PAD),16941554401.050003,2024-03-01
2024,4,Sulawesi Barat,Pendapatan Asli Daerah (PAD),70186730143.56999,2024-04-01
2024,5,Sulawesi Barat,Pendapatan Asli Daerah (PAD),50273185911.649994,2024-05-01
2024,6,Sulawesi Barat,Pendapatan Asli Daerah (PAD),21215620327.73001,2024-06-01
2024,7,Sulawesi Barat,Pendapatan Asli Daerah (PAD),70674512506.21002,2024-07-01
2024,8,Sulawesi Barat,Pendapatan Asli Daerah (PAD),35039262496.79999,2024-08-01
2024,9,Sulawesi Barat,Pendapatan Asli Daerah (PAD),38190892664.0,2024-09-01
2024,10,Sulawesi Barat,Pendapatan Asli Daerah (PAD),62019628234.23999,2024-10-01
2024,11,Sulawesi Barat,Pendapatan Asli Daerah (PAD),27776673545.349976,2024-11-01
2024,12,Sulawesi Barat,Pendapatan Asli Daerah (PAD),57311896261.19,2024-12-01
2025,1,Sulawesi Barat,Pendapatan Asli Daerah (PAD),23882541618.0,2025-01-01
2025,2,Sulawesi Barat,Pendapatan Asli Daerah (PAD),21804970015.730003,2025-02-01
2025,3,Sulawesi Barat,Pendapatan Asli Daerah (PAD),35156260299.99999,2025-03-01
2025,4,Sulawesi Barat,Pendapatan Asli Daerah (PAD),69617238219.39,2025-04-01
2025,5,Sulawesi Barat,Pendapatan Asli Daerah (PAD),23963597392.23001,2025-05-01
2025,6,Sulawesi Barat,Pendapatan Asli Daerah (PAD),19917714087.380005,2025-06-01
2025,7,Sulawesi Barat,Pendapatan Asli Daerah (PAD),67812596555.42999,2025-07-01
2025,8,Sulawesi Barat,Pendapatan Asli Daerah (PAD),21027877985.49997,2025-08-01
2025,9,Sulawesi Barat,Pendapatan Asli Daerah (PAD),32221442389.600037,2025-09-01
2025,10,Sulawesi Barat,Pendapatan Asli Daerah (PAD),54029644766.48999,2025-10-01
2025,11,Sulawesi Barat,Pendapatan Asli Daerah (PAD),26936058116.0,2025-11-01
2025,12,Sulawesi Barat,Pendapatan Asli Daerah (PAD),55690298537.25,2025-12-01
2021,1,Sulawesi Barat,Total Belanja Daerah,1986339100172.2,2021-01-01
2021,2,Sulawesi Barat,Total Belanja Daerah,0.0,2021-02-01
2021,3,Sulawesi Barat,Total Belanja Daerah,0.0,2021-03-01
2021,4,Sulawesi Barat,Total Belanja Daerah,0.0,2021-04-01
2021,5,Sulawesi Barat,Total Belanja Daerah,0.0,2021-05-01
2021,6,Sulawesi Barat,Total Belanja Daerah,0.0,2021-06-01
2021,7,Sulawesi Barat,Total Belanja Daerah,0.0,2021-07-01
2021,8,Sulawesi Barat,Total Belanja Daerah,0.0,2021-08-01
2021,9,Sulawesi Barat,Total Belanja Daerah,0.0,2021-09-01
2021,10,Sulawesi Barat,Total Belanja Daerah,0.0,2021-10-01
2021,11,Sulawesi Barat,Total Belanja Daerah,0.0,2021-11-01
2021,12,Sulawesi Barat,Total Belanja Daerah,0.0,2021-12-01
2022,1,Sulawesi Barat,Total Belanja Daerah,2089718217226.3,2022-01-01
2022,2,Sulawesi Barat,Total Belanja Daerah,0.0,2022-02-01
2022,3,Sulawesi Barat,Total Belanja Daerah,0.0,2022-03-01
2022,4,Sulawesi Barat,Total Belanja Daerah,0.0,2022-04-01
2022,5,Sulawesi Barat,Total Belanja Daerah,0.0,2022-05-01
2022,6,Sulawesi Barat,Total Belanja Daerah,0.0,2022-06-01
2022,7,Sulawesi Barat,Total Belanja Daerah,0.0,2022-07-01
2022,8,Sulawesi Barat,Total Belanja Daerah,0.0,2022-08-01
2022,9,Sulawesi Barat,Total Belanja Daerah,0.0,2022-09-01
2022,10,Sulawesi Barat,Total Belanja Daerah,0.0,2022-10-01
2022,11,Sulawesi Barat,Total Belanja Daerah,0.0,2022-11-01
2022,12,Sulawesi Barat,Total Belanja Daerah,0.0,2022-12-01
2023,1,Sulawesi Barat,Total Belanja Daerah,86118409004.0,2023-01-01
2023,2,Sulawesi Barat,Total Belanja Daerah,56775195139.0,2023-02-01
2023,3,Sulawesi Barat,Total Belanja Daerah,77909195579.0,2023-03-01
2023,4,Sulawesi Barat,Total Belanja Daerah,148610493914.0,2023-04-01
2023,5,Sulawesi Barat,Total Belanja Daerah,0.0,2023-05-01
2023,6,Sulawesi Barat,Total Belanja Daerah,186424573924.0,2023-06-01
2023,7,Sulawesi Barat,Total Belanja Daerah,172758854469.0,2023-07-01
2023,8,Sulawesi Barat,Total Belanja Daerah,179828068941.0,2023-08-01
2023,9,Sulawesi Barat,Total Belanja Daerah,122213136135.0,2023-09-01
2023,10,Sulawesi Barat,Total Belanja Daerah,192654845895.0,2023-10-01
2023,11,Sulawesi Barat,Total Belanja Daerah,188541390890.0,2023-11-01
2023,12,Sulawesi Barat,Total Belanja Daerah,473458801158.0,2023-12-01
2024,1,Sulawesi Barat,Total Belanja Daerah,39105856223.0,2024-01-01
2024,2,Sulawesi Barat,Total Belanja Daerah,158485827707.0,2024-02-01
2024,3,Sulawesi Barat,Total Belanja Daerah,82419856602.0,2024-03-01
2024,4,Sulawesi Barat,Total Belanja Daerah,177013899319.0,2024-04-01
2024,5,Sulawesi Barat,Total Belanja Daerah,139434449716.0,2024-05-01
2024,6,Sulawesi Barat,Total Belanja Daerah,96997958287.0,2024-06-01
2024,7,Sulawesi Barat,Total Belanja Daerah,244564418194.0,2024-07-01
2024,8,Sulawesi Barat,Total Belanja Daerah,164611519809.80005,2024-08-01
2024,9,Sulawesi Barat,Total Belanja Daerah,107857118373.0,2024-09-01
2024,10,Sulawesi Barat,Total Belanja Daerah,170181772826.0,2024-10-01
2024,11,Sulawesi Barat,Total Belanja Daerah,159078327178.0,2024-11-01
2024,12,Sulawesi Barat,Total Belanja Daerah,301523262657.09985,2024-12-01
2025,1,Sulawesi Barat,Total Belanja Daerah,52109299922.0,2025-01-01
2025,2,Sulawesi Barat,Total Belanja Daerah,109776362844.0,2025-02-01
2025,3,Sulawesi Barat,Total Belanja Daerah,154082207395.0,2025-03-01
2025,4,Sulawesi Barat,Total Belanja Daerah,41022951632.0,2025-04-01
2025,5,Sulawesi Barat,Total Belanja Daerah,109501546121.0,2025-05-01
2025,6,Sulawesi Barat,Total Belanja Daerah,141359128728.0,2025-06-01
2025,7,Sulawesi Barat,Total Belanja Daerah,264532210873.0,2025-07-01
2025,8,Sulawesi Barat,Total Belanja Daerah,106317373305.0,2025-08-01
2025,9,Sulawesi Barat,Total Belanja Daerah,117648816819.0,2025-09-01
2025,10,Sulawesi Barat,Total Belanja Daerah,132240849068.8999,2025-10-01
2025,11,Sulawesi Barat,Total Belanja Daerah,189498693199.0,2025-11-01
2025,12,Sulawesi Barat,Total Belanja Daerah,289064259566.6001,2025-12-01
2021,1,Sulawesi Barat,Total Pendapatan Daerah,2024671075786.4,2021-01-01
2021,2,Sulawesi Barat,Total Pendapatan Daerah,0.0,2021-02-01
2021,3,Sulawesi Barat,Total Pendapatan Daerah,0.0,2021-03-01
2021,4,Sulawesi Barat,Total Pendapatan Daerah,0.0,2021-04-01
2021,5,Sulawesi Barat,Total Pendapatan Daerah,0.0,2021-05-01
2021,6,Sulawesi Barat,Total Pendapatan Daerah,0.0,2021-06-01
2021,7,Sulawesi Barat,Total Pendapatan Daerah,0.0,2021-07-01
2021,8,Sulawesi Barat,Total Pendapatan Daerah,0.0,2021-08-01
2021,9,Sulawesi Barat,Total Pendapatan Daerah,0.0,2021-09-01
2021,10,Sulawesi Barat,Total Pendapatan Daerah,0.0,2021-10-01
2021,11,Sulawesi Barat,Total Pendapatan Daerah,0.0,2021-11-01
2021,12,Sulawesi Barat,Total Pendapatan Daerah,0.0,2021-12-01
2022,1,Sulawesi Barat,Total Pendapatan Daerah,1894618795334.4,2022-01-01
2022,2,Sulawesi Barat,Total Pendapatan Daerah,0.0,2022-02-01
2022,3,Sulawesi Barat,Total Pendapatan Daerah,0.0,2022-03-01
2022,4,Sulawesi Barat,Total Pendapatan Daerah,0.0,2022-04-01
2022,5,Sulawesi Barat,Total Pendapatan Daerah,0.0,2022-05-01
2022,6,Sulawesi Barat,Total Pendapatan Daerah,0.0,2022-06-01
2022,7,Sulawesi Barat,Total Pendapatan Daerah,0.0,2022-07-01
2022,8,Sulawesi Barat,Total Pendapatan Daerah,0.0,2022-08-01
2022,9,Sulawesi Barat,Total Pendapatan Daerah,0.0,2022-09-01
2022,10,Sulawesi Barat,Total Pendapatan Daerah,0.0,2022-10-01
2022,11,Sulawesi Barat,Total Pendapatan Daerah,0.0,2022-11-01
2022,12,Sulawesi Barat,Total Pendapatan Daerah,0.0,2022-12-01
2023,1,Sulawesi Barat,Total Pendapatan Daerah,141519368571.65,2023-01-01
2023,2,Sulawesi Barat,Total Pendapatan Daerah,76703901610.0,2023-02-01
2023,3,Sulawesi Barat,Total Pendapatan Daerah,102761305415.00003,2023-03-01
2023,4,Sulawesi Barat,Total Pendapatan Daerah,268892428142.0,2023-04-01
2023,5,Sulawesi Barat,Total Pendapatan Daerah,0.0,2023-05-01
2023,6,Sulawesi Barat,Total Pendapatan Daerah,145326329136.86,2023-06-01
2023,7,Sulawesi Barat,Total Pendapatan Daerah,223013261612.93994,2023-07-01
2023,8,Sulawesi Barat,Total Pendapatan Daerah,111146413172.15002,2023-08-01
2023,9,Sulawesi Barat,Total Pendapatan Daerah,109881969411.70007,2023-09-01
2023,10,Sulawesi Barat,Total Pendapatan Daerah,397120591253.0,2023-10-01
2023,11,Sulawesi Barat,Total Pendapatan Daerah,107811545451.0,2023-11-01
2023,12,Sulawesi Barat,Total Pendapatan Daerah,247833549721.5,2023-12-01
2024,1,Sulawesi Barat,Total Pendapatan Daerah,172994818315.0,2024-01-01
2024,2,Sulawesi Barat,Total Pendapatan Daerah,94573716812.0,2024-02-01
2024,3,Sulawesi Barat,Total Pendapatan Daerah,94368623907.04999,2024-03-01
2024,4,Sulawesi Barat,Total Pendapatan Daerah,222481798640.57,2024-04-01
2024,5,Sulawesi Barat,Total Pendapatan Daerah,125417074995.65002,2024-05-01
2024,6,Sulawesi Barat,Total Pendapatan Daerah,54729232675.72998,2024-06-01
2024,7,Sulawesi Barat,Total Pendapatan Daerah,285679647438.19995,2024-07-01
2024,8,Sulawesi Barat,Total Pendapatan Daerah,248624067381.80005,2024-08-01
2024,9,Sulawesi Barat,Total Pendapatan Daerah,129915940234.0,2024-09-01
2024,10,Sulawesi Barat,Total Pendapatan Daerah,185250280598.19995,2024-10-01
2024,11,Sulawesi Barat,Total Pendapatan Daerah,168610291959.40015,2024-11-01
2024,12,Sulawesi Barat,Total Pendapatan Daerah,135203859316.19995,2024-12-01
2025,1,Sulawesi Barat,Total Pendapatan Daerah,210865934918.0,2025-01-01
2025,2,Sulawesi Barat,Total Pendapatan Daerah,93215046150.72998,2025-02-01
2025,3,Sulawesi Barat,Total Pendapatan Daerah,160759245738.0,2025-03-01
2025,4,Sulawesi Barat,Total Pendapatan Daerah,140027678919.39,2025-04-01
2025,5,Sulawesi Barat,Total Pendapatan Daerah,99254338706.22998,2025-05-01
2025,6,Sulawesi Barat,Total Pendapatan Daerah,97750620802.38,2025-06-01
2025,7,Sulawesi Barat,Total Pendapatan Daerah,206912034318.46997,2025-07-01
2025,8,Sulawesi Barat,Total Pendapatan Daerah,93442595338.5,2025-08-01
2025,9,Sulawesi Barat,Total Pendapatan Daerah,187204288713.6001,2025-09-01
2025,10,Sulawesi Barat,Total Pendapatan Daerah,185747965397.5,2025-10-01
2025,11,Sulawesi Barat,Total Pendapatan Daerah,157632807873.0,2025-11-01
2025,12,Sulawesi Barat,Total Pendapatan Daerah,136740302252.19995,2025-12-01
2021,1,Sulawesi Barat,Transfer ke Daerah dan Dana Desa (TKDD),1609482634440.0,2021-01-01
2021,2,Sulawesi Barat,Transfer ke Daerah dan Dana Desa (TKDD),0.0,2021-02-01
2021,3,Sulawesi Barat,Transfer ke Daerah dan Dana Desa (TKDD),0.0,2021-03-01
2021,4,Sulawesi Barat,Transfer ke Daerah dan Dana Desa (TKDD),0.0,2021-04-01
2021,5,Sulawesi Barat,Transfer ke Daerah dan Dana Desa (TKDD),0.0,2021-05-01
2021,6,Sulawesi Barat,Transfer ke Daerah dan Dana Desa (TKDD),0.0,2021-06-01
2021,7,Sulawesi Barat,Transfer ke Daerah dan Dana Desa (TKDD),0.0,2021-07-01
2021,8,Sulawesi Barat,Transfer ke Daerah dan Dana Desa (TKDD),0.0,2021-08-01
2021,9,Sulawesi Barat,Transfer ke Daerah dan Dana Desa (TKDD),0.0,2021-09-01
2021,10,Sulawesi Barat,Transfer ke Daerah dan Dana Desa (TKDD),0.0,2021-10-01
2021,11,Sulawesi Barat,Transfer ke Daerah dan Dana Desa (TKDD),0.0,2021-11-01
2021,12,Sulawesi Barat,Transfer ke Daerah dan Dana Desa (TKDD),0.0,2021-12-01
2022,1,Sulawesi Barat,Transfer ke Daerah dan Dana Desa (TKDD),1434593300534.0,2022-01-01
2022,2,Sulawesi Barat,Transfer ke Daerah dan Dana Desa (TKDD),0.0,2022-02-01
2022,3,Sulawesi Barat,Transfer ke Daerah dan Dana Desa (TKDD),0.0,2022-03-01
2022,4,Sulawesi Barat,Transfer ke Daerah dan Dana Desa (TKDD),0.0,2022-04-01
2022,5,Sulawesi Barat,Transfer ke Daerah dan Dana Desa (TKDD),0.0,2022-05-01
2022,6,Sulawesi Barat,Transfer ke Daerah dan Dana Desa (TKDD),0.0,2022-06-01
2022,7,Sulawesi Barat,Transfer ke Daerah dan Dana Desa (TKDD),0.0,2022-07-01
2022,8,Sulawesi Barat,Transfer ke Daerah dan Dana Desa (TKDD),0.0,2022-08-01
2022,9,Sulawesi Barat,Transfer ke Daerah dan Dana Desa (TKDD),0.0,2022-09-01
2022,10,Sulawesi Barat,Transfer ke Daerah dan Dana Desa (TKDD),0.0,2022-10-01
2022,11,Sulawesi Barat,Transfer ke Daerah dan Dana Desa (TKDD),0.0,2022-11-01
2022,12,Sulawesi Barat,Transfer ke Daerah dan Dana Desa (TKDD),0.0,2022-12-01
2023,1,Sulawesi Barat,Transfer ke Daerah dan Dana Desa (TKDD),119988264000.0,2023-01-01
2023,2,Sulawesi Barat,Transfer ke Daerah dan Dana Desa (TKDD),59988384000.0,2023-02-01
2023,3,Sulawesi Barat,Transfer ke Daerah dan Dana Desa (TKDD),73366772692.0,2023-03-01
2023,4,Sulawesi Barat,Transfer ke Daerah dan Dana Desa (TKDD),200834808953.0,2023-04-01
2023,5,Sulawesi Barat,Transfer ke Daerah dan Dana Desa (TKDD),0.0,2023-05-01
2023,6,Sulawesi Barat,Transfer ke Daerah dan Dana Desa (TKDD),97956750467.0,2023-06-01
2023,7,Sulawesi Barat,Transfer ke Daerah dan Dana Desa (TKDD),171488756000.0,2023-07-01
2023,8,Sulawesi Barat,Transfer ke Daerah dan Dana Desa (TKDD),84292280216.0,2023-08-01
2023,9,Sulawesi Barat,Transfer ke Daerah dan Dana Desa (TKDD),85227747793.0,2023-09-01
2023,10,Sulawesi Barat,Transfer ke Daerah dan Dana Desa (TKDD),343559085053.0,2023-10-01
2023,11,Sulawesi Barat,Transfer ke Daerah dan Dana Desa (TKDD),82178141197.0,2023-11-01
2023,12,Sulawesi Barat,Transfer ke Daerah dan Dana Desa (TKDD),171746785186.0,2023-12-01
2024,1,Sulawesi Barat,Transfer ke Daerah dan Dana Desa (TKDD),142065483600.0,2024-01-01
2024,2,Sulawesi Barat,Transfer ke Daerah dan Dana Desa (TKDD),71020433000.0,2024-02-01
2024,3,Sulawesi Barat,Transfer ke Daerah dan Dana Desa (TKDD),77371971367.0,2024-03-01
2024,4,Sulawesi Barat,Transfer ke Daerah dan Dana Desa (TKDD),152189328677.0,2024-04-01
2024,5,Sulawesi Barat,Transfer ke Daerah dan Dana Desa (TKDD),75083970354.0,2024-05-01
2024,6,Sulawesi Barat,Transfer ke Daerah dan Dana Desa (TKDD),33775354584.0,2024-06-01
2024,7,Sulawesi Barat,Transfer ke Daerah dan Dana Desa (TKDD),214623700293.0,2024-07-01
2024,8,Sulawesi Barat,Transfer ke Daerah dan Dana Desa (TKDD),213276454837.0,2024-08-01
2024,9,Sulawesi Barat,Transfer ke Daerah dan Dana Desa (TKDD),91627925713.0,2024-09-01
2024,10,Sulawesi Barat,Transfer ke Daerah dan Dana Desa (TKDD),123137714863.0,2024-10-01
2024,11,Sulawesi Barat,Transfer ke Daerah dan Dana Desa (TKDD),140739237138.0,2024-11-01
2024,12,Sulawesi Barat,Transfer ke Daerah dan Dana Desa (TKDD),55927899222.0,2024-12-01
2025,1,Sulawesi Barat,Transfer ke Daerah dan Dana Desa (TKDD),186983393300.0,2025-01-01
2025,2,Sulawesi Barat,Transfer ke Daerah dan Dana Desa (TKDD),71305351977.0,2025-02-01
2025,3,Sulawesi Barat,Transfer ke Daerah dan Dana Desa (TKDD),125497004694.0,2025-03-01
2025,4,Sulawesi Barat,Transfer ke Daerah dan Dana Desa (TKDD),70352840000.0,2025-04-01
2025,5,Sulawesi Barat,Transfer ke Daerah dan Dana Desa (TKDD),75230570700.0,2025-05-01
2025,6,Sulawesi Barat,Transfer ke Daerah dan Dana Desa (TKDD),78158932931.0,2025-06-01
2025,7,Sulawesi Barat,Transfer ke Daerah dan Dana Desa (TKDD),138631298031.0,2025-07-01
2025,8,Sulawesi Barat,Transfer ke Daerah dan Dana Desa (TKDD),72338012631.0,2025-08-01
2025,9,Sulawesi Barat,Transfer ke Daerah dan Dana Desa (TKDD),154639577733.0,2025-09-01
2025,10,Sulawesi Barat,Transfer ke Daerah dan Dana Desa (TKDD),131669770631.0,2025-10-01
2025,11,Sulawesi Barat,Transfer ke Daerah dan Dana Desa (TKDD),130651025598.0,2025-11-01
2025,12,Sulawesi Barat,Transfer ke Daerah dan Dana Desa (TKDD),81017553715.0,2025-12-01
2021,1,Sulawesi Selatan,Belanja Modal,1459719789009.0,2021-01-01
2021,2,Sulawesi Selatan,Belanja Modal,0.0,2021-02-01
2021,3,Sulawesi Selatan,Belanja Modal,0.0,2021-03-01
2021,4,Sulawesi Selatan,Belanja Modal,0.0,2021-04-01
2021,5,Sulawesi Selatan,Belanja Modal,0.0,2021-05-01
2021,6,Sulawesi Selatan,Belanja Modal,0.0,2021-06-01
2021,7,Sulawesi Selatan,Belanja Modal,0.0,2021-07-01
2021,8,Sulawesi Selatan,Belanja Modal,0.0,2021-08-01
2021,9,Sulawesi Selatan,Belanja Modal,0.0,2021-09-01
2021,10,Sulawesi Selatan,Belanja Modal,0.0,2021-10-01
2021,11,Sulawesi Selatan,Belanja Modal,0.0,2021-11-01
2021,12,Sulawesi Selatan,Belanja Modal,0.0,2021-12-01
2022,1,Sulawesi Selatan,Belanja Modal,1100866806729.3,2022-01-01
2022,2,Sulawesi Selatan,Belanja Modal,0.0,2022-02-01
2022,3,Sulawesi Selatan,Belanja Modal,0.0,2022-03-01
2022,4,Sulawesi Selatan,Belanja Modal,0.0,2022-04-01
2022,5,Sulawesi Selatan,Belanja Modal,0.0,2022-05-01
2022,6,Sulawesi Selatan,Belanja Modal,0.0,2022-06-01
2022,7,Sulawesi Selatan,Belanja Modal,0.0,2022-07-01
2022,8,Sulawesi Selatan,Belanja Modal,0.0,2022-08-01
2022,9,Sulawesi Selatan,Belanja Modal,0.0,2022-09-01
2022,10,Sulawesi Selatan,Belanja Modal,0.0,2022-10-01
2022,11,Sulawesi Selatan,Belanja Modal,0.0,2022-11-01
2022,12,Sulawesi Selatan,Belanja Modal,0.0,2022-12-01
2023,1,Sulawesi Selatan,Belanja Modal,0.0,2023-01-01
2023,2,Sulawesi Selatan,Belanja Modal,616957000.0,2023-02-01
2023,3,Sulawesi Selatan,Belanja Modal,14818496182.0,2023-03-01
2023,4,Sulawesi Selatan,Belanja Modal,48626725312.0,2023-04-01
2023,5,Sulawesi Selatan,Belanja Modal,0.0,2023-05-01
2023,6,Sulawesi Selatan,Belanja Modal,67836148845.0,2023-06-01
2023,7,Sulawesi Selatan,Belanja Modal,65268683415.0,2023-07-01
2023,8,Sulawesi Selatan,Belanja Modal,121613218233.0,2023-08-01
2023,9,Sulawesi Selatan,Belanja Modal,133081643814.39001,2023-09-01
2023,10,Sulawesi Selatan,Belanja Modal,80378891001.0,2023-10-01
2023,11,Sulawesi Selatan,Belanja Modal,77988097651.0,2023-11-01
2023,12,Sulawesi Selatan,Belanja Modal,326765211863.0,2023-12-01
2024,1,Sulawesi Selatan,Belanja Modal,106893250.0,2024-01-01
2024,2,Sulawesi Selatan,Belanja Modal,268874084.0,2024-02-01
2024,3,Sulawesi Selatan,Belanja Modal,43783268661.0,2024-03-01
2024,4,Sulawesi Selatan,Belanja Modal,112946353719.89001,2024-04-01
2024,5,Sulawesi Selatan,Belanja Modal,28844662358.0,2024-05-01
2024,6,Sulawesi Selatan,Belanja Modal,117980363128.0,2024-06-01
2024,7,Sulawesi Selatan,Belanja Modal,50902920974.0,2024-07-01
2024,8,Sulawesi Selatan,Belanja Modal,159942241304.97998,2024-08-01
2024,9,Sulawesi Selatan,Belanja Modal,124326203601.13,2024-09-01
2024,10,Sulawesi Selatan,Belanja Modal,117932622663.0,2024-10-01
2024,11,Sulawesi Selatan,Belanja Modal,76673950301.68005,2024-11-01
2024,12,Sulawesi Selatan,Belanja Modal,450566147329.71985,2024-12-01
2025,1,Sulawesi Selatan,Belanja Modal,0.0,2025-01-01
2025,2,Sulawesi Selatan,Belanja Modal,39803750.0,2025-02-01
2025,3,Sulawesi Selatan,Belanja Modal,205039200.0,2025-03-01
2025,4,Sulawesi Selatan,Belanja Modal,286930000.0,2025-04-01
2025,5,Sulawesi Selatan,Belanja Modal,221434500.0,2025-05-01
2025,6,Sulawesi Selatan,Belanja Modal,34600000.0,2025-06-01
2025,7,Sulawesi Selatan,Belanja Modal,14247163134.0,2025-07-01
2025,8,Sulawesi Selatan,Belanja Modal,24584819877.0,2025-08-01
2025,9,Sulawesi Selatan,Belanja Modal,17516060045.0,2025-09-01
2025,10,Sulawesi Selatan,Belanja Modal,49577812942.0,2025-10-01
2025,11,Sulawesi Selatan,Belanja Modal,112745274712.5,2025-11-01
2025,12,Sulawesi Selatan,Belanja Modal,204891639769.0,2025-12-01
2021,1,Sulawesi Selatan,Pendapatan Asli Daerah (PAD),4469113381188.0,2021-01-01
2021,2,Sulawesi Selatan,Pendapatan Asli Daerah (PAD),0.0,2021-02-01
2021,3,Sulawesi Selatan,Pendapatan Asli Daerah (PAD),0.0,2021-03-01
2021,4,Sulawesi Selatan,Pendapatan Asli Daerah (PAD),0.0,2021-04-01
2021,5,Sulawesi Selatan,Pendapatan Asli Daerah (PAD),0.0,2021-05-01
2021,6,Sulawesi Selatan,Pendapatan Asli Daerah (PAD),0.0,2021-06-01
2021,7,Sulawesi Selatan,Pendapatan Asli Daerah (PAD),0.0,2021-07-01
2021,8,Sulawesi Selatan,Pendapatan Asli Daerah (PAD),0.0,2021-08-01
2021,9,Sulawesi Selatan,Pendapatan Asli Daerah (PAD),0.0,2021-09-01
2021,10,Sulawesi Selatan,Pendapatan Asli Daerah (PAD),0.0,2021-10-01
2021,11,Sulawesi Selatan,Pendapatan Asli Daerah (PAD),0.0,2021-11-01
2021,12,Sulawesi Selatan,Pendapatan Asli Daerah (PAD),0.0,2021-12-01
2022,1,Sulawesi Selatan,Pendapatan Asli Daerah (PAD),4865959663141.1,2022-01-01
2022,2,Sulawesi Selatan,Pendapatan Asli Daerah (PAD),0.0,2022-02-01
2022,3,Sulawesi Selatan,Pendapatan Asli Daerah (PAD),0.0,2022-03-01
2022,4,Sulawesi Selatan,Pendapatan Asli Daerah (PAD),0.0,2022-04-01
2022,5,Sulawesi Selatan,Pendapatan Asli Daerah (PAD),0.0,2022-05-01
2022,6,Sulawesi Selatan,Pendapatan Asli Daerah (PAD),0.0,2022-06-01
2022,7,Sulawesi Selatan,Pendapatan Asli Daerah (PAD),0.0,2022-07-01
2022,8,Sulawesi Selatan,Pendapatan Asli Daerah (PAD),0.0,2022-08-01
2022,9,Sulawesi Selatan,Pendapatan Asli Daerah (PAD),0.0,2022-09-01
2022,10,Sulawesi Selatan,Pendapatan Asli Daerah (PAD),0.0,2022-10-01
2022,11,Sulawesi Selatan,Pendapatan Asli Daerah (PAD),0.0,2022-11-01
2022,12,Sulawesi Selatan,Pendapatan Asli Daerah (PAD),0.0,2022-12-01
2023,1,Sulawesi Selatan,Pendapatan Asli Daerah (PAD),338246957144.29,2023-01-01
2023,2,Sulawesi Selatan,Pendapatan Asli Daerah (PAD),362205456332.92,2023-02-01
2023,3,Sulawesi Selatan,Pendapatan Asli Daerah (PAD),466943182288.99,2023-03-01
2023,4,Sulawesi Selatan,Pendapatan Asli Daerah (PAD),610271112184.8,2023-04-01
2023,5,Sulawesi Selatan,Pendapatan Asli Daerah (PAD),0.0,2023-05-01
2023,6,Sulawesi Selatan,Pendapatan Asli Daerah (PAD),308305983524.1001,2023-06-01
2023,7,Sulawesi Selatan,Pendapatan Asli Daerah (PAD),555095964483.2998,2023-07-01
2023,8,Sulawesi Selatan,Pendapatan Asli Daerah (PAD),356750339970.6001,2023-08-01
2023,9,Sulawesi Selatan,Pendapatan Asli Daerah (PAD),347938625200.6001,2023-09-01
2023,10,Sulawesi Selatan,Pendapatan Asli Daerah (PAD),532221277467.3999,2023-10-01
2023,11,Sulawesi Selatan,Pendapatan Asli Daerah (PAD),349416178069.2002,2023-11-01
2023,12,Sulawesi Selatan,Pendapatan Asli Daerah (PAD),607337157361.7998,2023-12-01
2024,1,Sulawesi Selatan,Pendapatan Asli Daerah (PAD),359717302880.75,2024-01-01
2024,2,Sulawesi Selatan,Pendapatan Asli Daerah (PAD),313347011525.43005,2024-02-01
2024,3,Sulawesi Selatan,Pendapatan Asli Daerah (PAD),326657723922.1499,2024-03-01
2024,4,Sulawesi Selatan,Pendapatan Asli Daerah (PAD),623306876457.4701,2024-04-01
2024,5,Sulawesi Selatan,Pendapatan Asli Daerah (PAD),493123468144.59985,2024-05-01
2024,6,Sulawesi Selatan,Pendapatan Asli Daerah (PAD),356344000864.2002,2024-06-01
2024,7,Sulawesi Selatan,Pendapatan Asli Daerah (PAD),361401930784.6001,2024-07-01
2024,8,Sulawesi Selatan,Pendapatan Asli Daerah (PAD),576121661792.5996,2024-08-01
2024,9,Sulawesi Selatan,Pendapatan Asli Daerah (PAD),354593474318.1001,2024-09-01
2024,10,Sulawesi Selatan,Pendapatan Asli Daerah (PAD),402577329195.8999,2024-10-01
2024,11,Sulawesi Selatan,Pendapatan Asli Daerah (PAD),560019509701.2998,2024-11-01
2024,12,Sulawesi Selatan,Pendapatan Asli Daerah (PAD),648562021347.5,2024-12-01
2025,1,Sulawesi Selatan,Pendapatan Asli Daerah (PAD),258510251911.07,2025-01-01
2025,2,Sulawesi Selatan,Pendapatan Asli Daerah (PAD),251429461240.0,2025-02-01
2025,3,Sulawesi Selatan,Pendapatan Asli Daerah (PAD),286303602893.99994,2025-03-01
2025,4,Sulawesi Selatan,Pendapatan Asli Daerah (PAD),561790631893.7301,2025-04-01
2025,5,Sulawesi Selatan,Pendapatan Asli Daerah (PAD),448470830458.80005,2025-05-01
2025,6,Sulawesi Selatan,Pendapatan Asli Daerah (PAD),425200773241.6997,2025-06-01
2025,7,Sulawesi Selatan,Pendapatan Asli Daerah (PAD),464248818959.1001,2025-07-01
2025,8,Sulawesi Selatan,Pendapatan Asli Daerah (PAD),549023840448.7002,2025-08-01
2025,9,Sulawesi Selatan,Pendapatan Asli Daerah (PAD),501615569863.5,2025-09-01
2025,10,Sulawesi Selatan,Pendapatan Asli Daerah (PAD),608487478562.7998,2025-10-01
2025,11,Sulawesi Selatan,Pendapatan Asli Daerah (PAD),264826962064.1001,2025-11-01
2025,12,Sulawesi Selatan,Pendapatan Asli Daerah (PAD),467545956010.2002,2025-12-01
2021,1,Sulawesi Selatan,Total Belanja Daerah,10167278357983.0,2021-01-01
2021,2,Sulawesi Selatan,Total Belanja Daerah,0.0,2021-02-01
2021,3,Sulawesi Selatan,Total Belanja Daerah,0.0,2021-03-01
2021,4,Sulawesi Selatan,Total Belanja Daerah,0.0,2021-04-01
2021,5,Sulawesi Selatan,Total Belanja Daerah,0.0,2021-05-01
2021,6,Sulawesi Selatan,Total Belanja Daerah,0.0,2021-06-01
2021,7,Sulawesi Selatan,Total Belanja Daerah,0.0,2021-07-01
2021,8,Sulawesi Selatan,Total Belanja Daerah,0.0,2021-08-01
2021,9,Sulawesi Selatan,Total Belanja Daerah,0.0,2021-09-01
2021,10,Sulawesi Selatan,Total Belanja Daerah,0.0,2021-10-01
2021,11,Sulawesi Selatan,Total Belanja Daerah,0.0,2021-11-01
2021,12,Sulawesi Selatan,Total Belanja Daerah,0.0,2021-12-01
2022,1,Sulawesi Selatan,Total Belanja Daerah,8958791076580.4,2022-01-01
2022,2,Sulawesi Selatan,Total Belanja Daerah,0.0,2022-02-01
2022,3,Sulawesi Selatan,Total Belanja Daerah,0.0,2022-03-01
2022,4,Sulawesi Selatan,Total Belanja Daerah,0.0,2022-04-01
2022,5,Sulawesi Selatan,Total Belanja Daerah,0.0,2022-05-01
2022,6,Sulawesi Selatan,Total Belanja Daerah,0.0,2022-06-01
2022,7,Sulawesi Selatan,Total Belanja Daerah,0.0,2022-07-01
2022,8,Sulawesi Selatan,Total Belanja Daerah,0.0,2022-08-01
2022,9,Sulawesi Selatan,Total Belanja Daerah,0.0,2022-09-01
2022,10,Sulawesi Selatan,Total Belanja Daerah,0.0,2022-10-01
2022,11,Sulawesi Selatan,Total Belanja Daerah,0.0,2022-11-01
2022,12,Sulawesi Selatan,Total Belanja Daerah,0.0,2022-12-01
2023,1,Sulawesi Selatan,Total Belanja Daerah,144680961222.0,2023-01-01
2023,2,Sulawesi Selatan,Total Belanja Daerah,348428632746.0,2023-02-01
2023,3,Sulawesi Selatan,Total Belanja Daerah,498546833708.75,2023-03-01
2023,4,Sulawesi Selatan,Total Belanja Daerah,748563454569.05,2023-04-01
2023,5,Sulawesi Selatan,Total Belanja Daerah,0.0,2023-05-01
2023,6,Sulawesi Selatan,Total Belanja Daerah,922718028009.9998,2023-06-01
2023,7,Sulawesi Selatan,Total Belanja Daerah,837037466780.0,2023-07-01
2023,8,Sulawesi Selatan,Total Belanja Daerah,972147654147.5,2023-08-01
2023,9,Sulawesi Selatan,Total Belanja Daerah,680510716448.6006,2023-09-01
2023,10,Sulawesi Selatan,Total Belanja Daerah,651918365962.5,2023-10-01
2023,11,Sulawesi Selatan,Total Belanja Daerah,940085127693.8994,2023-11-01
2023,12,Sulawesi Selatan,Total Belanja Daerah,2045671450178.6006,2023-12-01
2024,1,Sulawesi Selatan,Total Belanja Daerah,211433219945.0,2024-01-01
2024,2,Sulawesi Selatan,Total Belanja Daerah,420755529662.0,2024-02-01
2024,3,Sulawesi Selatan,Total Belanja Daerah,749076283452.3999,2024-03-01
2024,4,Sulawesi Selatan,Total Belanja Daerah,745304079623.9001,2024-04-01
2024,5,Sulawesi Selatan,Total Belanja Daerah,1003594696617.3,2024-05-01
2024,6,Sulawesi Selatan,Total Belanja Daerah,827214827094.6997,2024-06-01
2024,7,Sulawesi Selatan,Total Belanja Daerah,1118764472487.6006,2024-07-01
2024,8,Sulawesi Selatan,Total Belanja Daerah,733213765082.8994,2024-08-01
2024,9,Sulawesi Selatan,Total Belanja Daerah,526570807647.1006,2024-09-01
2024,10,Sulawesi Selatan,Total Belanja Daerah,625396945191.6992,2024-10-01
2024,11,Sulawesi Selatan,Total Belanja Daerah,920285756183.3008,2024-11-01
2024,12,Sulawesi Selatan,Total Belanja Daerah,1922218366352.4004,2024-12-01
2025,1,Sulawesi Selatan,Total Belanja Daerah,364550191211.0,2025-01-01
2025,2,Sulawesi Selatan,Total Belanja Daerah,312140577856.12,2025-02-01
2025,3,Sulawesi Selatan,Total Belanja Daerah,742080933816.2799,2025-03-01
2025,4,Sulawesi Selatan,Total Belanja Daerah,137102775742.40015,2025-04-01
2025,5,Sulawesi Selatan,Total Belanja Daerah,639461778887.2,2025-05-01
2025,6,Sulawesi Selatan,Total Belanja Daerah,687404325860.2002,2025-06-01
2025,7,Sulawesi Selatan,Total Belanja Daerah,644600228850.5,2025-07-01
2025,8,Sulawesi Selatan,Total Belanja Daerah,772182498820.8999,2025-08-01
2025,9,Sulawesi Selatan,Total Belanja Daerah,503957630212.9995,2025-09-01
2025,10,Sulawesi Selatan,Total Belanja Daerah,495361053256.1006,2025-10-01
2025,11,Sulawesi Selatan,Total Belanja Daerah,880183325337.2002,2025-11-01
2025,12,Sulawesi Selatan,Total Belanja Daerah,1333758853049.2998,2025-12-01
2021,1,Sulawesi Selatan,Total Pendapatan Daerah,10009403475558.0,2021-01-01
2021,2,Sulawesi Selatan,Total Pendapatan Daerah,0.0,2021-02-01
2021,3,Sulawesi Selatan,Total Pendapatan Daerah,0.0,2021-03-01
2021,4,Sulawesi Selatan,Total Pendapatan Daerah,0.0,2021-04-01
2021,5,Sulawesi Selatan,Total Pendapatan Daerah,0.0,2021-05-01
2021,6,Sulawesi Selatan,Total Pendapatan Daerah,0.0,2021-06-01
2021,7,Sulawesi Selatan,Total Pendapatan Daerah,0.0,2021-07-01
2021,8,Sulawesi Selatan,Total Pendapatan Daerah,0.0,2021-08-01
2021,9,Sulawesi Selatan,Total Pendapatan Daerah,0.0,2021-09-01
2021,10,Sulawesi Selatan,Total Pendapatan Daerah,0.0,2021-10-01
2021,11,Sulawesi Selatan,Total Pendapatan Daerah,0.0,2021-11-01
2021,12,Sulawesi Selatan,Total Pendapatan Daerah,0.0,2021-12-01
2022,1,Sulawesi Selatan,Total Pendapatan Daerah,8992799689251.2,2022-01-01
2022,2,Sulawesi Selatan,Total Pendapatan Daerah,0.0,2022-02-01
2022,3,Sulawesi Selatan,Total Pendapatan Daerah,0.0,2022-03-01
2022,4,Sulawesi Selatan,Total Pendapatan Daerah,0.0,2022-04-01
2022,5,Sulawesi Selatan,Total Pendapatan Daerah,0.0,2022-05-01
2022,6,Sulawesi Selatan,Total Pendapatan Daerah,0.0,2022-06-01
2022,7,Sulawesi Selatan,Total Pendapatan Daerah,0.0,2022-07-01
2022,8,Sulawesi Selatan,Total Pendapatan Daerah,0.0,2022-08-01
2022,9,Sulawesi Selatan,Total Pendapatan Daerah,0.0,2022-09-01
2022,10,Sulawesi Selatan,Total Pendapatan Daerah,0.0,2022-10-01
2022,11,Sulawesi Selatan,Total Pendapatan Daerah,0.0,2022-11-01
2022,12,Sulawesi Selatan,Total Pendapatan Daerah,0.0,2022-12-01
2023,1,Sulawesi Selatan,Total Pendapatan Daerah,624011273334.29,2023-01-01
2023,2,Sulawesi Selatan,Total Pendapatan Daerah,700155176457.9099,2023-02-01
2023,3,Sulawesi Selatan,Total Pendapatan Daerah,697227788538.0,2023-03-01
2023,4,Sulawesi Selatan,Total Pendapatan Daerah,1088789272711.8,2023-04-01
2023,5,Sulawesi Selatan,Total Pendapatan Daerah,0.0,2023-05-01
2023,6,Sulawesi Selatan,Total Pendapatan Daerah,661042013670.1001,2023-06-01
2023,7,Sulawesi Selatan,Total Pendapatan Daerah,1098928915463.3003,2023-07-01
2023,8,Sulawesi Selatan,Total Pendapatan Daerah,601785344955.5996,2023-08-01
2023,9,Sulawesi Selatan,Total Pendapatan Daerah,589327729709.5996,2023-09-01
2023,10,Sulawesi Selatan,Total Pendapatan Daerah,1079171187592.4004,2023-10-01
2023,11,Sulawesi Selatan,Total Pendapatan Daerah,602946430377.2002,2023-11-01
2023,12,Sulawesi Selatan,Total Pendapatan Daerah,1271438657042.7998,2023-12-01
2024,1,Sulawesi Selatan,Total Pendapatan Daerah,876318226543.75,2024-01-01
2024,2,Sulawesi Selatan,Total Pendapatan Daerah,635179557992.45,2024-02-01
2024,3,Sulawesi Selatan,Total Pendapatan Daerah,675269434776.1001,2024-03-01
2024,4,Sulawesi Selatan,Total Pendapatan Daerah,1013909943568.4998,2024-04-01
2024,5,Sulawesi Selatan,Total Pendapatan Daerah,794187543614.6001,2024-05-01
2024,6,Sulawesi Selatan,Total Pendapatan Daerah,750160279048.1997,2024-06-01
2024,7,Sulawesi Selatan,Total Pendapatan Daerah,817438143012.6006,2024-07-01
2024,8,Sulawesi Selatan,Total Pendapatan Daerah,1052632206929.5996,2024-08-01
2024,9,Sulawesi Selatan,Total Pendapatan Daerah,552636628819.1006,2024-09-01
2024,10,Sulawesi Selatan,Total Pendapatan Daerah,903692028603.8994,2024-10-01
2024,11,Sulawesi Selatan,Total Pendapatan Daerah,685780874333.2998,2024-11-01
2024,12,Sulawesi Selatan,Total Pendapatan Daerah,1236268460531.5,2024-12-01
2025,1,Sulawesi Selatan,Total Pendapatan Daerah,916253898647.07,2025-01-01
2025,2,Sulawesi Selatan,Total Pendapatan Daerah,472040156707.03015,2025-02-01
2025,3,Sulawesi Selatan,Total Pendapatan Daerah,522654674391.0,2025-03-01
2025,4,Sulawesi Selatan,Total Pendapatan Daerah,865398912845.6997,2025-04-01
2025,5,Sulawesi Selatan,Total Pendapatan Daerah,678886408062.8003,2025-05-01
2025,6,Sulawesi Selatan,Total Pendapatan Daerah,910874937068.6997,2025-06-01
2025,7,Sulawesi Selatan,Total Pendapatan Daerah,577452435159.1006,2025-07-01
2025,8,Sulawesi Selatan,Total Pendapatan Daerah,1084880277188.6992,2025-08-01
2025,9,Sulawesi Selatan,Total Pendapatan Daerah,726914995432.5,2025-09-01
2025,10,Sulawesi Selatan,Total Pendapatan Daerah,957929082420.8008,2025-10-01
2025,11,Sulawesi Selatan,Total Pendapatan Daerah,563167464844.0996,2025-11-01
2025,12,Sulawesi Selatan,Total Pendapatan Daerah,613794347760.1992,2025-12-01
2021,1,Sulawesi Selatan,Transfer ke Daerah dan Dana Desa (TKDD),5423910799398.0,2021-01-01
2021,2,Sulawesi Selatan,Transfer ke Daerah dan Dana Desa (TKDD),0.0,2021-02-01
2021,3,Sulawesi Selatan,Transfer ke Daerah dan Dana Desa (TKDD),0.0,2021-03-01
2021,4,Sulawesi Selatan,Transfer ke Daerah dan Dana Desa (TKDD),0.0,2021-04-01
2021,5,Sulawesi Selatan,Transfer ke Daerah dan Dana Desa (TKDD),0.0,2021-05-01
2021,6,Sulawesi Selatan,Transfer ke Daerah dan Dana Desa (TKDD),0.0,2021-06-01
2021,7,Sulawesi Selatan,Transfer ke Daerah dan Dana Desa (TKDD),0.0,2021-07-01
2021,8,Sulawesi Selatan,Transfer ke Daerah dan Dana Desa (TKDD),0.0,2021-08-01
2021,9,Sulawesi Selatan,Transfer ke Daerah dan Dana Desa (TKDD),0.0,2021-09-01
2021,10,Sulawesi Selatan,Transfer ke Daerah dan Dana Desa (TKDD),0.0,2021-10-01
2021,11,Sulawesi Selatan,Transfer ke Daerah dan Dana Desa (TKDD),0.0,2021-11-01
2021,12,Sulawesi Selatan,Transfer ke Daerah dan Dana Desa (TKDD),0.0,2021-12-01
2022,1,Sulawesi Selatan,Transfer ke Daerah dan Dana Desa (TKDD),4096755656038.0,2022-01-01
2022,2,Sulawesi Selatan,Transfer ke Daerah dan Dana Desa (TKDD),0.0,2022-02-01
2022,3,Sulawesi Selatan,Transfer ke Daerah dan Dana Desa (TKDD),0.0,2022-03-01
2022,4,Sulawesi Selatan,Transfer ke Daerah dan Dana Desa (TKDD),0.0,2022-04-01
2022,5,Sulawesi Selatan,Transfer ke Daerah dan Dana Desa (TKDD),0.0,2022-05-01
2022,6,Sulawesi Selatan,Transfer ke Daerah dan Dana Desa (TKDD),0.0,2022-06-01
2022,7,Sulawesi Selatan,Transfer ke Daerah dan Dana Desa (TKDD),0.0,2022-07-01
2022,8,Sulawesi Selatan,Transfer ke Daerah dan Dana Desa (TKDD),0.0,2022-08-01
2022,9,Sulawesi Selatan,Transfer ke Daerah dan Dana Desa (TKDD),0.0,2022-09-01
2022,10,Sulawesi Selatan,Transfer ke Daerah dan Dana Desa (TKDD),0.0,2022-10-01
2022,11,Sulawesi Selatan,Transfer ke Daerah dan Dana Desa (TKDD),0.0,2022-11-01
2022,12,Sulawesi Selatan,Transfer ke Daerah dan Dana Desa (TKDD),0.0,2022-12-01
2023,1,Sulawesi Selatan,Transfer ke Daerah dan Dana Desa (TKDD),285623771000.0,2023-01-01
2023,2,Sulawesi Selatan,Transfer ke Daerah dan Dana Desa (TKDD),337702991000.0,2023-02-01
2023,3,Sulawesi Selatan,Transfer ke Daerah dan Dana Desa (TKDD),228141974320.0,2023-03-01
2023,4,Sulawesi Selatan,Transfer ke Daerah dan Dana Desa (TKDD),478364183577.0,2023-04-01
2023,5,Sulawesi Selatan,Transfer ke Daerah dan Dana Desa (TKDD),0.0,2023-05-01
2023,6,Sulawesi Selatan,Transfer ke Daerah dan Dana Desa (TKDD),350242907650.0,2023-06-01
2023,7,Sulawesi Selatan,Transfer ke Daerah dan Dana Desa (TKDD),542024454750.0,2023-07-01
2023,8,Sulawesi Selatan,Transfer ke Daerah dan Dana Desa (TKDD),244457207750.0,2023-08-01
2023,9,Sulawesi Selatan,Transfer ke Daerah dan Dana Desa (TKDD),240236249600.0,2023-09-01
2023,10,Sulawesi Selatan,Transfer ke Daerah dan Dana Desa (TKDD),546177828275.0,2023-10-01
2023,11,Sulawesi Selatan,Transfer ke Daerah dan Dana Desa (TKDD),251249012928.0,2023-11-01
2023,12,Sulawesi Selatan,Transfer ke Daerah dan Dana Desa (TKDD),663391325641.0,2023-12-01
2024,1,Sulawesi Selatan,Transfer ke Daerah dan Dana Desa (TKDD),516398285483.0,2024-01-01
2024,2,Sulawesi Selatan,Transfer ke Daerah dan Dana Desa (TKDD),321622250117.0,2024-02-01
2024,3,Sulawesi Selatan,Transfer ke Daerah dan Dana Desa (TKDD),348479839739.0,2024-03-01
2024,4,Sulawesi Selatan,Transfer ke Daerah dan Dana Desa (TKDD),389316603175.0,2024-04-01
2024,5,Sulawesi Selatan,Transfer ke Daerah dan Dana Desa (TKDD),300834949750.0,2024-05-01
2024,6,Sulawesi Selatan,Transfer ke Daerah dan Dana Desa (TKDD),393568026700.0,2024-06-01
2024,7,Sulawesi Selatan,Transfer ke Daerah dan Dana Desa (TKDD),446877105644.0,2024-07-01
2024,8,Sulawesi Selatan,Transfer ke Daerah dan Dana Desa (TKDD),473440429295.0,2024-08-01
2024,9,Sulawesi Selatan,Transfer ke Daerah dan Dana Desa (TKDD),197404068562.0,2024-09-01
2024,10,Sulawesi Selatan,Transfer ke Daerah dan Dana Desa (TKDD),479772396665.0,2024-10-01
2024,11,Sulawesi Selatan,Transfer ke Daerah dan Dana Desa (TKDD),103053738983.0,2024-11-01
2024,12,Sulawesi Selatan,Transfer ke Daerah dan Dana Desa (TKDD),637173788193.0,2024-12-01
2025,1,Sulawesi Selatan,Transfer ke Daerah dan Dana Desa (TKDD),657660007800.0,2025-01-01
2025,2,Sulawesi Selatan,Transfer ke Daerah dan Dana Desa (TKDD),220505301600.0,2025-02-01
2025,3,Sulawesi Selatan,Transfer ke Daerah dan Dana Desa (TKDD),236262542400.0,2025-03-01
2025,4,Sulawesi Selatan,Transfer ke Daerah dan Dana Desa (TKDD),303525653712.0,2025-04-01
2025,5,Sulawesi Selatan,Transfer ke Daerah dan Dana Desa (TKDD),230310998800.0,2025-05-01
2025,6,Sulawesi Selatan,Transfer ke Daerah dan Dana Desa (TKDD),485396017267.0,2025-06-01
2025,7,Sulawesi Selatan,Transfer ke Daerah dan Dana Desa (TKDD),89008274000.0,2025-07-01
2025,8,Sulawesi Selatan,Transfer ke Daerah dan Dana Desa (TKDD),535675604966.0,2025-08-01
2025,9,Sulawesi Selatan,Transfer ke Daerah dan Dana Desa (TKDD),205777690419.0,2025-09-01
2025,10,Sulawesi Selatan,Transfer ke Daerah dan Dana Desa (TKDD),349364148498.0,2025-10-01
2025,11,Sulawesi Selatan,Transfer ke Daerah dan Dana Desa (TKDD),285372680030.0,2025-11-01
2025,12,Sulawesi Selatan,Transfer ke Daerah dan Dana Desa (TKDD),145843439500.0,2025-12-01
2021,1,Sulawesi Tengah,Belanja Modal,500901619442.0,2021-01-01
2021,2,Sulawesi Tengah,Belanja Modal,0.0,2021-02-01
2021,3,Sulawesi Tengah,Belanja Modal,0.0,2021-03-01
2021,4,Sulawesi Tengah,Belanja Modal,0.0,2021-04-01
2021,5,Sulawesi Tengah,Belanja Modal,0.0,2021-05-01
2021,6,Sulawesi Tengah,Belanja Modal,0.0,2021-06-01
2021,7,Sulawesi Tengah,Belanja Modal,0.0,2021-07-01
2021,8,Sulawesi Tengah,Belanja Modal,0.0,2021-08-01
2021,9,Sulawesi Tengah,Belanja Modal,0.0,2021-09-01
2021,10,Sulawesi Tengah,Belanja Modal,0.0,2021-10-01
2021,11,Sulawesi Tengah,Belanja Modal,0.0,2021-11-01
2021,12,Sulawesi Tengah,Belanja Modal,0.0,2021-12-01
2022,1,Sulawesi Tengah,Belanja Modal,617282123075.52,2022-01-01
2022,2,Sulawesi Tengah,Belanja Modal,0.0,2022-02-01
2022,3,Sulawesi Tengah,Belanja Modal,0.0,2022-03-01
2022,4,Sulawesi Tengah,Belanja Modal,0.0,2022-04-01
2022,5,Sulawesi Tengah,Belanja Modal,0.0,2022-05-01
2022,6,Sulawesi Tengah,Belanja Modal,0.0,2022-06-01
2022,7,Sulawesi Tengah,Belanja Modal,0.0,2022-07-01
2022,8,Sulawesi Tengah,Belanja Modal,0.0,2022-08-01
2022,9,Sulawesi Tengah,Belanja Modal,0.0,2022-09-01
2022,10,Sulawesi Tengah,Belanja Modal,0.0,2022-10-01
2022,11,Sulawesi Tengah,Belanja Modal,0.0,2022-11-01
2022,12,Sulawesi Tengah,Belanja Modal,0.0,2022-12-01
2023,1,Sulawesi Tengah,Belanja Modal,0.0,2023-01-01
2023,2,Sulawesi Tengah,Belanja Modal,32148584175.0,2023-02-01
2023,3,Sulawesi Tengah,Belanja Modal,9148359873.0,2023-03-01
2023,4,Sulawesi Tengah,Belanja Modal,14256331258.190002,2023-04-01
2023,5,Sulawesi Tengah,Belanja Modal,0.0,2023-05-01
2023,6,Sulawesi Tengah,Belanja Modal,27407780469.0,2023-06-01
2023,7,Sulawesi Tengah,Belanja Modal,19197100011.0,2023-07-01
2023,8,Sulawesi Tengah,Belanja Modal,78341309433.23999,2023-08-01
2023,9,Sulawesi Tengah,Belanja Modal,30756868428.0,2023-09-01
2023,10,Sulawesi Tengah,Belanja Modal,85947180614.71002,2023-10-01
2023,11,Sulawesi Tengah,Belanja Modal,133066680811.77997,2023-11-01
2023,12,Sulawesi Tengah,Belanja Modal,383253464819.04,2023-12-01
2024,1,Sulawesi Tengah,Belanja Modal,0.0,2024-01-01
2024,2,Sulawesi Tengah,Belanja Modal,32410627638.0,2024-02-01
2024,3,Sulawesi Tengah,Belanja Modal,72948687180.0,2024-03-01
2024,4,Sulawesi Tengah,Belanja Modal,31971632317.0,2024-04-01
2024,5,Sulawesi Tengah,Belanja Modal,61748840185.0,2024-05-01
2024,6,Sulawesi Tengah,Belanja Modal,36164961748.0,2024-06-01
2024,7,Sulawesi Tengah,Belanja Modal,63978453664.0,2024-07-01
2024,8,Sulawesi Tengah,Belanja Modal,85200557612.0,2024-08-01
2024,9,Sulawesi Tengah,Belanja Modal,58991287437.0,2024-09-01
2024,10,Sulawesi Tengah,Belanja Modal,153586460681.18005,2024-10-01
2024,11,Sulawesi Tengah,Belanja Modal,96848451842.0,2024-11-01
2024,12,Sulawesi Tengah,Belanja Modal,354968063438.4199,2024-12-01
2025,1,Sulawesi Tengah,Belanja Modal,480871368.0,2025-01-01
2025,2,Sulawesi Tengah,Belanja Modal,20046866149.0,2025-02-01
2025,3,Sulawesi Tengah,Belanja Modal,37551045067.0,2025-03-01
2025,4,Sulawesi Tengah,Belanja Modal,2575094900.0,2025-04-01
2025,5,Sulawesi Tengah,Belanja Modal,37249812085.0,2025-05-01
2025,6,Sulawesi Tengah,Belanja Modal,14345042100.0,2025-06-01
2025,7,Sulawesi Tengah,Belanja Modal,43767533386.0,2025-07-01
2025,8,Sulawesi Tengah,Belanja Modal,21986793236.0,2025-08-01
2025,9,Sulawesi Tengah,Belanja Modal,25038197242.54001,2025-09-01
2025,10,Sulawesi Tengah,Belanja Modal,73648382856.99997,2025-10-01
2025,11,Sulawesi Tengah,Belanja Modal,58404220182.20001,2025-11-01
2025,12,Sulawesi Tengah,Belanja Modal,167336621081.38,2025-12-01
2021,1,Sulawesi Tengah,Pendapatan Asli Daerah (PAD),1494246273498.0,2021-01-01
2021,2,Sulawesi Tengah,Pendapatan Asli Daerah (PAD),0.0,2021-02-01
2021,3,Sulawesi Tengah,Pendapatan Asli Daerah (PAD),0.0,2021-03-01
2021,4,Sulawesi Tengah,Pendapatan Asli Daerah (PAD),0.0,2021-04-01
2021,5,Sulawesi Tengah,Pendapatan Asli Daerah (PAD),0.0,2021-05-01
2021,6,Sulawesi Tengah,Pendapatan Asli Daerah (PAD),0.0,2021-06-01
2021,7,Sulawesi Tengah,Pendapatan Asli Daerah (PAD),0.0,2021-07-01
2021,8,Sulawesi Tengah,Pendapatan Asli Daerah (PAD),0.0,2021-08-01
2021,9,Sulawesi Tengah,Pendapatan Asli Daerah (PAD),0.0,2021-09-01
2021,10,Sulawesi Tengah,Pendapatan Asli Daerah (PAD),0.0,2021-10-01
2021,11,Sulawesi Tengah,Pendapatan Asli Daerah (PAD),0.0,2021-11-01
2021,12,Sulawesi Tengah,Pendapatan Asli Daerah (PAD),0.0,2021-12-01
2022,1,Sulawesi Tengah,Pendapatan Asli Daerah (PAD),1559706290296.4,2022-01-01
2022,2,Sulawesi Tengah,Pendapatan Asli Daerah (PAD),0.0,2022-02-01
2022,3,Sulawesi Tengah,Pendapatan Asli Daerah (PAD),0.0,2022-03-01
2022,4,Sulawesi Tengah,Pendapatan Asli Daerah (PAD),0.0,2022-04-01
2022,5,Sulawesi Tengah,Pendapatan Asli Daerah (PAD),0.0,2022-05-01
2022,6,Sulawesi Tengah,Pendapatan Asli Daerah (PAD),0.0,2022-06-01
2022,7,Sulawesi Tengah,Pendapatan Asli Daerah (PAD),0.0,2022-07-01
2022,8,Sulawesi Tengah,Pendapatan Asli Daerah (PAD),0.0,2022-08-01
2022,9,Sulawesi Tengah,Pendapatan Asli Daerah (PAD),0.0,2022-09-01
2022,10,Sulawesi Tengah,Pendapatan Asli Daerah (PAD),0.0,2022-10-01
2022,11,Sulawesi Tengah,Pendapatan Asli Daerah (PAD),0.0,2022-11-01
2022,12,Sulawesi Tengah,Pendapatan Asli Daerah (PAD),0.0,2022-12-01
2023,1,Sulawesi Tengah,Pendapatan Asli Daerah (PAD),103271830059.46,2023-01-01
2023,2,Sulawesi Tengah,Pendapatan Asli Daerah (PAD),97432023501.90999,2023-02-01
2023,3,Sulawesi Tengah,Pendapatan Asli Daerah (PAD),102887391981.70001,2023-03-01
2023,4,Sulawesi Tengah,Pendapatan Asli Daerah (PAD),197101468711.16998,2023-04-01
2023,5,Sulawesi Tengah,Pendapatan Asli Daerah (PAD),0.0,2023-05-01
2023,6,Sulawesi Tengah,Pendapatan Asli Daerah (PAD),98493318652.41003,2023-06-01
2023,7,Sulawesi Tengah,Pendapatan Asli Daerah (PAD),157356616989.02002,2023-07-01
2023,8,Sulawesi Tengah,Pendapatan Asli Daerah (PAD),174377227505.47998,2023-08-01
2023,9,Sulawesi Tengah,Pendapatan Asli Daerah (PAD),129355042695.04993,2023-09-01
2023,10,Sulawesi Tengah,Pendapatan Asli Daerah (PAD),170353350551.1001,2023-10-01
2023,11,Sulawesi Tengah,Pendapatan Asli Daerah (PAD),125186952071.5,2023-11-01
2023,12,Sulawesi Tengah,Pendapatan Asli Daerah (PAD),225183962309.19995,2023-12-01
2024,1,Sulawesi Tengah,Pendapatan Asli Daerah (PAD),101695525699.23,2024-01-01
2024,2,Sulawesi Tengah,Pendapatan Asli Daerah (PAD),102182404516.26,2024-02-01
2024,3,Sulawesi Tengah,Pendapatan Asli Daerah (PAD),123734665426.90002,2024-03-01
2024,4,Sulawesi Tengah,Pendapatan Asli Daerah (PAD),211686515764.52997,2024-04-01
2024,5,Sulawesi Tengah,Pendapatan Asli Daerah (PAD),165249291153.37006,2024-05-01
2024,6,Sulawesi Tengah,Pendapatan Asli Daerah (PAD),168123161634.7799,2024-06-01
2024,7,Sulawesi Tengah,Pendapatan Asli Daerah (PAD),194173225560.43005,2024-07-01
2024,8,Sulawesi Tengah,Pendapatan Asli Daerah (PAD),220083034155.19995,2024-08-01
2024,9,Sulawesi Tengah,Pendapatan Asli Daerah (PAD),157219644015.40015,2024-09-01
2024,10,Sulawesi Tengah,Pendapatan Asli Daerah (PAD),222677512102.69995,2024-10-01
2024,11,Sulawesi Tengah,Pendapatan Asli Daerah (PAD),152360651465.80005,2024-11-01
2024,12,Sulawesi Tengah,Pendapatan Asli Daerah (PAD),295948985889.8999,2024-12-01
2025,1,Sulawesi Tengah,Pendapatan Asli Daerah (PAD),112735691904.51,2025-01-01
2025,2,Sulawesi Tengah,Pendapatan Asli Daerah (PAD),105073105111.91002,2025-02-01
2025,3,Sulawesi Tengah,Pendapatan Asli Daerah (PAD),131704023107.42996,2025-03-01
2025,4,Sulawesi Tengah,Pendapatan Asli Daerah (PAD),244203419664.13,2025-04-01
2025,5,Sulawesi Tengah,Pendapatan Asli Daerah (PAD),118867261459.63,2025-05-01
2025,6,Sulawesi Tengah,Pendapatan Asli Daerah (PAD),151344638578.27002,2025-06-01
2025,7,Sulawesi Tengah,Pendapatan Asli Daerah (PAD),185888887326.62,2025-07-01
2025,8,Sulawesi Tengah,Pendapatan Asli Daerah (PAD),161265964183.8999,2025-08-01
2025,9,Sulawesi Tengah,Pendapatan Asli Daerah (PAD),31003946856.5,2025-09-01
2025,10,Sulawesi Tengah,Pendapatan Asli Daerah (PAD),263054714007.0,2025-10-01
2025,11,Sulawesi Tengah,Pendapatan Asli Daerah (PAD),130134092827.1001,2025-11-01
2025,12,Sulawesi Tengah,Pendapatan Asli Daerah (PAD),225482946910.8999,2025-12-01
2021,1,Sulawesi Tengah,Total Belanja Daerah,4339507807931.0,2021-01-01
2021,2,Sulawesi Tengah,Total Belanja Daerah,0.0,2021-02-01
2021,3,Sulawesi Tengah,Total Belanja Daerah,0.0,2021-03-01
2021,4,Sulawesi Tengah,Total Belanja Daerah,0.0,2021-04-01
2021,5,Sulawesi Tengah,Total Belanja Daerah,0.0,2021-05-01
2021,6,Sulawesi Tengah,Total Belanja Daerah,0.0,2021-06-01
2021,7,Sulawesi Tengah,Total Belanja Daerah,0.0,2021-07-01
2021,8,Sulawesi Tengah,Total Belanja Daerah,0.0,2021-08-01
2021,9,Sulawesi Tengah,Total Belanja Daerah,0.0,2021-09-01
2021,10,Sulawesi Tengah,Total Belanja Daerah,0.0,2021-10-01
2021,11,Sulawesi Tengah,Total Belanja Daerah,0.0,2021-11-01
2021,12,Sulawesi Tengah,Total Belanja Daerah,0.0,2021-12-01
2022,1,Sulawesi Tengah,Total Belanja Daerah,4825333666427.4,2022-01-01
2022,2,Sulawesi Tengah,Total Belanja Daerah,0.0,2022-02-01
2022,3,Sulawesi Tengah,Total Belanja Daerah,0.0,2022-03-01
2022,4,Sulawesi Tengah,Total Belanja Daerah,0.0,2022-04-01
2022,5,Sulawesi Tengah,Total Belanja Daerah,0.0,2022-05-01
2022,6,Sulawesi Tengah,Total Belanja Daerah,0.0,2022-06-01
2022,7,Sulawesi Tengah,Total Belanja Daerah,0.0,2022-07-01
2022,8,Sulawesi Tengah,Total Belanja Daerah,0.0,2022-08-01
2022,9,Sulawesi Tengah,Total Belanja Daerah,0.0,2022-09-01
2022,10,Sulawesi Tengah,Total Belanja Daerah,0.0,2022-10-01
2022,11,Sulawesi Tengah,Total Belanja Daerah,0.0,2022-11-01
2022,12,Sulawesi Tengah,Total Belanja Daerah,0.0,2022-12-01
2023,1,Sulawesi Tengah,Total Belanja Daerah,59946122860.0,2023-01-01
2023,2,Sulawesi Tengah,Total Belanja Daerah,130343402636.0,2023-02-01
2023,3,Sulawesi Tengah,Total Belanja Daerah,163760570179.39,2023-03-01
2023,4,Sulawesi Tengah,Total Belanja Daerah,344293214915.15,2023-04-01
2023,5,Sulawesi Tengah,Total Belanja Daerah,0.0,2023-05-01
2023,6,Sulawesi Tengah,Total Belanja Daerah,291465401268.08997,2023-06-01
2023,7,Sulawesi Tengah,Total Belanja Daerah,307154957578.87,2023-07-01
2023,8,Sulawesi Tengah,Total Belanja Daerah,546501092414.8999,2023-08-01
2023,9,Sulawesi Tengah,Total Belanja Daerah,241018220566.1001,2023-09-01
2023,10,Sulawesi Tengah,Total Belanja Daerah,478814158965.2998,2023-10-01
2023,11,Sulawesi Tengah,Total Belanja Daerah,606190395488.5,2023-11-01
2023,12,Sulawesi Tengah,Total Belanja Daerah,1426562173106.6006,2023-12-01
2024,1,Sulawesi Tengah,Total Belanja Daerah,22711280.0,2024-01-01
2024,2,Sulawesi Tengah,Total Belanja Daerah,197707830896.0,2024-02-01
2024,3,Sulawesi Tengah,Total Belanja Daerah,282685300389.75,2024-03-01
2024,4,Sulawesi Tengah,Total Belanja Daerah,387358750084.0,2024-04-01
2024,5,Sulawesi Tengah,Total Belanja Daerah,582551036771.25,2024-05-01
2024,6,Sulawesi Tengah,Total Belanja Daerah,466662390473.69995,2024-06-01
2024,7,Sulawesi Tengah,Total Belanja Daerah,388131908265.09985,2024-07-01
2024,8,Sulawesi Tengah,Total Belanja Daerah,585017209574.2002,2024-08-01
2024,9,Sulawesi Tengah,Total Belanja Daerah,265286428595.0,2024-09-01
2024,10,Sulawesi Tengah,Total Belanja Daerah,559699167168.7002,2024-10-01
2024,11,Sulawesi Tengah,Total Belanja Daerah,760354429245.7998,2024-11-01
2024,12,Sulawesi Tengah,Total Belanja Daerah,1242486286425.0996,2024-12-01
2025,1,Sulawesi Tengah,Total Belanja Daerah,85406948970.0,2025-01-01
2025,2,Sulawesi Tengah,Total Belanja Daerah,203099851135.0,2025-02-01
2025,3,Sulawesi Tengah,Total Belanja Daerah,338560009366.0,2025-03-01
2025,4,Sulawesi Tengah,Total Belanja Daerah,158609397594.0,2025-04-01
2025,5,Sulawesi Tengah,Total Belanja Daerah,503980824726.8999,2025-05-01
2025,6,Sulawesi Tengah,Total Belanja Daerah,219111808132.0,2025-06-01
2025,7,Sulawesi Tengah,Total Belanja Daerah,466208528958.7002,2025-07-01
2025,8,Sulawesi Tengah,Total Belanja Daerah,407826354651.1001,2025-08-01
2025,9,Sulawesi Tengah,Total Belanja Daerah,247462246629.2998,2025-09-01
2025,10,Sulawesi Tengah,Total Belanja Daerah,512063012032.3999,2025-10-01
2025,11,Sulawesi Tengah,Total Belanja Daerah,361611178308.1001,2025-11-01
2025,12,Sulawesi Tengah,Total Belanja Daerah,956499307747.5996,2025-12-01
2021,1,Sulawesi Tengah,Total Pendapatan Daerah,4695680785591.0,2021-01-01
2021,2,Sulawesi Tengah,Total Pendapatan Daerah,0.0,2021-02-01
2021,3,Sulawesi Tengah,Total Pendapatan Daerah,0.0,2021-03-01
2021,4,Sulawesi Tengah,Total Pendapatan Daerah,0.0,2021-04-01
2021,5,Sulawesi Tengah,Total Pendapatan Daerah,0.0,2021-05-01
2021,6,Sulawesi Tengah,Total Pendapatan Daerah,0.0,2021-06-01
2021,7,Sulawesi Tengah,Total Pendapatan Daerah,0.0,2021-07-01
2021,8,Sulawesi Tengah,Total Pendapatan Daerah,0.0,2021-08-01
2021,9,Sulawesi Tengah,Total Pendapatan Daerah,0.0,2021-09-01
2021,10,Sulawesi Tengah,Total Pendapatan Daerah,0.0,2021-10-01
2021,11,Sulawesi Tengah,Total Pendapatan Daerah,0.0,2021-11-01
2021,12,Sulawesi Tengah,Total Pendapatan Daerah,0.0,2021-12-01
2022,1,Sulawesi Tengah,Total Pendapatan Daerah,4895740491702.5,2022-01-01
2022,2,Sulawesi Tengah,Total Pendapatan Daerah,0.0,2022-02-01
2022,3,Sulawesi Tengah,Total Pendapatan Daerah,0.0,2022-03-01
2022,4,Sulawesi Tengah,Total Pendapatan Daerah,0.0,2022-04-01
2022,5,Sulawesi Tengah,Total Pendapatan Daerah,0.0,2022-05-01
2022,6,Sulawesi Tengah,Total Pendapatan Daerah,0.0,2022-06-01
2022,7,Sulawesi Tengah,Total Pendapatan Daerah,0.0,2022-07-01
2022,8,Sulawesi Tengah,Total Pendapatan Daerah,0.0,2022-08-01
2022,9,Sulawesi Tengah,Total Pendapatan Daerah,0.0,2022-09-01
2022,10,Sulawesi Tengah,Total Pendapatan Daerah,0.0,2022-10-01
2022,11,Sulawesi Tengah,Total Pendapatan Daerah,0.0,2022-11-01
2022,12,Sulawesi Tengah,Total Pendapatan Daerah,0.0,2022-12-01
2023,1,Sulawesi Tengah,Total Pendapatan Daerah,302567644799.46,2023-01-01
2023,2,Sulawesi Tengah,Total Pendapatan Daerah,191644477325.90997,2023-02-01
2023,3,Sulawesi Tengah,Total Pendapatan Daerah,414899148166.69995,2023-03-01
2023,4,Sulawesi Tengah,Total Pendapatan Daerah,408084370417.13,2023-04-01
2023,5,Sulawesi Tengah,Total Pendapatan Daerah,0.0,2023-05-01
2023,6,Sulawesi Tengah,Total Pendapatan Daerah,329282376092.40015,2023-06-01
2023,7,Sulawesi Tengah,Total Pendapatan Daerah,340889169826.09985,2023-07-01
2023,8,Sulawesi Tengah,Total Pendapatan Daerah,540256483405.40015,2023-08-01
2023,9,Sulawesi Tengah,Total Pendapatan Daerah,283813472245.1001,2023-09-01
2023,10,Sulawesi Tengah,Total Pendapatan Daerah,611415488229.0996,2023-10-01
2023,11,Sulawesi Tengah,Total Pendapatan Daerah,254355111132.5,2023-11-01
2023,12,Sulawesi Tengah,Total Pendapatan Daerah,631025430204.2002,2023-12-01
2024,1,Sulawesi Tengah,Total Pendapatan Daerah,362959036499.23,2024-01-01
2024,2,Sulawesi Tengah,Total Pendapatan Daerah,229672088916.26,2024-02-01
2024,3,Sulawesi Tengah,Total Pendapatan Daerah,481406846405.91003,2024-03-01
2024,4,Sulawesi Tengah,Total Pendapatan Daerah,457123958909.4999,2024-04-01
2024,5,Sulawesi Tengah,Total Pendapatan Daerah,382872000073.40015,2024-05-01
2024,6,Sulawesi Tengah,Total Pendapatan Daerah,683882178704.8,2024-06-01
2024,7,Sulawesi Tengah,Total Pendapatan Daerah,491396494708.3999,2024-07-01
2024,8,Sulawesi Tengah,Total Pendapatan Daerah,430554723059.2002,2024-08-01
2024,9,Sulawesi Tengah,Total Pendapatan Daerah,666894722658.3999,2024-09-01
2024,10,Sulawesi Tengah,Total Pendapatan Daerah,460441094428.6997,2024-10-01
2024,11,Sulawesi Tengah,Total Pendapatan Daerah,402029887925.9004,2024-11-01
2024,12,Sulawesi Tengah,Total Pendapatan Daerah,506301511266.7998,2024-12-01
2025,1,Sulawesi Tengah,Total Pendapatan Daerah,327776451004.51,2025-01-01
2025,2,Sulawesi Tengah,Total Pendapatan Daerah,361469071211.91003,2025-02-01
2025,3,Sulawesi Tengah,Total Pendapatan Daerah,289576461957.42993,2025-03-01
2025,4,Sulawesi Tengah,Total Pendapatan Daerah,441970066665.15,2025-04-01
2025,5,Sulawesi Tengah,Total Pendapatan Daerah,372067382090.6001,2025-05-01
2025,6,Sulawesi Tengah,Total Pendapatan Daerah,424417244297.2998,2025-06-01
2025,7,Sulawesi Tengah,Total Pendapatan Daerah,371066385322.3003,2025-07-01
2025,8,Sulawesi Tengah,Total Pendapatan Daerah,527757397035.8999,2025-08-01
2025,9,Sulawesi Tengah,Total Pendapatan Daerah,315391425063.6001,2025-09-01
2025,10,Sulawesi Tengah,Total Pendapatan Daerah,450979917866.0,2025-10-01
2025,11,Sulawesi Tengah,Total Pendapatan Daerah,319935809604.0996,2025-11-01
2025,12,Sulawesi Tengah,Total Pendapatan Daerah,381992390943.7998,2025-12-01
2021,1,Sulawesi Tengah,Transfer ke Daerah dan Dana Desa (TKDD),3149096842573.0,2021-01-01
2021,2,Sulawesi Tengah,Transfer ke Daerah dan Dana Desa (TKDD),0.0,2021-02-01
2021,3,Sulawesi Tengah,Transfer ke Daerah dan Dana Desa (TKDD),0.0,2021-03-01
2021,4,Sulawesi Tengah,Transfer ke Daerah dan Dana Desa (TKDD),0.0,2021-04-01
2021,5,Sulawesi Tengah,Transfer ke Daerah dan Dana Desa (TKDD),0.0,2021-05-01
2021,6,Sulawesi Tengah,Transfer ke Daerah dan Dana Desa (TKDD),0.0,2021-06-01
2021,7,Sulawesi Tengah,Transfer ke Daerah dan Dana Desa (TKDD),0.0,2021-07-01
2021,8,Sulawesi Tengah,Transfer ke Daerah dan Dana Desa (TKDD),0.0,2021-08-01
2021,9,Sulawesi Tengah,Transfer ke Daerah dan Dana Desa (TKDD),0.0,2021-09-01
2021,10,Sulawesi Tengah,Transfer ke Daerah dan Dana Desa (TKDD),0.0,2021-10-01
2021,11,Sulawesi Tengah,Transfer ke Daerah dan Dana Desa (TKDD),0.0,2021-11-01
2021,12,Sulawesi Tengah,Transfer ke Daerah dan Dana Desa (TKDD),0.0,2021-12-01
2022,1,Sulawesi Tengah,Transfer ke Daerah dan Dana Desa (TKDD),3319202639678.0,2022-01-01
2022,2,Sulawesi Tengah,Transfer ke Daerah dan Dana Desa (TKDD),0.0,2022-02-01
2022,3,Sulawesi Tengah,Transfer ke Daerah dan Dana Desa (TKDD),0.0,2022-03-01
2022,4,Sulawesi Tengah,Transfer ke Daerah dan Dana Desa (TKDD),0.0,2022-04-01
2022,5,Sulawesi Tengah,Transfer ke Daerah dan Dana Desa (TKDD),0.0,2022-05-01
2022,6,Sulawesi Tengah,Transfer ke Daerah dan Dana Desa (TKDD),0.0,2022-06-01
2022,7,Sulawesi Tengah,Transfer ke Daerah dan Dana Desa (TKDD),0.0,2022-07-01
2022,8,Sulawesi Tengah,Transfer ke Daerah dan Dana Desa (TKDD),0.0,2022-08-01
2022,9,Sulawesi Tengah,Transfer ke Daerah dan Dana Desa (TKDD),0.0,2022-09-01
2022,10,Sulawesi Tengah,Transfer ke Daerah dan Dana Desa (TKDD),0.0,2022-10-01
2022,11,Sulawesi Tengah,Transfer ke Daerah dan Dana Desa (TKDD),0.0,2022-11-01
2022,12,Sulawesi Tengah,Transfer ke Daerah dan Dana Desa (TKDD),0.0,2022-12-01
2023,1,Sulawesi Tengah,Transfer ke Daerah dan Dana Desa (TKDD),199199377400.0,2023-01-01
2023,2,Sulawesi Tengah,Transfer ke Daerah dan Dana Desa (TKDD),94172598824.0,2023-02-01
2023,3,Sulawesi Tengah,Transfer ke Daerah dan Dana Desa (TKDD),309999973049.0,2023-03-01
2023,4,Sulawesi Tengah,Transfer ke Daerah dan Dana Desa (TKDD),210969550006.0,2023-04-01
2023,5,Sulawesi Tengah,Transfer ke Daerah dan Dana Desa (TKDD),0.0,2023-05-01
2023,6,Sulawesi Tengah,Transfer ke Daerah dan Dana Desa (TKDD),230736717440.0,2023-06-01
2023,7,Sulawesi Tengah,Transfer ke Daerah dan Dana Desa (TKDD),182344911197.0,2023-07-01
2023,8,Sulawesi Tengah,Transfer ke Daerah dan Dana Desa (TKDD),365641512900.0,2023-08-01
2023,9,Sulawesi Tengah,Transfer ke Daerah dan Dana Desa (TKDD),153934893355.0,2023-09-01
2023,10,Sulawesi Tengah,Transfer ke Daerah dan Dana Desa (TKDD),440769654678.0,2023-10-01
2023,11,Sulawesi Tengah,Transfer ke Daerah dan Dana Desa (TKDD),128924451061.0,2023-11-01
2023,12,Sulawesi Tengah,Transfer ke Daerah dan Dana Desa (TKDD),404964787345.0,2023-12-01
2024,1,Sulawesi Tengah,Transfer ke Daerah dan Dana Desa (TKDD),261205195800.0,2024-01-01
2024,2,Sulawesi Tengah,Transfer ke Daerah dan Dana Desa (TKDD),127434748800.0,2024-02-01
2024,3,Sulawesi Tengah,Transfer ke Daerah dan Dana Desa (TKDD),357606687704.0,2024-03-01
2024,4,Sulawesi Tengah,Transfer ke Daerah dan Dana Desa (TKDD),245157645200.0,2024-04-01
2024,5,Sulawesi Tengah,Transfer ke Daerah dan Dana Desa (TKDD),217581328920.0,2024-05-01
2024,6,Sulawesi Tengah,Transfer ke Daerah dan Dana Desa (TKDD),515557170520.0,2024-06-01
2024,7,Sulawesi Tengah,Transfer ke Daerah dan Dana Desa (TKDD),296460184648.0,2024-07-01
2024,8,Sulawesi Tengah,Transfer ke Daerah dan Dana Desa (TKDD),210232541904.0,2024-08-01
2024,9,Sulawesi Tengah,Transfer ke Daerah dan Dana Desa (TKDD),509402765393.0,2024-09-01
2024,10,Sulawesi Tengah,Transfer ke Daerah dan Dana Desa (TKDD),237617106326.0,2024-10-01
2024,11,Sulawesi Tengah,Transfer ke Daerah dan Dana Desa (TKDD),249152508210.0,2024-11-01
2024,12,Sulawesi Tengah,Transfer ke Daerah dan Dana Desa (TKDD),202468333377.0,2024-12-01
2025,1,Sulawesi Tengah,Transfer ke Daerah dan Dana Desa (TKDD),215040094100.0,2025-01-01
2025,2,Sulawesi Tengah,Transfer ke Daerah dan Dana Desa (TKDD),256395966100.0,2025-02-01
2025,3,Sulawesi Tengah,Transfer ke Daerah dan Dana Desa (TKDD),157872438850.0,2025-03-01
2025,4,Sulawesi Tengah,Transfer ke Daerah dan Dana Desa (TKDD),197766647001.0,2025-04-01
2025,5,Sulawesi Tengah,Transfer ke Daerah dan Dana Desa (TKDD),218854596150.0,2025-05-01
2025,6,Sulawesi Tengah,Transfer ke Daerah dan Dana Desa (TKDD),273072605719.0,2025-06-01
2025,7,Sulawesi Tengah,Transfer ke Daerah dan Dana Desa (TKDD),184494529131.0,2025-07-01
2025,8,Sulawesi Tengah,Transfer ke Daerah dan Dana Desa (TKDD),362052386495.0,2025-08-01
2025,9,Sulawesi Tengah,Transfer ke Daerah dan Dana Desa (TKDD),284273676207.0,2025-09-01
2025,10,Sulawesi Tengah,Transfer ke Daerah dan Dana Desa (TKDD),187925203859.0,2025-10-01
2025,11,Sulawesi Tengah,Transfer ke Daerah dan Dana Desa (TKDD),189801716777.0,2025-11-01
2025,12,Sulawesi Tengah,Transfer ke Daerah dan Dana Desa (TKDD),156395642033.0,2025-12-01
2021,1,Sulawesi Tenggara,Belanja Modal,1246770023310.0,2021-01-01
2021,2,Sulawesi Tenggara,Belanja Modal,0.0,2021-02-01
2021,3,Sulawesi Tenggara,Belanja Modal,0.0,2021-03-01
2021,4,Sulawesi Tenggara,Belanja Modal,0.0,2021-04-01
2021,5,Sulawesi Tenggara,Belanja Modal,0.0,2021-05-01
2021,6,Sulawesi Tenggara,Belanja Modal,0.0,2021-06-01
2021,7,Sulawesi Tenggara,Belanja Modal,0.0,2021-07-01
2021,8,Sulawesi Tenggara,Belanja Modal,0.0,2021-08-01
2021,9,Sulawesi Tenggara,Belanja Modal,0.0,2021-09-01
2021,10,Sulawesi Tenggara,Belanja Modal,0.0,2021-10-01
2021,11,Sulawesi Tenggara,Belanja Modal,0.0,2021-11-01
2021,12,Sulawesi Tenggara,Belanja Modal,0.0,2021-12-01
2022,1,Sulawesi Tenggara,Belanja Modal,1599982654743.0,2022-01-01
2022,2,Sulawesi Tenggara,Belanja Modal,0.0,2022-02-01
2022,3,Sulawesi Tenggara,Belanja Modal,0.0,2022-03-01
2022,4,Sulawesi Tenggara,Belanja Modal,0.0,2022-04-01
2022,5,Sulawesi Tenggara,Belanja Modal,0.0,2022-05-01
2022,6,Sulawesi Tenggara,Belanja Modal,0.0,2022-06-01
2022,7,Sulawesi Tenggara,Belanja Modal,0.0,2022-07-01
2022,8,Sulawesi Tenggara,Belanja Modal,0.0,2022-08-01
2022,9,Sulawesi Tenggara,Belanja Modal,0.0,2022-09-01
2022,10,Sulawesi Tenggara,Belanja Modal,0.0,2022-10-01
2022,11,Sulawesi Tenggara,Belanja Modal,0.0,2022-11-01
2022,12,Sulawesi Tenggara,Belanja Modal,0.0,2022-12-01
2023,1,Sulawesi Tenggara,Belanja Modal,0.0,2023-01-01
2023,2,Sulawesi Tenggara,Belanja Modal,19533167350.0,2023-02-01
2023,3,Sulawesi Tenggara,Belanja Modal,17774966406.0,2023-03-01
2023,4,Sulawesi Tenggara,Belanja Modal,16178639512.0,2023-04-01
2023,5,Sulawesi Tenggara,Belanja Modal,0.0,2023-05-01
2023,6,Sulawesi Tenggara,Belanja Modal,130501638034.0,2023-06-01
2023,7,Sulawesi Tenggara,Belanja Modal,95690859399.0,2023-07-01
2023,8,Sulawesi Tenggara,Belanja Modal,73363915106.0,2023-08-01
2023,9,Sulawesi Tenggara,Belanja Modal,76156673639.0,2023-09-01
2023,10,Sulawesi Tenggara,Belanja Modal,127145365579.0,2023-10-01
2023,11,Sulawesi Tenggara,Belanja Modal,170201060478.0,2023-11-01
2023,12,Sulawesi Tenggara,Belanja Modal,476136749901.0,2023-12-01
2024,1,Sulawesi Tenggara,Belanja Modal,0.0,2024-01-01
2024,2,Sulawesi Tenggara,Belanja Modal,14063950.0,2024-02-01
2024,3,Sulawesi Tenggara,Belanja Modal,6343700274.0,2024-03-01
2024,4,Sulawesi Tenggara,Belanja Modal,19291967244.0,2024-04-01
2024,5,Sulawesi Tenggara,Belanja Modal,60280812155.0,2024-05-01
2024,6,Sulawesi Tenggara,Belanja Modal,31467773692.0,2024-06-01
2024,7,Sulawesi Tenggara,Belanja Modal,73333101422.0,2024-07-01
2024,8,Sulawesi Tenggara,Belanja Modal,92620680962.0,2024-08-01
2024,9,Sulawesi Tenggara,Belanja Modal,50417739226.0,2024-09-01
2024,10,Sulawesi Tenggara,Belanja Modal,89133587712.0,2024-10-01
2024,11,Sulawesi Tenggara,Belanja Modal,119954248598.0,2024-11-01
2024,12,Sulawesi Tenggara,Belanja Modal,386769902698.0,2024-12-01
2025,1,Sulawesi Tenggara,Belanja Modal,0.0,2025-01-01
2025,2,Sulawesi Tenggara,Belanja Modal,0.0,2025-02-01
2025,3,Sulawesi Tenggara,Belanja Modal,463185611.0,2025-03-01
2025,4,Sulawesi Tenggara,Belanja Modal,482600000.0,2025-04-01
2025,5,Sulawesi Tenggara,Belanja Modal,3542100228.0,2025-05-01
2025,6,Sulawesi Tenggara,Belanja Modal,19966001338.0,2025-06-01
2025,7,Sulawesi Tenggara,Belanja Modal,60397900961.0,2025-07-01
2025,8,Sulawesi Tenggara,Belanja Modal,33478165285.0,2025-08-01
2025,9,Sulawesi Tenggara,Belanja Modal,86913511630.0,2025-09-01
2025,10,Sulawesi Tenggara,Belanja Modal,56758356687.0,2025-10-01
2025,11,Sulawesi Tenggara,Belanja Modal,108246853166.0,2025-11-01
2025,12,Sulawesi Tenggara,Belanja Modal,217468245179.0,2025-12-01
2021,1,Sulawesi Tenggara,Pendapatan Asli Daerah (PAD),1373793724629.0,2021-01-01
2021,2,Sulawesi Tenggara,Pendapatan Asli Daerah (PAD),0.0,2021-02-01
2021,3,Sulawesi Tenggara,Pendapatan Asli Daerah (PAD),0.0,2021-03-01
2021,4,Sulawesi Tenggara,Pendapatan Asli Daerah (PAD),0.0,2021-04-01
2021,5,Sulawesi Tenggara,Pendapatan Asli Daerah (PAD),0.0,2021-05-01
2021,6,Sulawesi Tenggara,Pendapatan Asli Daerah (PAD),0.0,2021-06-01
2021,7,Sulawesi Tenggara,Pendapatan Asli Daerah (PAD),0.0,2021-07-01
2021,8,Sulawesi Tenggara,Pendapatan Asli Daerah (PAD),0.0,2021-08-01
2021,9,Sulawesi Tenggara,Pendapatan Asli Daerah (PAD),0.0,2021-09-01
2021,10,Sulawesi Tenggara,Pendapatan Asli Daerah (PAD),0.0,2021-10-01
2021,11,Sulawesi Tenggara,Pendapatan Asli Daerah (PAD),0.0,2021-11-01
2021,12,Sulawesi Tenggara,Pendapatan Asli Daerah (PAD),0.0,2021-12-01
2022,1,Sulawesi Tenggara,Pendapatan Asli Daerah (PAD),1419667152161.1,2022-01-01
2022,2,Sulawesi Tenggara,Pendapatan Asli Daerah (PAD),0.0,2022-02-01
2022,3,Sulawesi Tenggara,Pendapatan Asli Daerah (PAD),0.0,2022-03-01
2022,4,Sulawesi Tenggara,Pendapatan Asli Daerah (PAD),0.0,2022-04-01
2022,5,Sulawesi Tenggara,Pendapatan Asli Daerah (PAD),0.0,2022-05-01
2022,6,Sulawesi Tenggara,Pendapatan Asli Daerah (PAD),0.0,2022-06-01
2022,7,Sulawesi Tenggara,Pendapatan Asli Daerah (PAD),0.0,2022-07-01
2022,8,Sulawesi Tenggara,Pendapatan Asli Daerah (PAD),0.0,2022-08-01
2022,9,Sulawesi Tenggara,Pendapatan Asli Daerah (PAD),0.0,2022-09-01
2022,10,Sulawesi Tenggara,Pendapatan Asli Daerah (PAD),0.0,2022-10-01
2022,11,Sulawesi Tenggara,Pendapatan Asli Daerah (PAD),0.0,2022-11-01
2022,12,Sulawesi Tenggara,Pendapatan Asli Daerah (PAD),0.0,2022-12-01
2023,1,Sulawesi Tenggara,Pendapatan Asli Daerah (PAD),111464264698.53,2023-01-01
2023,2,Sulawesi Tenggara,Pendapatan Asli Daerah (PAD),108853253368.09,2023-02-01
2023,3,Sulawesi Tenggara,Pendapatan Asli Daerah (PAD),217249081847.68,2023-03-01
2023,4,Sulawesi Tenggara,Pendapatan Asli Daerah (PAD),94702828614.89001,2023-04-01
2023,5,Sulawesi Tenggara,Pendapatan Asli Daerah (PAD),0.0,2023-05-01
2023,6,Sulawesi Tenggara,Pendapatan Asli Daerah (PAD),147332073043.24994,2023-06-01
2023,7,Sulawesi Tenggara,Pendapatan Asli Daerah (PAD),127842497360.65002,2023-07-01
2023,8,Sulawesi Tenggara,Pendapatan Asli Daerah (PAD),106922272614.91003,2023-08-01
2023,9,Sulawesi Tenggara,Pendapatan Asli Daerah (PAD),189984267963.8999,2023-09-01
2023,10,Sulawesi Tenggara,Pendapatan Asli Daerah (PAD),108878617317.40015,2023-10-01
2023,11,Sulawesi Tenggara,Pendapatan Asli Daerah (PAD),116523703413.80005,2023-11-01
2023,12,Sulawesi Tenggara,Pendapatan Asli Daerah (PAD),166848815909.69995,2023-12-01
2024,1,Sulawesi Tenggara,Pendapatan Asli Daerah (PAD),118333553460.36,2024-01-01
2024,2,Sulawesi Tenggara,Pendapatan Asli Daerah (PAD),101023151372.77,2024-02-01
2024,3,Sulawesi Tenggara,Pendapatan Asli Daerah (PAD),100963558700.87,2024-03-01
2024,4,Sulawesi Tenggara,Pendapatan Asli Daerah (PAD),90269084426.79999,2024-04-01
2024,5,Sulawesi Tenggara,Pendapatan Asli Daerah (PAD),150137291657.51007,2024-05-01
2024,6,Sulawesi Tenggara,Pendapatan Asli Daerah (PAD),35840579464.68994,2024-06-01
2024,7,Sulawesi Tenggara,Pendapatan Asli Daerah (PAD),275980361394.31006,2024-07-01
2024,8,Sulawesi Tenggara,Pendapatan Asli Daerah (PAD),107651216826.78992,2024-08-01
2024,9,Sulawesi Tenggara,Pendapatan Asli Daerah (PAD),127884324885.70007,2024-09-01
2024,10,Sulawesi Tenggara,Pendapatan Asli Daerah (PAD),151209952683.0,2024-10-01
2024,11,Sulawesi Tenggara,Pendapatan Asli Daerah (PAD),207123641996.09985,2024-11-01
2024,12,Sulawesi Tenggara,Pendapatan Asli Daerah (PAD),177890685079.0,2024-12-01
2025,1,Sulawesi Tenggara,Pendapatan Asli Daerah (PAD),115513441228.99,2025-01-01
2025,2,Sulawesi Tenggara,Pendapatan Asli Daerah (PAD),97496771076.08998,2025-02-01
2025,3,Sulawesi Tenggara,Pendapatan Asli Daerah (PAD),253128456711.13998,2025-03-01
2025,4,Sulawesi Tenggara,Pendapatan Asli Daerah (PAD),114794545715.05005,2025-04-01
2025,5,Sulawesi Tenggara,Pendapatan Asli Daerah (PAD),166864595587.51,2025-05-01
2025,6,Sulawesi Tenggara,Pendapatan Asli Daerah (PAD),0.0,2025-06-01
2025,7,Sulawesi Tenggara,Pendapatan Asli Daerah (PAD),226986119326.30994,2025-07-01
2025,8,Sulawesi Tenggara,Pendapatan Asli Daerah (PAD),148918374347.2301,2025-08-01
2025,9,Sulawesi Tenggara,Pendapatan Asli Daerah (PAD),134036979231.0,2025-09-01
2025,10,Sulawesi Tenggara,Pendapatan Asli Daerah (PAD),203880415837.8999,2025-10-01
2025,11,Sulawesi Tenggara,Pendapatan Asli Daerah (PAD),121413191651.0,2025-11-01
2025,12,Sulawesi Tenggara,Pendapatan Asli Daerah (PAD),76642892506.0,2025-12-01
2021,1,Sulawesi Tenggara,Total Belanja Daerah,4495870207049.0,2021-01-01
2021,2,Sulawesi Tenggara,Total Belanja Daerah,0.0,2021-02-01
2021,3,Sulawesi Tenggara,Total Belanja Daerah,0.0,2021-03-01
2021,4,Sulawesi Tenggara,Total Belanja Daerah,0.0,2021-04-01
2021,5,Sulawesi Tenggara,Total Belanja Daerah,0.0,2021-05-01
2021,6,Sulawesi Tenggara,Total Belanja Daerah,0.0,2021-06-01
2021,7,Sulawesi Tenggara,Total Belanja Daerah,0.0,2021-07-01
2021,8,Sulawesi Tenggara,Total Belanja Daerah,0.0,2021-08-01
2021,9,Sulawesi Tenggara,Total Belanja Daerah,0.0,2021-09-01
2021,10,Sulawesi Tenggara,Total Belanja Daerah,0.0,2021-10-01
2021,11,Sulawesi Tenggara,Total Belanja Daerah,0.0,2021-11-01
2021,12,Sulawesi Tenggara,Total Belanja Daerah,0.0,2021-12-01
2022,1,Sulawesi Tenggara,Total Belanja Daerah,4862530576022.0,2022-01-01
2022,2,Sulawesi Tenggara,Total Belanja Daerah,0.0,2022-02-01
2022,3,Sulawesi Tenggara,Total Belanja Daerah,0.0,2022-03-01
2022,4,Sulawesi Tenggara,Total Belanja Daerah,0.0,2022-04-01
2022,5,Sulawesi Tenggara,Total Belanja Daerah,0.0,2022-05-01
2022,6,Sulawesi Tenggara,Total Belanja Daerah,0.0,2022-06-01
2022,7,Sulawesi Tenggara,Total Belanja Daerah,0.0,2022-07-01
2022,8,Sulawesi Tenggara,Total Belanja Daerah,0.0,2022-08-01
2022,9,Sulawesi Tenggara,Total Belanja Daerah,0.0,2022-09-01
2022,10,Sulawesi Tenggara,Total Belanja Daerah,0.0,2022-10-01
2022,11,Sulawesi Tenggara,Total Belanja Daerah,0.0,2022-11-01
2022,12,Sulawesi Tenggara,Total Belanja Daerah,0.0,2022-12-01
2023,1,Sulawesi Tenggara,Total Belanja Daerah,99953594071.0,2023-01-01
2023,2,Sulawesi Tenggara,Total Belanja Daerah,164213036915.0,2023-02-01
2023,3,Sulawesi Tenggara,Total Belanja Daerah,155148810596.0,2023-03-01
2023,4,Sulawesi Tenggara,Total Belanja Daerah,377438073612.0,2023-04-01
2023,5,Sulawesi Tenggara,Total Belanja Daerah,0.0,2023-05-01
2023,6,Sulawesi Tenggara,Total Belanja Daerah,410700139119.0,2023-06-01
2023,7,Sulawesi Tenggara,Total Belanja Daerah,399918401395.0,2023-07-01
2023,8,Sulawesi Tenggara,Total Belanja Daerah,505621146092.0,2023-08-01
2023,9,Sulawesi Tenggara,Total Belanja Daerah,304040149670.0,2023-09-01
2023,10,Sulawesi Tenggara,Total Belanja Daerah,313302881546.0,2023-10-01
2023,11,Sulawesi Tenggara,Total Belanja Daerah,584805898669.0,2023-11-01
2023,12,Sulawesi Tenggara,Total Belanja Daerah,1327262155531.0,2023-12-01
2024,1,Sulawesi Tenggara,Total Belanja Daerah,22696276551.0,2024-01-01
2024,2,Sulawesi Tenggara,Total Belanja Daerah,250585140735.0,2024-02-01
2024,3,Sulawesi Tenggara,Total Belanja Daerah,116853325673.0,2024-03-01
2024,4,Sulawesi Tenggara,Total Belanja Daerah,274779346718.95996,2024-04-01
2024,5,Sulawesi Tenggara,Total Belanja Daerah,549523107883.64014,2024-05-01
2024,6,Sulawesi Tenggara,Total Belanja Daerah,413467201151.3999,2024-06-01
2024,7,Sulawesi Tenggara,Total Belanja Daerah,408311225160.0,2024-07-01
2024,8,Sulawesi Tenggara,Total Belanja Daerah,604756711485.0,2024-08-01
2024,9,Sulawesi Tenggara,Total Belanja Daerah,194710673345.0,2024-09-01
2024,10,Sulawesi Tenggara,Total Belanja Daerah,326754869629.0,2024-10-01
2024,11,Sulawesi Tenggara,Total Belanja Daerah,561326536094.0,2024-11-01
2024,12,Sulawesi Tenggara,Total Belanja Daerah,1052729694195.0,2024-12-01
2025,1,Sulawesi Tenggara,Total Belanja Daerah,99431783278.0,2025-01-01
2025,2,Sulawesi Tenggara,Total Belanja Daerah,220180405756.0,2025-02-01
2025,3,Sulawesi Tenggara,Total Belanja Daerah,220380550146.0,2025-03-01
2025,4,Sulawesi Tenggara,Total Belanja Daerah,215725188367.0,2025-04-01
2025,5,Sulawesi Tenggara,Total Belanja Daerah,146277256192.0,2025-05-01
2025,6,Sulawesi Tenggara,Total Belanja Daerah,448509453425.0,2025-06-01
2025,7,Sulawesi Tenggara,Total Belanja Daerah,502597786613.0,2025-07-01
2025,8,Sulawesi Tenggara,Total Belanja Daerah,233933044996.0,2025-08-01
2025,9,Sulawesi Tenggara,Total Belanja Daerah,521814421204.0,2025-09-01
2025,10,Sulawesi Tenggara,Total Belanja Daerah,385341246810.0,2025-10-01
2025,11,Sulawesi Tenggara,Total Belanja Daerah,482384387128.0,2025-11-01
2025,12,Sulawesi Tenggara,Total Belanja Daerah,739961432483.0,2025-12-01
2021,1,Sulawesi Tenggara,Total Pendapatan Daerah,4529251153805.0,2021-01-01
2021,2,Sulawesi Tenggara,Total Pendapatan Daerah,0.0,2021-02-01
2021,3,Sulawesi Tenggara,Total Pendapatan Daerah,0.0,2021-03-01
2021,4,Sulawesi Tenggara,Total Pendapatan Daerah,0.0,2021-04-01
2021,5,Sulawesi Tenggara,Total Pendapatan Daerah,0.0,2021-05-01
2021,6,Sulawesi Tenggara,Total Pendapatan Daerah,0.0,2021-06-01
2021,7,Sulawesi Tenggara,Total Pendapatan Daerah,0.0,2021-07-01
2021,8,Sulawesi Tenggara,Total Pendapatan Daerah,0.0,2021-08-01
2021,9,Sulawesi Tenggara,Total Pendapatan Daerah,0.0,2021-09-01
2021,10,Sulawesi Tenggara,Total Pendapatan Daerah,0.0,2021-10-01
2021,11,Sulawesi Tenggara,Total Pendapatan Daerah,0.0,2021-11-01
2021,12,Sulawesi Tenggara,Total Pendapatan Daerah,0.0,2021-12-01
2022,1,Sulawesi Tenggara,Total Pendapatan Daerah,4497953162940.1,2022-01-01
2022,2,Sulawesi Tenggara,Total Pendapatan Daerah,0.0,2022-02-01
2022,3,Sulawesi Tenggara,Total Pendapatan Daerah,0.0,2022-03-01
2022,4,Sulawesi Tenggara,Total Pendapatan Daerah,0.0,2022-04-01
2022,5,Sulawesi Tenggara,Total Pendapatan Daerah,0.0,2022-05-01
2022,6,Sulawesi Tenggara,Total Pendapatan Daerah,0.0,2022-06-01
2022,7,Sulawesi Tenggara,Total Pendapatan Daerah,0.0,2022-07-01
2022,8,Sulawesi Tenggara,Total Pendapatan Daerah,0.0,2022-08-01
2022,9,Sulawesi Tenggara,Total Pendapatan Daerah,0.0,2022-09-01
2022,10,Sulawesi Tenggara,Total Pendapatan Daerah,0.0,2022-10-01
2022,11,Sulawesi Tenggara,Total Pendapatan Daerah,0.0,2022-11-01
2022,12,Sulawesi Tenggara,Total Pendapatan Daerah,0.0,2022-12-01
2023,1,Sulawesi Tenggara,Total Pendapatan Daerah,373526915898.53,2023-01-01
2023,2,Sulawesi Tenggara,Total Pendapatan Daerah,283595923368.08997,2023-02-01
2023,3,Sulawesi Tenggara,Total Pendapatan Daerah,313559985354.68005,2023-03-01
2023,4,Sulawesi Tenggara,Total Pendapatan Daerah,502660275024.8999,2023-04-01
2023,5,Sulawesi Tenggara,Total Pendapatan Daerah,0.0,2023-05-01
2023,6,Sulawesi Tenggara,Total Pendapatan Daerah,327129662936.19995,2023-06-01
2023,7,Sulawesi Tenggara,Total Pendapatan Daerah,329437467110.7002,2023-07-01
2023,8,Sulawesi Tenggara,Total Pendapatan Daerah,407692584264.8999,2023-08-01
2023,9,Sulawesi Tenggara,Total Pendapatan Daerah,429016355764.8999,2023-09-01
2023,10,Sulawesi Tenggara,Total Pendapatan Daerah,580990470079.3999,2023-10-01
2023,11,Sulawesi Tenggara,Total Pendapatan Daerah,231187690058.8003,2023-11-01
2023,12,Sulawesi Tenggara,Total Pendapatan Daerah,568178417180.6997,2023-12-01
2024,1,Sulawesi Tenggara,Total Pendapatan Daerah,436162667260.36,2024-01-01
2024,2,Sulawesi Tenggara,Total Pendapatan Daerah,322472121372.77,2024-02-01
2024,3,Sulawesi Tenggara,Total Pendapatan Daerah,317975499980.87,2024-03-01
2024,4,Sulawesi Tenggara,Total Pendapatan Daerah,403653086776.80005,2024-04-01
2024,5,Sulawesi Tenggara,Total Pendapatan Daerah,262923369567.5,2024-05-01
2024,6,Sulawesi Tenggara,Total Pendapatan Daerah,284450686512.69995,2024-06-01
2024,7,Sulawesi Tenggara,Total Pendapatan Daerah,581118094466.2998,2024-07-01
2024,8,Sulawesi Tenggara,Total Pendapatan Daerah,493581264453.8003,2024-08-01
2024,9,Sulawesi Tenggara,Total Pendapatan Daerah,362202843453.6997,2024-09-01
2024,10,Sulawesi Tenggara,Total Pendapatan Daerah,620613806424.0,2024-10-01
2024,11,Sulawesi Tenggara,Total Pendapatan Daerah,378342509128.1006,2024-11-01
2024,12,Sulawesi Tenggara,Total Pendapatan Daerah,454556898264.0,2024-12-01
2025,1,Sulawesi Tenggara,Total Pendapatan Daerah,482132938728.99,2025-01-01
2025,2,Sulawesi Tenggara,Total Pendapatan Daerah,207591925076.08997,2025-02-01
2025,3,Sulawesi Tenggara,Total Pendapatan Daerah,428518850309.12,2025-03-01
2025,4,Sulawesi Tenggara,Total Pendapatan Daerah,362519077447.1001,2025-04-01
2025,5,Sulawesi Tenggara,Total Pendapatan Daerah,338089622437.5,2025-05-01
2025,6,Sulawesi Tenggara,Total Pendapatan Daerah,0.0,2025-06-01
2025,7,Sulawesi Tenggara,Total Pendapatan Daerah,1063674458690.3,2025-07-01
2025,8,Sulawesi Tenggara,Total Pendapatan Daerah,431139264847.1997,2025-08-01
2025,9,Sulawesi Tenggara,Total Pendapatan Daerah,356028929501.0,2025-09-01
2025,10,Sulawesi Tenggara,Total Pendapatan Daerah,345242296987.9004,2025-10-01
2025,11,Sulawesi Tenggara,Total Pendapatan Daerah,524712538336.0,2025-11-01
2025,12,Sulawesi Tenggara,Total Pendapatan Daerah,296078691662.0,2025-12-01
2021,1,Sulawesi Tenggara,Transfer ke Daerah dan Dana Desa (TKDD),3119960554389.0,2021-01-01
2021,2,Sulawesi Tenggara,Transfer ke Daerah dan Dana Desa (TKDD),0.0,2021-02-01
2021,3,Sulawesi Tenggara,Transfer ke Daerah dan Dana Desa (TKDD),0.0,2021-03-01
2021,4,Sulawesi Tenggara,Transfer ke Daerah dan Dana Desa (TKDD),0.0,2021-04-01
2021,5,Sulawesi Tenggara,Transfer ke Daerah dan Dana Desa (TKDD),0.0,2021-05-01
2021,6,Sulawesi Tenggara,Transfer ke Daerah dan Dana Desa (TKDD),0.0,2021-06-01
2021,7,Sulawesi Tenggara,Transfer ke Daerah dan Dana Desa (TKDD),0.0,2021-07-01
2021,8,Sulawesi Tenggara,Transfer ke Daerah dan Dana Desa (TKDD),0.0,2021-08-01
2021,9,Sulawesi Tenggara,Transfer ke Daerah dan Dana Desa (TKDD),0.0,2021-09-01
2021,10,Sulawesi Tenggara,Transfer ke Daerah dan Dana Desa (TKDD),0.0,2021-10-01
2021,11,Sulawesi Tenggara,Transfer ke Daerah dan Dana Desa (TKDD),0.0,2021-11-01
2021,12,Sulawesi Tenggara,Transfer ke Daerah dan Dana Desa (TKDD),0.0,2021-12-01
2022,1,Sulawesi Tenggara,Transfer ke Daerah dan Dana Desa (TKDD),2979353296423.0,2022-01-01
2022,2,Sulawesi Tenggara,Transfer ke Daerah dan Dana Desa (TKDD),0.0,2022-02-01
2022,3,Sulawesi Tenggara,Transfer ke Daerah dan Dana Desa (TKDD),0.0,2022-03-01
2022,4,Sulawesi Tenggara,Transfer ke Daerah dan Dana Desa (TKDD),0.0,2022-04-01
2022,5,Sulawesi Tenggara,Transfer ke Daerah dan Dana Desa (TKDD),0.0,2022-05-01
2022,6,Sulawesi Tenggara,Transfer ke Daerah dan Dana Desa (TKDD),0.0,2022-06-01
2022,7,Sulawesi Tenggara,Transfer ke Daerah dan Dana Desa (TKDD),0.0,2022-07-01
2022,8,Sulawesi Tenggara,Transfer ke Daerah dan Dana Desa (TKDD),0.0,2022-08-01
2022,9,Sulawesi Tenggara,Transfer ke Daerah dan Dana Desa (TKDD),0.0,2022-09-01
2022,10,Sulawesi Tenggara,Transfer ke Daerah dan Dana Desa (TKDD),0.0,2022-10-01
2022,11,Sulawesi Tenggara,Transfer ke Daerah dan Dana Desa (TKDD),0.0,2022-11-01
2022,12,Sulawesi Tenggara,Transfer ke Daerah dan Dana Desa (TKDD),0.0,2022-12-01
2023,1,Sulawesi Tenggara,Transfer ke Daerah dan Dana Desa (TKDD),262062651200.0,2023-01-01
2023,2,Sulawesi Tenggara,Transfer ke Daerah dan Dana Desa (TKDD),174742670000.0,2023-02-01
2023,3,Sulawesi Tenggara,Transfer ke Daerah dan Dana Desa (TKDD),95377129907.0,2023-03-01
2023,4,Sulawesi Tenggara,Transfer ke Daerah dan Dana Desa (TKDD),407957446410.0,2023-04-01
2023,5,Sulawesi Tenggara,Transfer ke Daerah dan Dana Desa (TKDD),0.0,2023-05-01
2023,6,Sulawesi Tenggara,Transfer ke Daerah dan Dana Desa (TKDD),179797589893.0,2023-06-01
2023,7,Sulawesi Tenggara,Transfer ke Daerah dan Dana Desa (TKDD),201594969750.0,2023-07-01
2023,8,Sulawesi Tenggara,Transfer ke Daerah dan Dana Desa (TKDD),300770311650.0,2023-08-01
2023,9,Sulawesi Tenggara,Transfer ke Daerah dan Dana Desa (TKDD),238422626401.0,2023-09-01
2023,10,Sulawesi Tenggara,Transfer ke Daerah dan Dana Desa (TKDD),472111852762.0,2023-10-01
2023,11,Sulawesi Tenggara,Transfer ke Daerah dan Dana Desa (TKDD),114663986645.0,2023-11-01
2023,12,Sulawesi Tenggara,Transfer ke Daerah dan Dana Desa (TKDD),400829813671.0,2023-12-01
2024,1,Sulawesi Tenggara,Transfer ke Daerah dan Dana Desa (TKDD),317829113800.0,2024-01-01
2024,2,Sulawesi Tenggara,Transfer ke Daerah dan Dana Desa (TKDD),221448970000.0,2024-02-01
2024,3,Sulawesi Tenggara,Transfer ke Daerah dan Dana Desa (TKDD),217011941280.0,2024-03-01
2024,4,Sulawesi Tenggara,Transfer ke Daerah dan Dana Desa (TKDD),313251559650.0,2024-04-01
2024,5,Sulawesi Tenggara,Transfer ke Daerah dan Dana Desa (TKDD),112786077910.0,2024-05-01
2024,6,Sulawesi Tenggara,Transfer ke Daerah dan Dana Desa (TKDD),248471943048.0,2024-06-01
2024,7,Sulawesi Tenggara,Transfer ke Daerah dan Dana Desa (TKDD),305137733072.0,2024-07-01
2024,8,Sulawesi Tenggara,Transfer ke Daerah dan Dana Desa (TKDD),385930047627.0,2024-08-01
2024,9,Sulawesi Tenggara,Transfer ke Daerah dan Dana Desa (TKDD),234033468072.0,2024-09-01
2024,10,Sulawesi Tenggara,Transfer ke Daerah dan Dana Desa (TKDD),469403853741.0,2024-10-01
2024,11,Sulawesi Tenggara,Transfer ke Daerah dan Dana Desa (TKDD),170986850240.0,2024-11-01
2024,12,Sulawesi Tenggara,Transfer ke Daerah dan Dana Desa (TKDD),276083796570.0,2024-12-01
2025,1,Sulawesi Tenggara,Transfer ke Daerah dan Dana Desa (TKDD),366619497500.0,2025-01-01
2025,2,Sulawesi Tenggara,Transfer ke Daerah dan Dana Desa (TKDD),110095154000.0,2025-02-01
2025,3,Sulawesi Tenggara,Transfer ke Daerah dan Dana Desa (TKDD),175390393598.0,2025-03-01
2025,4,Sulawesi Tenggara,Transfer ke Daerah dan Dana Desa (TKDD),247724531732.0,2025-04-01
2025,5,Sulawesi Tenggara,Transfer ke Daerah dan Dana Desa (TKDD),171225026850.0,2025-05-01
2025,6,Sulawesi Tenggara,Transfer ke Daerah dan Dana Desa (TKDD),0.0,2025-06-01
2025,7,Sulawesi Tenggara,Transfer ke Daerah dan Dana Desa (TKDD),836374155364.0,2025-07-01
2025,8,Sulawesi Tenggara,Transfer ke Daerah dan Dana Desa (TKDD),282168526500.0,2025-08-01
2025,9,Sulawesi Tenggara,Transfer ke Daerah dan Dana Desa (TKDD),221939586270.0,2025-09-01
2025,10,Sulawesi Tenggara,Transfer ke Daerah dan Dana Desa (TKDD),141309517150.0,2025-10-01
2025,11,Sulawesi Tenggara,Transfer ke Daerah dan Dana Desa (TKDD),403299346685.0,2025-11-01
2025,12,Sulawesi Tenggara,Transfer ke Daerah dan Dana Desa (TKDD),219435799156.0,2025-12-01
2021,1,Sulawesi Utara,Belanja Modal,1031253909110.0,2021-01-01
2021,2,Sulawesi Utara,Belanja Modal,0.0,2021-02-01
2021,3,Sulawesi Utara,Belanja Modal,0.0,2021-03-01
2021,4,Sulawesi Utara,Belanja Modal,0.0,2021-04-01
2021,5,Sulawesi Utara,Belanja Modal,0.0,2021-05-01
2021,6,Sulawesi Utara,Belanja Modal,0.0,2021-06-01
2021,7,Sulawesi Utara,Belanja Modal,0.0,2021-07-01
2021,8,Sulawesi Utara,Belanja Modal,0.0,2021-08-01
2021,9,Sulawesi Utara,Belanja Modal,0.0,2021-09-01
2021,10,Sulawesi Utara,Belanja Modal,0.0,2021-10-01
2021,11,Sulawesi Utara,Belanja Modal,0.0,2021-11-01
2021,12,Sulawesi Utara,Belanja Modal,0.0,2021-12-01
2022,1,Sulawesi Utara,Belanja Modal,818966382272.71,2022-01-01
2022,2,Sulawesi Utara,Belanja Modal,0.0,2022-02-01
2022,3,Sulawesi Utara,Belanja Modal,0.0,2022-03-01
2022,4,Sulawesi Utara,Belanja Modal,0.0,2022-04-01
2022,5,Sulawesi Utara,Belanja Modal,0.0,2022-05-01
2022,6,Sulawesi Utara,Belanja Modal,0.0,2022-06-01
2022,7,Sulawesi Utara,Belanja Modal,0.0,2022-07-01
2022,8,Sulawesi Utara,Belanja Modal,0.0,2022-08-01
2022,9,Sulawesi Utara,Belanja Modal,0.0,2022-09-01
2022,10,Sulawesi Utara,Belanja Modal,0.0,2022-10-01
2022,11,Sulawesi Utara,Belanja Modal,0.0,2022-11-01
2022,12,Sulawesi Utara,Belanja Modal,0.0,2022-12-01
2023,1,Sulawesi Utara,Belanja Modal,0.0,2023-01-01
2023,2,Sulawesi Utara,Belanja Modal,14088298132.0,2023-02-01
2023,3,Sulawesi Utara,Belanja Modal,6358148775.0,2023-03-01
2023,4,Sulawesi Utara,Belanja Modal,18668671573.0,2023-04-01
2023,5,Sulawesi Utara,Belanja Modal,0.0,2023-05-01
2023,6,Sulawesi Utara,Belanja Modal,33130102596.0,2023-06-01
2023,7,Sulawesi Utara,Belanja Modal,21962928675.0,2023-07-01
2023,8,Sulawesi Utara,Belanja Modal,24249048010.0,2023-08-01
2023,9,Sulawesi Utara,Belanja Modal,54525722993.0,2023-09-01
2023,10,Sulawesi Utara,Belanja Modal,43504687160.0,2023-10-01
2023,11,Sulawesi Utara,Belanja Modal,72119250860.0,2023-11-01
2023,12,Sulawesi Utara,Belanja Modal,125359480253.0,2023-12-01
2024,1,Sulawesi Utara,Belanja Modal,0.0,2024-01-01
2024,2,Sulawesi Utara,Belanja Modal,576621100.0,2024-02-01
2024,3,Sulawesi Utara,Belanja Modal,4518529847.0,2024-03-01
2024,4,Sulawesi Utara,Belanja Modal,2781182518.0,2024-04-01
2024,5,Sulawesi Utara,Belanja Modal,6389330315.0,2024-05-01
2024,6,Sulawesi Utara,Belanja Modal,11422185939.0,2024-06-01
2024,7,Sulawesi Utara,Belanja Modal,16641563929.0,2024-07-01
2024,8,Sulawesi Utara,Belanja Modal,36093275066.0,2024-08-01
2024,9,Sulawesi Utara,Belanja Modal,4661741393.0,2024-09-01
2024,10,Sulawesi Utara,Belanja Modal,45398826884.0,2024-10-01
2024,11,Sulawesi Utara,Belanja Modal,60648976687.0,2024-11-01
2024,12,Sulawesi Utara,Belanja Modal,221698526731.0,2024-12-01
2025,1,Sulawesi Utara,Belanja Modal,0.0,2025-01-01
2025,2,Sulawesi Utara,Belanja Modal,3389000000.0,2025-02-01
2025,3,Sulawesi Utara,Belanja Modal,3139276616.0,2025-03-01
2025,4,Sulawesi Utara,Belanja Modal,2286359277.0,2025-04-01
2025,5,Sulawesi Utara,Belanja Modal,1834941855.0,2025-05-01
2025,6,Sulawesi Utara,Belanja Modal,18605132650.0,2025-06-01
2025,7,Sulawesi Utara,Belanja Modal,7268230878.0,2025-07-01
2025,8,Sulawesi Utara,Belanja Modal,11244373600.0,2025-08-01
2025,9,Sulawesi Utara,Belanja Modal,19729613186.0,2025-09-01
2025,10,Sulawesi Utara,Belanja Modal,46598598842.0,2025-10-01
2025,11,Sulawesi Utara,Belanja Modal,46682312526.0,2025-11-01
2025,12,Sulawesi Utara,Belanja Modal,148524460980.83002,2025-12-01
2021,1,Sulawesi Utara,Pendapatan Asli Daerah (PAD),1310528740581.0,2021-01-01
2021,2,Sulawesi Utara,Pendapatan Asli Daerah (PAD),0.0,2021-02-01
2021,3,Sulawesi Utara,Pendapatan Asli Daerah (PAD),0.0,2021-03-01
2021,4,Sulawesi Utara,Pendapatan Asli Daerah (PAD),0.0,2021-04-01
2021,5,Sulawesi Utara,Pendapatan Asli Daerah (PAD),0.0,2021-05-01
2021,6,Sulawesi Utara,Pendapatan Asli Daerah (PAD),0.0,2021-06-01
2021,7,Sulawesi Utara,Pendapatan Asli Daerah (PAD),0.0,2021-07-01
2021,8,Sulawesi Utara,Pendapatan Asli Daerah (PAD),0.0,2021-08-01
2021,9,Sulawesi Utara,Pendapatan Asli Daerah (PAD),0.0,2021-09-01
2021,10,Sulawesi Utara,Pendapatan Asli Daerah (PAD),0.0,2021-10-01
2021,11,Sulawesi Utara,Pendapatan Asli Daerah (PAD),0.0,2021-11-01
2021,12,Sulawesi Utara,Pendapatan Asli Daerah (PAD),0.0,2021-12-01
2022,1,Sulawesi Utara,Pendapatan Asli Daerah (PAD),1464716968806.2,2022-01-01
2022,2,Sulawesi Utara,Pendapatan Asli Daerah (PAD),0.0,2022-02-01
2022,3,Sulawesi Utara,Pendapatan Asli Daerah (PAD),0.0,2022-03-01
2022,4,Sulawesi Utara,Pendapatan Asli Daerah (PAD),0.0,2022-04-01
2022,5,Sulawesi Utara,Pendapatan Asli Daerah (PAD),0.0,2022-05-01
2022,6,Sulawesi Utara,Pendapatan Asli Daerah (PAD),0.0,2022-06-01
2022,7,Sulawesi Utara,Pendapatan Asli Daerah (PAD),0.0,2022-07-01
2022,8,Sulawesi Utara,Pendapatan Asli Daerah (PAD),0.0,2022-08-01
2022,9,Sulawesi Utara,Pendapatan Asli Daerah (PAD),0.0,2022-09-01
2022,10,Sulawesi Utara,Pendapatan Asli Daerah (PAD),0.0,2022-10-01
2022,11,Sulawesi Utara,Pendapatan Asli Daerah (PAD),0.0,2022-11-01
2022,12,Sulawesi Utara,Pendapatan Asli Daerah (PAD),0.0,2022-12-01
2023,1,Sulawesi Utara,Pendapatan Asli Daerah (PAD),81447879947.0,2023-01-01
2023,2,Sulawesi Utara,Pendapatan Asli Daerah (PAD),170252595687.16,2023-02-01
2023,3,Sulawesi Utara,Pendapatan Asli Daerah (PAD),99352684220.99997,2023-03-01
2023,4,Sulawesi Utara,Pendapatan Asli Daerah (PAD),160747305092.7,2023-04-01
2023,5,Sulawesi Utara,Pendapatan Asli Daerah (PAD),0.0,2023-05-01
2023,6,Sulawesi Utara,Pendapatan Asli Daerah (PAD),81490426727.0,2023-06-01
2023,7,Sulawesi Utara,Pendapatan Asli Daerah (PAD),147872774782.13,2023-07-01
2023,8,Sulawesi Utara,Pendapatan Asli Daerah (PAD),103951731457.66003,2023-08-01
2023,9,Sulawesi Utara,Pendapatan Asli Daerah (PAD),108537781052.62,2023-09-01
2023,10,Sulawesi Utara,Pendapatan Asli Daerah (PAD),102494829269.22998,2023-10-01
2023,11,Sulawesi Utara,Pendapatan Asli Daerah (PAD),159294810274.5,2023-11-01
2023,12,Sulawesi Utara,Pendapatan Asli Daerah (PAD),147695940195.3999,2023-12-01
2024,1,Sulawesi Utara,Pendapatan Asli Daerah (PAD),100918021619.05,2024-01-01
2024,2,Sulawesi Utara,Pendapatan Asli Daerah (PAD),168154235790.91998,2024-02-01
2024,3,Sulawesi Utara,Pendapatan Asli Daerah (PAD),89193607749.93997,2024-03-01
2024,4,Sulawesi Utara,Pendapatan Asli Daerah (PAD),232086426537.21002,2024-04-01
2024,5,Sulawesi Utara,Pendapatan Asli Daerah (PAD),101471951519.0,2024-05-01
2024,6,Sulawesi Utara,Pendapatan Asli Daerah (PAD),38924477277.20996,2024-06-01
2024,7,Sulawesi Utara,Pendapatan Asli Daerah (PAD),222101460727.87,2024-07-01
2024,8,Sulawesi Utara,Pendapatan Asli Daerah (PAD),110636675911.0,2024-08-01
2024,9,Sulawesi Utara,Pendapatan Asli Daerah (PAD),104416608011.0,2024-09-01
2024,10,Sulawesi Utara,Pendapatan Asli Daerah (PAD),233535252621.80005,2024-10-01
2024,11,Sulawesi Utara,Pendapatan Asli Daerah (PAD),100888755848.0,2024-11-01
2024,12,Sulawesi Utara,Pendapatan Asli Daerah (PAD),18721929782.80005,2024-12-01
2025,1,Sulawesi Utara,Pendapatan Asli Daerah (PAD),58683715097.64,2025-01-01
2025,2,Sulawesi Utara,Pendapatan Asli Daerah (PAD),83053062894.42,2025-02-01
2025,3,Sulawesi Utara,Pendapatan Asli Daerah (PAD),98340972242.23999,2025-03-01
2025,4,Sulawesi Utara,Pendapatan Asli Daerah (PAD),223028035791.91998,2025-04-01
2025,5,Sulawesi Utara,Pendapatan Asli Daerah (PAD),19247695650.01001,2025-05-01
2025,6,Sulawesi Utara,Pendapatan Asli Daerah (PAD),179323319126.42004,2025-06-01
2025,7,Sulawesi Utara,Pendapatan Asli Daerah (PAD),53679679851.04993,2025-07-01
2025,8,Sulawesi Utara,Pendapatan Asli Daerah (PAD),88514038865.80005,2025-08-01
2025,9,Sulawesi Utara,Pendapatan Asli Daerah (PAD),97623200025.77002,2025-09-01
2025,10,Sulawesi Utara,Pendapatan Asli Daerah (PAD),128121075880.03003,2025-10-01
2025,11,Sulawesi Utara,Pendapatan Asli Daerah (PAD),106640335092.0,2025-11-01
2025,12,Sulawesi Utara,Pendapatan Asli Daerah (PAD),119532497481.09985,2025-12-01
2021,1,Sulawesi Utara,Total Belanja Daerah,4352913924432.0,2021-01-01
2021,2,Sulawesi Utara,Total Belanja Daerah,0.0,2021-02-01
2021,3,Sulawesi Utara,Total Belanja Daerah,0.0,2021-03-01
2021,4,Sulawesi Utara,Total Belanja Daerah,0.0,2021-04-01
2021,5,Sulawesi Utara,Total Belanja Daerah,0.0,2021-05-01
2021,6,Sulawesi Utara,Total Belanja Daerah,0.0,2021-06-01
2021,7,Sulawesi Utara,Total Belanja Daerah,0.0,2021-07-01
2021,8,Sulawesi Utara,Total Belanja Daerah,0.0,2021-08-01
2021,9,Sulawesi Utara,Total Belanja Daerah,0.0,2021-09-01
2021,10,Sulawesi Utara,Total Belanja Daerah,0.0,2021-10-01
2021,11,Sulawesi Utara,Total Belanja Daerah,0.0,2021-11-01
2021,12,Sulawesi Utara,Total Belanja Daerah,0.0,2021-12-01
2022,1,Sulawesi Utara,Total Belanja Daerah,3858758102783.8,2022-01-01
2022,2,Sulawesi Utara,Total Belanja Daerah,0.0,2022-02-01
2022,3,Sulawesi Utara,Total Belanja Daerah,0.0,2022-03-01
2022,4,Sulawesi Utara,Total Belanja Daerah,0.0,2022-04-01
2022,5,Sulawesi Utara,Total Belanja Daerah,0.0,2022-05-01
2022,6,Sulawesi Utara,Total Belanja Daerah,0.0,2022-06-01
2022,7,Sulawesi Utara,Total Belanja Daerah,0.0,2022-07-01
2022,8,Sulawesi Utara,Total Belanja Daerah,0.0,2022-08-01
2022,9,Sulawesi Utara,Total Belanja Daerah,0.0,2022-09-01
2022,10,Sulawesi Utara,Total Belanja Daerah,0.0,2022-10-01
2022,11,Sulawesi Utara,Total Belanja Daerah,0.0,2022-11-01
2022,12,Sulawesi Utara,Total Belanja Daerah,0.0,2022-12-01
2023,1,Sulawesi Utara,Total Belanja Daerah,133614187784.0,2023-01-01
2023,2,Sulawesi Utara,Total Belanja Daerah,153536645173.0,2023-02-01
2023,3,Sulawesi Utara,Total Belanja Daerah,209406068165.0,2023-03-01
2023,4,Sulawesi Utara,Total Belanja Daerah,339517107171.0,2023-04-01
2023,5,Sulawesi Utara,Total Belanja Daerah,0.0,2023-05-01
2023,6,Sulawesi Utara,Total Belanja Daerah,348938910870.0,2023-06-01
2023,7,Sulawesi Utara,Total Belanja Daerah,261377461727.0,2023-07-01
2023,8,Sulawesi Utara,Total Belanja Daerah,232528101696.0,2023-08-01
2023,9,Sulawesi Utara,Total Belanja Daerah,236296762646.0,2023-09-01
2023,10,Sulawesi Utara,Total Belanja Daerah,263870746547.0,2023-10-01
2023,11,Sulawesi Utara,Total Belanja Daerah,390238573701.0,2023-11-01
2023,12,Sulawesi Utara,Total Belanja Daerah,597414491793.0,2023-12-01
2024,1,Sulawesi Utara,Total Belanja Daerah,128711645520.0,2024-01-01
2024,2,Sulawesi Utara,Total Belanja Daerah,163503695383.0,2024-02-01
2024,3,Sulawesi Utara,Total Belanja Daerah,201405471854.0,2024-03-01
2024,4,Sulawesi Utara,Total Belanja Daerah,279894969484.0,2024-04-01
2024,5,Sulawesi Utara,Total Belanja Daerah,304041226991.0,2024-05-01
2024,6,Sulawesi Utara,Total Belanja Daerah,317460543972.0,2024-06-01
2024,7,Sulawesi Utara,Total Belanja Daerah,299730449183.0,2024-07-01
2024,8,Sulawesi Utara,Total Belanja Daerah,314235790044.0,2024-08-01
2024,9,Sulawesi Utara,Total Belanja Daerah,234975005219.0,2024-09-01
2024,10,Sulawesi Utara,Total Belanja Daerah,268484317538.0,2024-10-01
2024,11,Sulawesi Utara,Total Belanja Daerah,408099591675.0,2024-11-01
2024,12,Sulawesi Utara,Total Belanja Daerah,787391548719.0,2024-12-01
2025,1,Sulawesi Utara,Total Belanja Daerah,140547617949.0,2025-01-01
2025,2,Sulawesi Utara,Total Belanja Daerah,155530901431.0,2025-02-01
2025,3,Sulawesi Utara,Total Belanja Daerah,227181461545.0,2025-03-01
2025,4,Sulawesi Utara,Total Belanja Daerah,104991881190.0,2025-04-01
2025,5,Sulawesi Utara,Total Belanja Daerah,120447927810.0,2025-05-01
2025,6,Sulawesi Utara,Total Belanja Daerah,496463965951.0,2025-06-01
2025,7,Sulawesi Utara,Total Belanja Daerah,111692379588.0,2025-07-01
2025,8,Sulawesi Utara,Total Belanja Daerah,193307868770.0,2025-08-01
2025,9,Sulawesi Utara,Total Belanja Daerah,205839088121.0,2025-09-01
2025,10,Sulawesi Utara,Total Belanja Daerah,367120440471.0,2025-10-01
2025,11,Sulawesi Utara,Total Belanja Daerah,253599700959.0,2025-11-01
2025,12,Sulawesi Utara,Total Belanja Daerah,572050659612.7998,2025-12-01
2021,1,Sulawesi Utara,Total Pendapatan Daerah,3958016296497.0,2021-01-01
2021,2,Sulawesi Utara,Total Pendapatan Daerah,0.0,2021-02-01
2021,3,Sulawesi Utara,Total Pendapatan Daerah,0.0,2021-03-01
2021,4,Sulawesi Utara,Total Pendapatan Daerah,0.0,2021-04-01
2021,5,Sulawesi Utara,Total Pendapatan Daerah,0.0,2021-05-01
2021,6,Sulawesi Utara,Total Pendapatan Daerah,0.0,2021-06-01
2021,7,Sulawesi Utara,Total Pendapatan Daerah,0.0,2021-07-01
2021,8,Sulawesi Utara,Total Pendapatan Daerah,0.0,2021-08-01
2021,9,Sulawesi Utara,Total Pendapatan Daerah,0.0,2021-09-01
2021,10,Sulawesi Utara,Total Pendapatan Daerah,0.0,2021-10-01
2021,11,Sulawesi Utara,Total Pendapatan Daerah,0.0,2021-11-01
2021,12,Sulawesi Utara,Total Pendapatan Daerah,0.0,2021-12-01
2022,1,Sulawesi Utara,Total Pendapatan Daerah,3726578804936.2,2022-01-01
2022,2,Sulawesi Utara,Total Pendapatan Daerah,0.0,2022-02-01
2022,3,Sulawesi Utara,Total Pendapatan Daerah,0.0,2022-03-01
2022,4,Sulawesi Utara,Total Pendapatan Daerah,0.0,2022-04-01
2022,5,Sulawesi Utara,Total Pendapatan Daerah,0.0,2022-05-01
2022,6,Sulawesi Utara,Total Pendapatan Daerah,0.0,2022-06-01
2022,7,Sulawesi Utara,Total Pendapatan Daerah,0.0,2022-07-01
2022,8,Sulawesi Utara,Total Pendapatan Daerah,0.0,2022-08-01
2022,9,Sulawesi Utara,Total Pendapatan Daerah,0.0,2022-09-01
2022,10,Sulawesi Utara,Total Pendapatan Daerah,0.0,2022-10-01
2022,11,Sulawesi Utara,Total Pendapatan Daerah,0.0,2022-11-01
2022,12,Sulawesi Utara,Total Pendapatan Daerah,0.0,2022-12-01
2023,1,Sulawesi Utara,Total Pendapatan Daerah,218393694938.0,2023-01-01
2023,2,Sulawesi Utara,Total Pendapatan Daerah,294397837810.16,2023-02-01
2023,3,Sulawesi Utara,Total Pendapatan Daerah,178412003279.00006,2023-03-01
2023,4,Sulawesi Utara,Total Pendapatan Daerah,302591805804.69995,2023-04-01
2023,5,Sulawesi Utara,Total Pendapatan Daerah,0.0,2023-05-01
2023,6,Sulawesi Utara,Total Pendapatan Daerah,256626630190.03992,2023-06-01
2023,7,Sulawesi Utara,Total Pendapatan Daerah,313466316321.1001,2023-07-01
2023,8,Sulawesi Utara,Total Pendapatan Daerah,203031906640.6001,2023-08-01
2023,9,Sulawesi Utara,Total Pendapatan Daerah,238166929028.69995,2023-09-01
2023,10,Sulawesi Utara,Total Pendapatan Daerah,412671931176.19995,2023-10-01
2023,11,Sulawesi Utara,Total Pendapatan Daerah,289233251225.5,2023-11-01
2023,12,Sulawesi Utara,Total Pendapatan Daerah,656229176324.3999,2023-12-01
2024,1,Sulawesi Utara,Total Pendapatan Daerah,348025170731.05,2024-01-01
2024,2,Sulawesi Utara,Total Pendapatan Daerah,278161810414.92,2024-02-01
2024,3,Sulawesi Utara,Total Pendapatan Daerah,215768565095.94006,2024-03-01
2024,4,Sulawesi Utara,Total Pendapatan Daerah,381577907354.19006,2024-04-01
2024,5,Sulawesi Utara,Total Pendapatan Daerah,242610049188.0,2024-05-01
2024,6,Sulawesi Utara,Total Pendapatan Daerah,84478754140.19995,2024-06-01
2024,7,Sulawesi Utara,Total Pendapatan Daerah,496900131137.8999,2024-07-01
2024,8,Sulawesi Utara,Total Pendapatan Daerah,306543929324.00024,2024-08-01
2024,9,Sulawesi Utara,Total Pendapatan Daerah,323244560561.0,2024-09-01
2024,10,Sulawesi Utara,Total Pendapatan Daerah,515529670963.7998,2024-10-01
2024,11,Sulawesi Utara,Total Pendapatan Daerah,199727071941.0,2024-11-01
2024,12,Sulawesi Utara,Total Pendapatan Daerah,261270982547.7998,2024-12-01
2025,1,Sulawesi Utara,Total Pendapatan Daerah,259213096889.64,2025-01-01
2025,2,Sulawesi Utara,Total Pendapatan Daerah,178567773503.41998,2025-02-01
2025,3,Sulawesi Utara,Total Pendapatan Daerah,191453057443.24005,2025-03-01
2025,4,Sulawesi Utara,Total Pendapatan Daerah,315558414618.9199,2025-04-01
2025,5,Sulawesi Utara,Total Pendapatan Daerah,19247695650.01001,2025-05-01
2025,6,Sulawesi Utara,Total Pendapatan Daerah,621930093111.3701,2025-06-01
2025,7,Sulawesi Utara,Total Pendapatan Daerah,2645505971.0998535,2025-07-01
2025,8,Sulawesi Utara,Total Pendapatan Daerah,220597387815.80005,2025-08-01
2025,9,Sulawesi Utara,Total Pendapatan Daerah,429265350137.7998,2025-09-01
2025,10,Sulawesi Utara,Total Pendapatan Daerah,323164374222.0,2025-10-01
2025,11,Sulawesi Utara,Total Pendapatan Daerah,228405439991.0,2025-11-01
2025,12,Sulawesi Utara,Total Pendapatan Daerah,270381359104.1001,2025-12-01
2021,1,Sulawesi Utara,Transfer ke Daerah dan Dana Desa (TKDD),2626382357008.0,2021-01-01
2021,2,Sulawesi Utara,Transfer ke Daerah dan Dana Desa (TKDD),0.0,2021-02-01
2021,3,Sulawesi Utara,Transfer ke Daerah dan Dana Desa (TKDD),0.0,2021-03-01
2021,4,Sulawesi Utara,Transfer ke Daerah dan Dana Desa (TKDD),0.0,2021-04-01
2021,5,Sulawesi Utara,Transfer ke Daerah dan Dana Desa (TKDD),0.0,2021-05-01
2021,6,Sulawesi Utara,Transfer ke Daerah dan Dana Desa (TKDD),0.0,2021-06-01
2021,7,Sulawesi Utara,Transfer ke Daerah dan Dana Desa (TKDD),0.0,2021-07-01
2021,8,Sulawesi Utara,Transfer ke Daerah dan Dana Desa (TKDD),0.0,2021-08-01
2021,9,Sulawesi Utara,Transfer ke Daerah dan Dana Desa (TKDD),0.0,2021-09-01
2021,10,Sulawesi Utara,Transfer ke Daerah dan Dana Desa (TKDD),0.0,2021-10-01
2021,11,Sulawesi Utara,Transfer ke Daerah dan Dana Desa (TKDD),0.0,2021-11-01
2021,12,Sulawesi Utara,Transfer ke Daerah dan Dana Desa (TKDD),0.0,2021-12-01
2022,1,Sulawesi Utara,Transfer ke Daerah dan Dana Desa (TKDD),2198585567740.0,2022-01-01
2022,2,Sulawesi Utara,Transfer ke Daerah dan Dana Desa (TKDD),0.0,2022-02-01
2022,3,Sulawesi Utara,Transfer ke Daerah dan Dana Desa (TKDD),0.0,2022-03-01
2022,4,Sulawesi Utara,Transfer ke Daerah dan Dana Desa (TKDD),0.0,2022-04-01
2022,5,Sulawesi Utara,Transfer ke Daerah dan Dana Desa (TKDD),0.0,2022-05-01
2022,6,Sulawesi Utara,Transfer ke Daerah dan Dana Desa (TKDD),0.0,2022-06-01
2022,7,Sulawesi Utara,Transfer ke Daerah dan Dana Desa (TKDD),0.0,2022-07-01
2022,8,Sulawesi Utara,Transfer ke Daerah dan Dana Desa (TKDD),0.0,2022-08-01
2022,9,Sulawesi Utara,Transfer ke Daerah dan Dana Desa (TKDD),0.0,2022-09-01
2022,10,Sulawesi Utara,Transfer ke Daerah dan Dana Desa (TKDD),0.0,2022-10-01
2022,11,Sulawesi Utara,Transfer ke Daerah dan Dana Desa (TKDD),0.0,2022-11-01
2022,12,Sulawesi Utara,Transfer ke Daerah dan Dana Desa (TKDD),0.0,2022-12-01
2023,1,Sulawesi Utara,Transfer ke Daerah dan Dana Desa (TKDD),136945814991.0,2023-01-01
2023,2,Sulawesi Utara,Transfer ke Daerah dan Dana Desa (TKDD),124117326623.0,2023-02-01
2023,3,Sulawesi Utara,Transfer ke Daerah dan Dana Desa (TKDD),78927282756.0,2023-03-01
2023,4,Sulawesi Utara,Transfer ke Daerah dan Dana Desa (TKDD),141844500712.0,2023-04-01
2023,5,Sulawesi Utara,Transfer ke Daerah dan Dana Desa (TKDD),0.0,2023-05-01
2023,6,Sulawesi Utara,Transfer ke Daerah dan Dana Desa (TKDD),175136203463.0,2023-06-01
2023,7,Sulawesi Utara,Transfer ke Daerah dan Dana Desa (TKDD),165094339539.0,2023-07-01
2023,8,Sulawesi Utara,Transfer ke Daerah dan Dana Desa (TKDD),99008247183.0,2023-08-01
2023,9,Sulawesi Utara,Transfer ke Daerah dan Dana Desa (TKDD),129621523976.0,2023-09-01
2023,10,Sulawesi Utara,Transfer ke Daerah dan Dana Desa (TKDD),309960493907.0,2023-10-01
2023,11,Sulawesi Utara,Transfer ke Daerah dan Dana Desa (TKDD),129817599951.0,2023-11-01
2023,12,Sulawesi Utara,Transfer ke Daerah dan Dana Desa (TKDD),508364850129.0,2023-12-01
2024,1,Sulawesi Utara,Transfer ke Daerah dan Dana Desa (TKDD),247107149112.0,2024-01-01
2024,2,Sulawesi Utara,Transfer ke Daerah dan Dana Desa (TKDD),110007574624.0,2024-02-01
2024,3,Sulawesi Utara,Transfer ke Daerah dan Dana Desa (TKDD),126557140346.0,2024-03-01
2024,4,Sulawesi Utara,Transfer ke Daerah dan Dana Desa (TKDD),149491480817.0,2024-04-01
2024,5,Sulawesi Utara,Transfer ke Daerah dan Dana Desa (TKDD),141138097669.0,2024-05-01
2024,6,Sulawesi Utara,Transfer ke Daerah dan Dana Desa (TKDD),45504305863.0,2024-06-01
2024,7,Sulawesi Utara,Transfer ke Daerah dan Dana Desa (TKDD),274798670410.0,2024-07-01
2024,8,Sulawesi Utara,Transfer ke Daerah dan Dana Desa (TKDD),195248179413.0,2024-08-01
2024,9,Sulawesi Utara,Transfer ke Daerah dan Dana Desa (TKDD),218691814550.0,2024-09-01
2024,10,Sulawesi Utara,Transfer ke Daerah dan Dana Desa (TKDD),281994418342.0,2024-10-01
2024,11,Sulawesi Utara,Transfer ke Daerah dan Dana Desa (TKDD),98648644093.0,2024-11-01
2024,12,Sulawesi Utara,Transfer ke Daerah dan Dana Desa (TKDD),242390118765.0,2024-12-01
2025,1,Sulawesi Utara,Transfer ke Daerah dan Dana Desa (TKDD),200529381792.0,2025-01-01
2025,2,Sulawesi Utara,Transfer ke Daerah dan Dana Desa (TKDD),95514710609.0,2025-02-01
2025,3,Sulawesi Utara,Transfer ke Daerah dan Dana Desa (TKDD),93112085201.0,2025-03-01
2025,4,Sulawesi Utara,Transfer ke Daerah dan Dana Desa (TKDD),92530378827.0,2025-04-01
2025,5,Sulawesi Utara,Transfer ke Daerah dan Dana Desa (TKDD),0.0,2025-05-01
2025,6,Sulawesi Utara,Transfer ke Daerah dan Dana Desa (TKDD),442606773985.0,2025-06-01
2025,7,Sulawesi Utara,Transfer ke Daerah dan Dana Desa (TKDD),0.0,2025-07-01
2025,8,Sulawesi Utara,Transfer ke Daerah dan Dana Desa (TKDD),132083348950.0,2025-08-01
2025,9,Sulawesi Utara,Transfer ke Daerah dan Dana Desa (TKDD),331484306112.0,2025-09-01
2025,10,Sulawesi Utara,Transfer ke Daerah dan Dana Desa (TKDD),194885454342.0,2025-10-01
2025,11,Sulawesi Utara,Transfer ke Daerah dan Dana Desa (TKDD),121765104899.0,2025-11-01
2025,12,Sulawesi Utara,Transfer ke Daerah dan Dana Desa (TKDD),150691017623.0,2025-12-01
2021,1,Sumatera Barat,Belanja Modal,666352120893.0,2021-01-01
2021,2,Sumatera Barat,Belanja Modal,0.0,2021-02-01
2021,3,Sumatera Barat,Belanja Modal,0.0,2021-03-01
2021,4,Sumatera Barat,Belanja Modal,0.0,2021-04-01
2021,5,Sumatera Barat,Belanja Modal,0.0,2021-05-01
2021,6,Sumatera Barat,Belanja Modal,0.0,2021-06-01
2021,7,Sumatera Barat,Belanja Modal,0.0,2021-07-01
2021,8,Sumatera Barat,Belanja Modal,0.0,2021-08-01
2021,9,Sumatera Barat,Belanja Modal,0.0,2021-09-01
2021,10,Sumatera Barat,Belanja Modal,0.0,2021-10-01
2021,11,Sumatera Barat,Belanja Modal,0.0,2021-11-01
2021,12,Sumatera Barat,Belanja Modal,0.0,2021-12-01
2022,1,Sumatera Barat,Belanja Modal,941069948131.89,2022-01-01
2022,2,Sumatera Barat,Belanja Modal,0.0,2022-02-01
2022,3,Sumatera Barat,Belanja Modal,0.0,2022-03-01
2022,4,Sumatera Barat,Belanja Modal,0.0,2022-04-01
2022,5,Sumatera Barat,Belanja Modal,0.0,2022-05-01
2022,6,Sumatera Barat,Belanja Modal,0.0,2022-06-01
2022,7,Sumatera Barat,Belanja Modal,0.0,2022-07-01
2022,8,Sumatera Barat,Belanja Modal,0.0,2022-08-01
2022,9,Sumatera Barat,Belanja Modal,0.0,2022-09-01
2022,10,Sumatera Barat,Belanja Modal,0.0,2022-10-01
2022,11,Sumatera Barat,Belanja Modal,0.0,2022-11-01
2022,12,Sumatera Barat,Belanja Modal,0.0,2022-12-01
2023,1,Sumatera Barat,Belanja Modal,641961008.0,2023-01-01
2023,2,Sumatera Barat,Belanja Modal,6496480208.0,2023-02-01
2023,3,Sumatera Barat,Belanja Modal,5342924407.0,2023-03-01
2023,4,Sumatera Barat,Belanja Modal,22187781156.0,2023-04-01
2023,5,Sumatera Barat,Belanja Modal,0.0,2023-05-01
2023,6,Sumatera Barat,Belanja Modal,56067039119.0,2023-06-01
2023,7,Sumatera Barat,Belanja Modal,72355195149.0,2023-07-01
2023,8,Sumatera Barat,Belanja Modal,80666874526.0,2023-08-01
2023,9,Sumatera Barat,Belanja Modal,64667697952.0,2023-09-01
2023,10,Sumatera Barat,Belanja Modal,95706112944.0,2023-10-01
2023,11,Sumatera Barat,Belanja Modal,98669927106.0,2023-11-01
2023,12,Sumatera Barat,Belanja Modal,456327381179.0,2023-12-01
2024,1,Sumatera Barat,Belanja Modal,628894600.0,2024-01-01
2024,2,Sumatera Barat,Belanja Modal,2074025306.0,2024-02-01
2024,3,Sumatera Barat,Belanja Modal,15547061760.0,2024-03-01
2024,4,Sumatera Barat,Belanja Modal,19337685658.0,2024-04-01
2024,5,Sumatera Barat,Belanja Modal,34137827918.0,2024-05-01
2024,6,Sumatera Barat,Belanja Modal,79447495300.0,2024-06-01
2024,7,Sumatera Barat,Belanja Modal,0.0,2024-07-01
2024,8,Sumatera Barat,Belanja Modal,72736215795.0,2024-08-01
2024,9,Sumatera Barat,Belanja Modal,53200114016.0,2024-09-01
2024,10,Sumatera Barat,Belanja Modal,70374099070.0,2024-10-01
2024,11,Sumatera Barat,Belanja Modal,97819943688.03998,2024-11-01
2024,12,Sumatera Barat,Belanja Modal,327151846856.31,2024-12-01
2025,1,Sumatera Barat,Belanja Modal,0.0,2025-01-01
2025,2,Sumatera Barat,Belanja Modal,216142400.0,2025-02-01
2025,3,Sumatera Barat,Belanja Modal,26945985059.0,2025-03-01
2025,4,Sumatera Barat,Belanja Modal,9191233828.0,2025-04-01
2025,5,Sumatera Barat,Belanja Modal,26569132845.0,2025-05-01
2025,6,Sumatera Barat,Belanja Modal,69201837075.0,2025-06-01
2025,7,Sumatera Barat,Belanja Modal,36222874565.0,2025-07-01
2025,8,Sumatera Barat,Belanja Modal,47069738245.0,2025-08-01
2025,9,Sumatera Barat,Belanja Modal,36481807479.76001,2025-09-01
2025,10,Sumatera Barat,Belanja Modal,55549356309.0,2025-10-01
2025,11,Sumatera Barat,Belanja Modal,81619274523.0,2025-11-01
2025,12,Sumatera Barat,Belanja Modal,330534880307.37,2025-12-01
2021,1,Sumatera Barat,Pendapatan Asli Daerah (PAD),2551899163309.0,2021-01-01
2021,2,Sumatera Barat,Pendapatan Asli Daerah (PAD),0.0,2021-02-01
2021,3,Sumatera Barat,Pendapatan Asli Daerah (PAD),0.0,2021-03-01
2021,4,Sumatera Barat,Pendapatan Asli Daerah (PAD),0.0,2021-04-01
2021,5,Sumatera Barat,Pendapatan Asli Daerah (PAD),0.0,2021-05-01
2021,6,Sumatera Barat,Pendapatan Asli Daerah (PAD),0.0,2021-06-01
2021,7,Sumatera Barat,Pendapatan Asli Daerah (PAD),0.0,2021-07-01
2021,8,Sumatera Barat,Pendapatan Asli Daerah (PAD),0.0,2021-08-01
2021,9,Sumatera Barat,Pendapatan Asli Daerah (PAD),0.0,2021-09-01
2021,10,Sumatera Barat,Pendapatan Asli Daerah (PAD),0.0,2021-10-01
2021,11,Sumatera Barat,Pendapatan Asli Daerah (PAD),0.0,2021-11-01
2021,12,Sumatera Barat,Pendapatan Asli Daerah (PAD),0.0,2021-12-01
2022,1,Sumatera Barat,Pendapatan Asli Daerah (PAD),2851966014892.6,2022-01-01
2022,2,Sumatera Barat,Pendapatan Asli Daerah (PAD),0.0,2022-02-01
2022,3,Sumatera Barat,Pendapatan Asli Daerah (PAD),0.0,2022-03-01
2022,4,Sumatera Barat,Pendapatan Asli Daerah (PAD),0.0,2022-04-01
2022,5,Sumatera Barat,Pendapatan Asli Daerah (PAD),0.0,2022-05-01
2022,6,Sumatera Barat,Pendapatan Asli Daerah (PAD),0.0,2022-06-01
2022,7,Sumatera Barat,Pendapatan Asli Daerah (PAD),0.0,2022-07-01
2022,8,Sumatera Barat,Pendapatan Asli Daerah (PAD),0.0,2022-08-01
2022,9,Sumatera Barat,Pendapatan Asli Daerah (PAD),0.0,2022-09-01
2022,10,Sumatera Barat,Pendapatan Asli Daerah (PAD),0.0,2022-10-01
2022,11,Sumatera Barat,Pendapatan Asli Daerah (PAD),0.0,2022-11-01
2022,12,Sumatera Barat,Pendapatan Asli Daerah (PAD),0.0,2022-12-01
2023,1,Sumatera Barat,Pendapatan Asli Daerah (PAD),183947223440.39,2023-01-01
2023,2,Sumatera Barat,Pendapatan Asli Daerah (PAD),165886211608.89,2023-02-01
2023,3,Sumatera Barat,Pendapatan Asli Daerah (PAD),187511294306.99,2023-03-01
2023,4,Sumatera Barat,Pendapatan Asli Daerah (PAD),443556374885.03,2023-04-01
2023,5,Sumatera Barat,Pendapatan Asli Daerah (PAD),0.0,2023-05-01
2023,6,Sumatera Barat,Pendapatan Asli Daerah (PAD),154257786454.80005,2023-06-01
2023,7,Sumatera Barat,Pendapatan Asli Daerah (PAD),313684550499.0,2023-07-01
2023,8,Sumatera Barat,Pendapatan Asli Daerah (PAD),199853664550.3999,2023-08-01
2023,9,Sumatera Barat,Pendapatan Asli Daerah (PAD),189027721114.69995,2023-09-01
2023,10,Sumatera Barat,Pendapatan Asli Daerah (PAD),278011279729.90015,2023-10-01
2023,11,Sumatera Barat,Pendapatan Asli Daerah (PAD),186375184665.8999,2023-11-01
2023,12,Sumatera Barat,Pendapatan Asli Daerah (PAD),294472351135.0,2023-12-01
2024,1,Sumatera Barat,Pendapatan Asli Daerah (PAD),191561251050.9,2024-01-01
2024,2,Sumatera Barat,Pendapatan Asli Daerah (PAD),148795295875.00003,2024-02-01
2024,3,Sumatera Barat,Pendapatan Asli Daerah (PAD),169253287782.15997,2024-03-01
2024,4,Sumatera Barat,Pendapatan Asli Daerah (PAD),471003631587.85004,2024-04-01
2024,5,Sumatera Barat,Pendapatan Asli Daerah (PAD),195892242611.48987,2024-05-01
2024,6,Sumatera Barat,Pendapatan Asli Daerah (PAD),174755828164.5,2024-06-01
2024,7,Sumatera Barat,Pendapatan Asli Daerah (PAD),309920296842.40015,2024-07-01
2024,8,Sumatera Barat,Pendapatan Asli Daerah (PAD),202855857125.0,2024-08-01
2024,9,Sumatera Barat,Pendapatan Asli Daerah (PAD),207588405738.69995,2024-09-01
2024,10,Sumatera Barat,Pendapatan Asli Daerah (PAD),314529863586.1001,2024-10-01
2024,11,Sumatera Barat,Pendapatan Asli Daerah (PAD),196751717044.1001,2024-11-01
2024,12,Sumatera Barat,Pendapatan Asli Daerah (PAD),359655940458.0,2024-12-01
2025,1,Sumatera Barat,Pendapatan Asli Daerah (PAD),139470094908.34,2025-01-01
2025,2,Sumatera Barat,Pendapatan Asli Daerah (PAD),134573151346.56,2025-02-01
2025,3,Sumatera Barat,Pendapatan Asli Daerah (PAD),293305026809.05994,2025-03-01
2025,4,Sumatera Barat,Pendapatan Asli Daerah (PAD),347990685854.7001,2025-04-01
2025,5,Sumatera Barat,Pendapatan Asli Daerah (PAD),164642040330.33997,2025-05-01
2025,6,Sumatera Barat,Pendapatan Asli Daerah (PAD),200966270227.80005,2025-06-01
2025,7,Sumatera Barat,Pendapatan Asli Daerah (PAD),302584900886.80005,2025-07-01
2025,8,Sumatera Barat,Pendapatan Asli Daerah (PAD),199010635290.69995,2025-08-01
2025,9,Sumatera Barat,Pendapatan Asli Daerah (PAD),198590860797.3999,2025-09-01
2025,10,Sumatera Barat,Pendapatan Asli Daerah (PAD),299680935091.50024,2025-10-01
2025,11,Sumatera Barat,Pendapatan Asli Daerah (PAD),182838347198.0,2025-11-01
2025,12,Sumatera Barat,Pendapatan Asli Daerah (PAD),300215880287.3999,2025-12-01
2021,1,Sumatera Barat,Total Belanja Daerah,6468906658345.0,2021-01-01
2021,2,Sumatera Barat,Total Belanja Daerah,0.0,2021-02-01
2021,3,Sumatera Barat,Total Belanja Daerah,0.0,2021-03-01
2021,4,Sumatera Barat,Total Belanja Daerah,0.0,2021-04-01
2021,5,Sumatera Barat,Total Belanja Daerah,0.0,2021-05-01
2021,6,Sumatera Barat,Total Belanja Daerah,0.0,2021-06-01
2021,7,Sumatera Barat,Total Belanja Daerah,0.0,2021-07-01
2021,8,Sumatera Barat,Total Belanja Daerah,0.0,2021-08-01
2021,9,Sumatera Barat,Total Belanja Daerah,0.0,2021-09-01
2021,10,Sumatera Barat,Total Belanja Daerah,0.0,2021-10-01
2021,11,Sumatera Barat,Total Belanja Daerah,0.0,2021-11-01
2021,12,Sumatera Barat,Total Belanja Daerah,0.0,2021-12-01
2022,1,Sumatera Barat,Total Belanja Daerah,6304434742047.8,2022-01-01
2022,2,Sumatera Barat,Total Belanja Daerah,0.0,2022-02-01
2022,3,Sumatera Barat,Total Belanja Daerah,0.0,2022-03-01
2022,4,Sumatera Barat,Total Belanja Daerah,0.0,2022-04-01
2022,5,Sumatera Barat,Total Belanja Daerah,0.0,2022-05-01
2022,6,Sumatera Barat,Total Belanja Daerah,0.0,2022-06-01
2022,7,Sumatera Barat,Total Belanja Daerah,0.0,2022-07-01
2022,8,Sumatera Barat,Total Belanja Daerah,0.0,2022-08-01
2022,9,Sumatera Barat,Total Belanja Daerah,0.0,2022-09-01
2022,10,Sumatera Barat,Total Belanja Daerah,0.0,2022-10-01
2022,11,Sumatera Barat,Total Belanja Daerah,0.0,2022-11-01
2022,12,Sumatera Barat,Total Belanja Daerah,0.0,2022-12-01
2023,1,Sumatera Barat,Total Belanja Daerah,107967494887.0,2023-01-01
2023,2,Sumatera Barat,Total Belanja Daerah,155450667388.0,2023-02-01
2023,3,Sumatera Barat,Total Belanja Daerah,247121537549.0,2023-03-01
2023,4,Sumatera Barat,Total Belanja Daerah,534033919805.0,2023-04-01
2023,5,Sumatera Barat,Total Belanja Daerah,0.0,2023-05-01
2023,6,Sumatera Barat,Total Belanja Daerah,457555143888.0,2023-06-01
2023,7,Sumatera Barat,Total Belanja Daerah,413629237654.0,2023-07-01
2023,8,Sumatera Barat,Total Belanja Daerah,607195867908.0,2023-08-01
2023,9,Sumatera Barat,Total Belanja Daerah,377732644739.0,2023-09-01
2023,10,Sumatera Barat,Total Belanja Daerah,373692231870.0,2023-10-01
2023,11,Sumatera Barat,Total Belanja Daerah,623280921333.0,2023-11-01
2023,12,Sumatera Barat,Total Belanja Daerah,1910725178757.0,2023-12-01
2024,1,Sumatera Barat,Total Belanja Daerah,114172172997.0,2024-01-01
2024,2,Sumatera Barat,Total Belanja Daerah,173601993648.0,2024-02-01
2024,3,Sumatera Barat,Total Belanja Daerah,303725525224.48,2024-03-01
2024,4,Sumatera Barat,Total Belanja Daerah,433015133257.42004,2024-04-01
2024,5,Sumatera Barat,Total Belanja Daerah,684273149996.9999,2024-05-01
2024,6,Sumatera Barat,Total Belanja Daerah,772010761668.0,2024-06-01
2024,7,Sumatera Barat,Total Belanja Daerah,304916897270.5,2024-07-01
2024,8,Sumatera Barat,Total Belanja Daerah,512543838870.8003,2024-08-01
2024,9,Sumatera Barat,Total Belanja Daerah,359698291219.0,2024-09-01
2024,10,Sumatera Barat,Total Belanja Daerah,489152403938.0,2024-10-01
2024,11,Sumatera Barat,Total Belanja Daerah,904632869071.7998,2024-11-01
2024,12,Sumatera Barat,Total Belanja Daerah,1472921707962.0,2024-12-01
2025,1,Sumatera Barat,Total Belanja Daerah,123076125450.0,2025-01-01
2025,2,Sumatera Barat,Total Belanja Daerah,181145788695.0,2025-02-01
2025,3,Sumatera Barat,Total Belanja Daerah,452085640388.0,2025-03-01
2025,4,Sumatera Barat,Total Belanja Daerah,281018600045.80005,2025-04-01
2025,5,Sumatera Barat,Total Belanja Daerah,468223383871.0,2025-05-01
2025,6,Sumatera Barat,Total Belanja Daerah,928053537816.9998,2025-06-01
2025,7,Sumatera Barat,Total Belanja Daerah,147949960201.0,2025-07-01
2025,8,Sumatera Barat,Total Belanja Daerah,372024505045.0,2025-08-01
2025,9,Sumatera Barat,Total Belanja Daerah,281461235226.7002,2025-09-01
2025,10,Sumatera Barat,Total Belanja Daerah,791249446799.0,2025-10-01
2025,11,Sumatera Barat,Total Belanja Daerah,531654734507.0,2025-11-01
2025,12,Sumatera Barat,Total Belanja Daerah,1483108627800.7002,2025-12-01
2021,1,Sumatera Barat,Total Pendapatan Daerah,6706053462904.0,2021-01-01
2021,2,Sumatera Barat,Total Pendapatan Daerah,0.0,2021-02-01
2021,3,Sumatera Barat,Total Pendapatan Daerah,0.0,2021-03-01
2021,4,Sumatera Barat,Total Pendapatan Daerah,0.0,2021-04-01
2021,5,Sumatera Barat,Total Pendapatan Daerah,0.0,2021-05-01
2021,6,Sumatera Barat,Total Pendapatan Daerah,0.0,2021-06-01
2021,7,Sumatera Barat,Total Pendapatan Daerah,0.0,2021-07-01
2021,8,Sumatera Barat,Total Pendapatan Daerah,0.0,2021-08-01
2021,9,Sumatera Barat,Total Pendapatan Daerah,0.0,2021-09-01
2021,10,Sumatera Barat,Total Pendapatan Daerah,0.0,2021-10-01
2021,11,Sumatera Barat,Total Pendapatan Daerah,0.0,2021-11-01
2021,12,Sumatera Barat,Total Pendapatan Daerah,0.0,2021-12-01
2022,1,Sumatera Barat,Total Pendapatan Daerah,6130023203347.6,2022-01-01
2022,2,Sumatera Barat,Total Pendapatan Daerah,0.0,2022-02-01
2022,3,Sumatera Barat,Total Pendapatan Daerah,0.0,2022-03-01
2022,4,Sumatera Barat,Total Pendapatan Daerah,0.0,2022-04-01
2022,5,Sumatera Barat,Total Pendapatan Daerah,0.0,2022-05-01
2022,6,Sumatera Barat,Total Pendapatan Daerah,0.0,2022-06-01
2022,7,Sumatera Barat,Total Pendapatan Daerah,0.0,2022-07-01
2022,8,Sumatera Barat,Total Pendapatan Daerah,0.0,2022-08-01
2022,9,Sumatera Barat,Total Pendapatan Daerah,0.0,2022-09-01
2022,10,Sumatera Barat,Total Pendapatan Daerah,0.0,2022-10-01
2022,11,Sumatera Barat,Total Pendapatan Daerah,0.0,2022-11-01
2022,12,Sumatera Barat,Total Pendapatan Daerah,0.0,2022-12-01
2023,1,Sumatera Barat,Total Pendapatan Daerah,436197037040.39,2023-01-01
2023,2,Sumatera Barat,Total Pendapatan Daerah,310227738608.89,2023-02-01
2023,3,Sumatera Barat,Total Pendapatan Daerah,501881130980.02,2023-03-01
2023,4,Sumatera Barat,Total Pendapatan Daerah,748680268869.0,2023-04-01
2023,5,Sumatera Barat,Total Pendapatan Daerah,0.0,2023-05-01
2023,6,Sumatera Barat,Total Pendapatan Daerah,484389566404.80005,2023-06-01
2023,7,Sumatera Barat,Total Pendapatan Daerah,762659794181.0,2023-07-01
2023,8,Sumatera Barat,Total Pendapatan Daerah,394851962950.3999,2023-08-01
2023,9,Sumatera Barat,Total Pendapatan Daerah,470160157976.7002,2023-09-01
2023,10,Sumatera Barat,Total Pendapatan Daerah,716996431329.7998,2023-10-01
2023,11,Sumatera Barat,Total Pendapatan Daerah,367442731600.0,2023-11-01
2023,12,Sumatera Barat,Total Pendapatan Daerah,741748833585.0,2023-12-01
2024,1,Sumatera Barat,Total Pendapatan Daerah,683486159850.9,2024-01-01
2024,2,Sumatera Barat,Total Pendapatan Daerah,295424576875.0,2024-02-01
2024,3,Sumatera Barat,Total Pendapatan Daerah,329449503836.2001,2024-03-01
2024,4,Sumatera Barat,Total Pendapatan Daerah,766474691787.7998,2024-04-01
2024,5,Sumatera Barat,Total Pendapatan Daerah,391591853597.5,2024-05-01
2024,6,Sumatera Barat,Total Pendapatan Daerah,558478059258.5,2024-06-01
2024,7,Sumatera Barat,Total Pendapatan Daerah,468904944243.3999,2024-07-01
2024,8,Sumatera Barat,Total Pendapatan Daerah,623707742419.0,2024-08-01
2024,9,Sumatera Barat,Total Pendapatan Daerah,517169927914.7002,2024-09-01
2024,10,Sumatera Barat,Total Pendapatan Daerah,690460168846.2002,2024-10-01
2024,11,Sumatera Barat,Total Pendapatan Daerah,483819695794.8994,2024-11-01
2024,12,Sumatera Barat,Total Pendapatan Daerah,673451358981.1006,2024-12-01
2025,1,Sumatera Barat,Total Pendapatan Daerah,640850260208.34,2025-01-01
2025,2,Sumatera Barat,Total Pendapatan Daerah,313344657703.56006,2025-02-01
2025,3,Sumatera Barat,Total Pendapatan Daerah,464326501267.1,2025-03-01
2025,4,Sumatera Barat,Total Pendapatan Daerah,584808464344.7,2025-04-01
2025,5,Sumatera Barat,Total Pendapatan Daerah,421312496930.30005,2025-05-01
2025,6,Sumatera Barat,Total Pendapatan Daerah,526953995129.7998,2025-06-01
2025,7,Sumatera Barat,Total Pendapatan Daerah,584834446464.8003,2025-07-01
2025,8,Sumatera Barat,Total Pendapatan Daerah,510137498535.6997,2025-08-01
2025,9,Sumatera Barat,Total Pendapatan Daerah,472712973645.4004,2025-09-01
2025,10,Sumatera Barat,Total Pendapatan Daerah,527045971389.5,2025-10-01
2025,11,Sumatera Barat,Total Pendapatan Daerah,453224185510.0,2025-11-01
2025,12,Sumatera Barat,Total Pendapatan Daerah,708445194525.3994,2025-12-01
2021,1,Sumatera Barat,Transfer ke Daerah dan Dana Desa (TKDD),4072492324339.0,2021-01-01
2021,2,Sumatera Barat,Transfer ke Daerah dan Dana Desa (TKDD),0.0,2021-02-01
2021,3,Sumatera Barat,Transfer ke Daerah dan Dana Desa (TKDD),0.0,2021-03-01
2021,4,Sumatera Barat,Transfer ke Daerah dan Dana Desa (TKDD),0.0,2021-04-01
2021,5,Sumatera Barat,Transfer ke Daerah dan Dana Desa (TKDD),0.0,2021-05-01
2021,6,Sumatera Barat,Transfer ke Daerah dan Dana Desa (TKDD),0.0,2021-06-01
2021,7,Sumatera Barat,Transfer ke Daerah dan Dana Desa (TKDD),0.0,2021-07-01
2021,8,Sumatera Barat,Transfer ke Daerah dan Dana Desa (TKDD),0.0,2021-08-01
2021,9,Sumatera Barat,Transfer ke Daerah dan Dana Desa (TKDD),0.0,2021-09-01
2021,10,Sumatera Barat,Transfer ke Daerah dan Dana Desa (TKDD),0.0,2021-10-01
2021,11,Sumatera Barat,Transfer ke Daerah dan Dana Desa (TKDD),0.0,2021-11-01
2021,12,Sumatera Barat,Transfer ke Daerah dan Dana Desa (TKDD),0.0,2021-12-01
2022,1,Sumatera Barat,Transfer ke Daerah dan Dana Desa (TKDD),3164494555418.0,2022-01-01
2022,2,Sumatera Barat,Transfer ke Daerah dan Dana Desa (TKDD),0.0,2022-02-01
2022,3,Sumatera Barat,Transfer ke Daerah dan Dana Desa (TKDD),0.0,2022-03-01
2022,4,Sumatera Barat,Transfer ke Daerah dan Dana Desa (TKDD),0.0,2022-04-01
2022,5,Sumatera Barat,Transfer ke Daerah dan Dana Desa (TKDD),0.0,2022-05-01
2022,6,Sumatera Barat,Transfer ke Daerah dan Dana Desa (TKDD),0.0,2022-06-01
2022,7,Sumatera Barat,Transfer ke Daerah dan Dana Desa (TKDD),0.0,2022-07-01
2022,8,Sumatera Barat,Transfer ke Daerah dan Dana Desa (TKDD),0.0,2022-08-01
2022,9,Sumatera Barat,Transfer ke Daerah dan Dana Desa (TKDD),0.0,2022-09-01
2022,10,Sumatera Barat,Transfer ke Daerah dan Dana Desa (TKDD),0.0,2022-10-01
2022,11,Sumatera Barat,Transfer ke Daerah dan Dana Desa (TKDD),0.0,2022-11-01
2022,12,Sumatera Barat,Transfer ke Daerah dan Dana Desa (TKDD),0.0,2022-12-01
2023,1,Sumatera Barat,Transfer ke Daerah dan Dana Desa (TKDD),252105477600.0,2023-01-01
2023,2,Sumatera Barat,Transfer ke Daerah dan Dana Desa (TKDD),144206167000.0,2023-02-01
2023,3,Sumatera Barat,Transfer ke Daerah dan Dana Desa (TKDD),300051809173.0,2023-03-01
2023,4,Sumatera Barat,Transfer ke Daerah dan Dana Desa (TKDD),291424077984.0,2023-04-01
2023,5,Sumatera Barat,Transfer ke Daerah dan Dana Desa (TKDD),0.0,2023-05-01
2023,6,Sumatera Barat,Transfer ke Daerah dan Dana Desa (TKDD),329387007450.0,2023-06-01
2023,7,Sumatera Barat,Transfer ke Daerah dan Dana Desa (TKDD),437901677182.0,2023-07-01
2023,8,Sumatera Barat,Transfer ke Daerah dan Dana Desa (TKDD),194881388400.0,2023-08-01
2023,9,Sumatera Barat,Transfer ke Daerah dan Dana Desa (TKDD),280381094362.0,2023-09-01
2023,10,Sumatera Barat,Transfer ke Daerah dan Dana Desa (TKDD),438658174100.0,2023-10-01
2023,11,Sumatera Barat,Transfer ke Daerah dan Dana Desa (TKDD),180762187434.0,2023-11-01
2023,12,Sumatera Barat,Transfer ke Daerah dan Dana Desa (TKDD),446969664950.0,2023-12-01
2024,1,Sumatera Barat,Transfer ke Daerah dan Dana Desa (TKDD),491803234800.0,2024-01-01
2024,2,Sumatera Barat,Transfer ke Daerah dan Dana Desa (TKDD),146543193000.0,2024-02-01
2024,3,Sumatera Barat,Transfer ke Daerah dan Dana Desa (TKDD),154505078054.0,2024-03-01
2024,4,Sumatera Barat,Transfer ke Daerah dan Dana Desa (TKDD),295395706200.0,2024-04-01
2024,5,Sumatera Barat,Transfer ke Daerah dan Dana Desa (TKDD),177660736986.0,2024-05-01
2024,6,Sumatera Barat,Transfer ke Daerah dan Dana Desa (TKDD),381469471094.0,2024-06-01
2024,7,Sumatera Barat,Transfer ke Daerah dan Dana Desa (TKDD),157148137401.0,2024-07-01
2024,8,Sumatera Barat,Transfer ke Daerah dan Dana Desa (TKDD),420739997294.0,2024-08-01
2024,9,Sumatera Barat,Transfer ke Daerah dan Dana Desa (TKDD),307984916176.0,2024-09-01
2024,10,Sumatera Barat,Transfer ke Daerah dan Dana Desa (TKDD),375074813260.0,2024-10-01
2024,11,Sumatera Barat,Transfer ke Daerah dan Dana Desa (TKDD),285351648751.0,2024-11-01
2024,12,Sumatera Barat,Transfer ke Daerah dan Dana Desa (TKDD),302638800523.0,2024-12-01
2025,1,Sumatera Barat,Transfer ke Daerah dan Dana Desa (TKDD),501319841300.0,2025-01-01
2025,2,Sumatera Barat,Transfer ke Daerah dan Dana Desa (TKDD),178682574357.0,2025-02-01
2025,3,Sumatera Barat,Transfer ke Daerah dan Dana Desa (TKDD),170891400458.0,2025-03-01
2025,4,Sumatera Barat,Transfer ke Daerah dan Dana Desa (TKDD),236786932490.0,2025-04-01
2025,5,Sumatera Barat,Transfer ke Daerah dan Dana Desa (TKDD),256589294600.0,2025-05-01
2025,6,Sumatera Barat,Transfer ke Daerah dan Dana Desa (TKDD),325893590902.0,2025-06-01
2025,7,Sumatera Barat,Transfer ke Daerah dan Dana Desa (TKDD),276368477578.0,2025-07-01
2025,8,Sumatera Barat,Transfer ke Daerah dan Dana Desa (TKDD),307286804245.0,2025-08-01
2025,9,Sumatera Barat,Transfer ke Daerah dan Dana Desa (TKDD),270287543848.0,2025-09-01
2025,10,Sumatera Barat,Transfer ke Daerah dan Dana Desa (TKDD),224002939298.0,2025-10-01
2025,11,Sumatera Barat,Transfer ke Daerah dan Dana Desa (TKDD),264207377312.0,2025-11-01
2025,12,Sumatera Barat,Transfer ke Daerah dan Dana Desa (TKDD),353183642238.0,2025-12-01
2021,1,Sumatera Selatan,Belanja Modal,1836834114021.0,2021-01-01
2021,2,Sumatera Selatan,Belanja Modal,0.0,2021-02-01
2021,3,Sumatera Selatan,Belanja Modal,0.0,2021-03-01
2021,4,Sumatera Selatan,Belanja Modal,0.0,2021-04-01
2021,5,Sumatera Selatan,Belanja Modal,0.0,2021-05-01
2021,6,Sumatera Selatan,Belanja Modal,0.0,2021-06-01
2021,7,Sumatera Selatan,Belanja Modal,0.0,2021-07-01
2021,8,Sumatera Selatan,Belanja Modal,0.0,2021-08-01
2021,9,Sumatera Selatan,Belanja Modal,0.0,2021-09-01
2021,10,Sumatera Selatan,Belanja Modal,0.0,2021-10-01
2021,11,Sumatera Selatan,Belanja Modal,0.0,2021-11-01
2021,12,Sumatera Selatan,Belanja Modal,0.0,2021-12-01
2022,1,Sumatera Selatan,Belanja Modal,1536370414095.3,2022-01-01
2022,2,Sumatera Selatan,Belanja Modal,0.0,2022-02-01
2022,3,Sumatera Selatan,Belanja Modal,0.0,2022-03-01
2022,4,Sumatera Selatan,Belanja Modal,0.0,2022-04-01
2022,5,Sumatera Selatan,Belanja Modal,0.0,2022-05-01
2022,6,Sumatera Selatan,Belanja Modal,0.0,2022-06-01
2022,7,Sumatera Selatan,Belanja Modal,0.0,2022-07-01
2022,8,Sumatera Selatan,Belanja Modal,0.0,2022-08-01
2022,9,Sumatera Selatan,Belanja Modal,0.0,2022-09-01
2022,10,Sumatera Selatan,Belanja Modal,0.0,2022-10-01
2022,11,Sumatera Selatan,Belanja Modal,0.0,2022-11-01
2022,12,Sumatera Selatan,Belanja Modal,0.0,2022-12-01
2023,1,Sumatera Selatan,Belanja Modal,0.0,2023-01-01
2023,2,Sumatera Selatan,Belanja Modal,156959000.0,2023-02-01
2023,3,Sumatera Selatan,Belanja Modal,15212885816.0,2023-03-01
2023,4,Sumatera Selatan,Belanja Modal,23000215283.309998,2023-04-01
2023,5,Sumatera Selatan,Belanja Modal,0.0,2023-05-01
2023,6,Sumatera Selatan,Belanja Modal,102030104458.0,2023-06-01
2023,7,Sumatera Selatan,Belanja Modal,105280014825.70001,2023-07-01
2023,8,Sumatera Selatan,Belanja Modal,142745482074.27997,2023-08-01
2023,9,Sumatera Selatan,Belanja Modal,221207771825.99005,2023-09-01
2023,10,Sumatera Selatan,Belanja Modal,105342004323.0,2023-10-01
2023,11,Sumatera Selatan,Belanja Modal,209262676242.34998,2023-11-01
2023,12,Sumatera Selatan,Belanja Modal,240934989383.37,2023-12-01
2024,1,Sumatera Selatan,Belanja Modal,0.0,2024-01-01
2024,2,Sumatera Selatan,Belanja Modal,482572500.0,2024-02-01
2024,3,Sumatera Selatan,Belanja Modal,35965942118.0,2024-03-01
2024,4,Sumatera Selatan,Belanja Modal,72035146299.57,2024-04-01
2024,5,Sumatera Selatan,Belanja Modal,97845277575.88998,2024-05-01
2024,6,Sumatera Selatan,Belanja Modal,51148214620.0,2024-06-01
2024,7,Sumatera Selatan,Belanja Modal,64755049729.00003,2024-07-01
2024,8,Sumatera Selatan,Belanja Modal,166037455164.63,2024-08-01
2024,9,Sumatera Selatan,Belanja Modal,232202861853.73993,2024-09-01
2024,10,Sumatera Selatan,Belanja Modal,105234863901.5,2024-10-01
2024,11,Sumatera Selatan,Belanja Modal,122567633364.88,2024-11-01
2024,12,Sumatera Selatan,Belanja Modal,354796994324.18994,2024-12-01
2025,1,Sumatera Selatan,Belanja Modal,0.0,2025-01-01
2025,2,Sumatera Selatan,Belanja Modal,3080988800.0,2025-02-01
2025,3,Sumatera Selatan,Belanja Modal,6262941523.0,2025-03-01
2025,4,Sumatera Selatan,Belanja Modal,7399092180.0,2025-04-01
2025,5,Sumatera Selatan,Belanja Modal,16817439882.0,2025-05-01
2025,6,Sumatera Selatan,Belanja Modal,34386334517.0,2025-06-01
2025,7,Sumatera Selatan,Belanja Modal,90660342220.0,2025-07-01
2025,8,Sumatera Selatan,Belanja Modal,94346294869.0,2025-08-01
2025,9,Sumatera Selatan,Belanja Modal,227765961929.3,2025-09-01
2025,10,Sumatera Selatan,Belanja Modal,191787129710.60004,2025-10-01
2025,11,Sumatera Selatan,Belanja Modal,219710381178.29993,2025-11-01
2025,12,Sumatera Selatan,Belanja Modal,371538863890.19995,2025-12-01
2021,1,Sumatera Selatan,Pendapatan Asli Daerah (PAD),3865463033085.0,2021-01-01
2021,2,Sumatera Selatan,Pendapatan Asli Daerah (PAD),0.0,2021-02-01
2021,3,Sumatera Selatan,Pendapatan Asli Daerah (PAD),0.0,2021-03-01
2021,4,Sumatera Selatan,Pendapatan Asli Daerah (PAD),0.0,2021-04-01
2021,5,Sumatera Selatan,Pendapatan Asli Daerah (PAD),0.0,2021-05-01
2021,6,Sumatera Selatan,Pendapatan Asli Daerah (PAD),0.0,2021-06-01
2021,7,Sumatera Selatan,Pendapatan Asli Daerah (PAD),0.0,2021-07-01
2021,8,Sumatera Selatan,Pendapatan Asli Daerah (PAD),0.0,2021-08-01
2021,9,Sumatera Selatan,Pendapatan Asli Daerah (PAD),0.0,2021-09-01
2021,10,Sumatera Selatan,Pendapatan Asli Daerah (PAD),0.0,2021-10-01
2021,11,Sumatera Selatan,Pendapatan Asli Daerah (PAD),0.0,2021-11-01
2021,12,Sumatera Selatan,Pendapatan Asli Daerah (PAD),0.0,2021-12-01
2022,1,Sumatera Selatan,Pendapatan Asli Daerah (PAD),4930954855677.7,2022-01-01
2022,2,Sumatera Selatan,Pendapatan Asli Daerah (PAD),0.0,2022-02-01
2022,3,Sumatera Selatan,Pendapatan Asli Daerah (PAD),0.0,2022-03-01
2022,4,Sumatera Selatan,Pendapatan Asli Daerah (PAD),0.0,2022-04-01
2022,5,Sumatera Selatan,Pendapatan Asli Daerah (PAD),0.0,2022-05-01
2022,6,Sumatera Selatan,Pendapatan Asli Daerah (PAD),0.0,2022-06-01
2022,7,Sumatera Selatan,Pendapatan Asli Daerah (PAD),0.0,2022-07-01
2022,8,Sumatera Selatan,Pendapatan Asli Daerah (PAD),0.0,2022-08-01
2022,9,Sumatera Selatan,Pendapatan Asli Daerah (PAD),0.0,2022-09-01
2022,10,Sumatera Selatan,Pendapatan Asli Daerah (PAD),0.0,2022-10-01
2022,11,Sumatera Selatan,Pendapatan Asli Daerah (PAD),0.0,2022-11-01
2022,12,Sumatera Selatan,Pendapatan Asli Daerah (PAD),0.0,2022-12-01
2023,1,Sumatera Selatan,Pendapatan Asli Daerah (PAD),350609119276.56,2023-01-01
2023,2,Sumatera Selatan,Pendapatan Asli Daerah (PAD),337983507413.05,2023-02-01
2023,3,Sumatera Selatan,Pendapatan Asli Daerah (PAD),447617552725.69006,2023-03-01
2023,4,Sumatera Selatan,Pendapatan Asli Daerah (PAD),319491970865.69995,2023-04-01
2023,5,Sumatera Selatan,Pendapatan Asli Daerah (PAD),0.0,2023-05-01
2023,6,Sumatera Selatan,Pendapatan Asli Daerah (PAD),567054143368.3,2023-06-01
2023,7,Sumatera Selatan,Pendapatan Asli Daerah (PAD),476842592951.19995,2023-07-01
2023,8,Sumatera Selatan,Pendapatan Asli Daerah (PAD),363263298585.5,2023-08-01
2023,9,Sumatera Selatan,Pendapatan Asli Daerah (PAD),514927125441.3999,2023-09-01
2023,10,Sumatera Selatan,Pendapatan Asli Daerah (PAD),394492033071.1001,2023-10-01
2023,11,Sumatera Selatan,Pendapatan Asli Daerah (PAD),517402822639.2998,2023-11-01
2023,12,Sumatera Selatan,Pendapatan Asli Daerah (PAD),538443783547.2002,2023-12-01
2024,1,Sumatera Selatan,Pendapatan Asli Daerah (PAD),378244734829.47,2024-01-01
2024,2,Sumatera Selatan,Pendapatan Asli Daerah (PAD),327101492719.4501,2024-02-01
2024,3,Sumatera Selatan,Pendapatan Asli Daerah (PAD),396861155791.7799,2024-03-01
2024,4,Sumatera Selatan,Pendapatan Asli Daerah (PAD),596629542670.4001,2024-04-01
2024,5,Sumatera Selatan,Pendapatan Asli Daerah (PAD),348960995571.2998,2024-05-01
2024,6,Sumatera Selatan,Pendapatan Asli Daerah (PAD),375749378632.3003,2024-06-01
2024,7,Sumatera Selatan,Pendapatan Asli Daerah (PAD),550867766491.1997,2024-07-01
2024,8,Sumatera Selatan,Pendapatan Asli Daerah (PAD),397206090558.7002,2024-08-01
2024,9,Sumatera Selatan,Pendapatan Asli Daerah (PAD),391627515759.6997,2024-09-01
2024,10,Sumatera Selatan,Pendapatan Asli Daerah (PAD),392555430770.1001,2024-10-01
2024,11,Sumatera Selatan,Pendapatan Asli Daerah (PAD),514337537704.3999,2024-11-01
2024,12,Sumatera Selatan,Pendapatan Asli Daerah (PAD),642406481757.4004,2024-12-01
2025,1,Sumatera Selatan,Pendapatan Asli Daerah (PAD),234946670500.43,2025-01-01
2025,2,Sumatera Selatan,Pendapatan Asli Daerah (PAD),257991029812.03003,2025-02-01
2025,3,Sumatera Selatan,Pendapatan Asli Daerah (PAD),319059889556.35004,2025-03-01
2025,4,Sumatera Selatan,Pendapatan Asli Daerah (PAD),641843107643.3899,2025-04-01
2025,5,Sumatera Selatan,Pendapatan Asli Daerah (PAD),286030035177.5,2025-05-01
2025,6,Sumatera Selatan,Pendapatan Asli Daerah (PAD),355118199170.80005,2025-06-01
2025,7,Sumatera Selatan,Pendapatan Asli Daerah (PAD),521600506134.8999,2025-07-01
2025,8,Sumatera Selatan,Pendapatan Asli Daerah (PAD),303848194407.6001,2025-08-01
2025,9,Sumatera Selatan,Pendapatan Asli Daerah (PAD),325279237847.1001,2025-09-01
2025,10,Sumatera Selatan,Pendapatan Asli Daerah (PAD),485194509069.6001,2025-10-01
2025,11,Sumatera Selatan,Pendapatan Asli Daerah (PAD),308787684006.0,2025-11-01
2025,12,Sumatera Selatan,Pendapatan Asli Daerah (PAD),475869740788.5,2025-12-01
2021,1,Sumatera Selatan,Total Belanja Daerah,10060730260978.0,2021-01-01
2021,2,Sumatera Selatan,Total Belanja Daerah,0.0,2021-02-01
2021,3,Sumatera Selatan,Total Belanja Daerah,0.0,2021-03-01
2021,4,Sumatera Selatan,Total Belanja Daerah,0.0,2021-04-01
2021,5,Sumatera Selatan,Total Belanja Daerah,0.0,2021-05-01
2021,6,Sumatera Selatan,Total Belanja Daerah,0.0,2021-06-01
2021,7,Sumatera Selatan,Total Belanja Daerah,0.0,2021-07-01
2021,8,Sumatera Selatan,Total Belanja Daerah,0.0,2021-08-01
2021,9,Sumatera Selatan,Total Belanja Daerah,0.0,2021-09-01
2021,10,Sumatera Selatan,Total Belanja Daerah,0.0,2021-10-01
2021,11,Sumatera Selatan,Total Belanja Daerah,0.0,2021-11-01
2021,12,Sumatera Selatan,Total Belanja Daerah,0.0,2021-12-01
2022,1,Sumatera Selatan,Total Belanja Daerah,9663575726750.7,2022-01-01
2022,2,Sumatera Selatan,Total Belanja Daerah,0.0,2022-02-01
2022,3,Sumatera Selatan,Total Belanja Daerah,0.0,2022-03-01
2022,4,Sumatera Selatan,Total Belanja Daerah,0.0,2022-04-01
2022,5,Sumatera Selatan,Total Belanja Daerah,0.0,2022-05-01
2022,6,Sumatera Selatan,Total Belanja Daerah,0.0,2022-06-01
2022,7,Sumatera Selatan,Total Belanja Daerah,0.0,2022-07-01
2022,8,Sumatera Selatan,Total Belanja Daerah,0.0,2022-08-01
2022,9,Sumatera Selatan,Total Belanja Daerah,0.0,2022-09-01
2022,10,Sumatera Selatan,Total Belanja Daerah,0.0,2022-10-01
2022,11,Sumatera Selatan,Total Belanja Daerah,0.0,2022-11-01
2022,12,Sumatera Selatan,Total Belanja Daerah,0.0,2022-12-01
2023,1,Sumatera Selatan,Total Belanja Daerah,170091309973.0,2023-01-01
2023,2,Sumatera Selatan,Total Belanja Daerah,291293265191.0,2023-02-01
2023,3,Sumatera Selatan,Total Belanja Daerah,250794840494.0,2023-03-01
2023,4,Sumatera Selatan,Total Belanja Daerah,703620261296.3,2023-04-01
2023,5,Sumatera Selatan,Total Belanja Daerah,0.0,2023-05-01
2023,6,Sumatera Selatan,Total Belanja Daerah,451126901216.0,2023-06-01
2023,7,Sumatera Selatan,Total Belanja Daerah,941003258141.2,2023-07-01
2023,8,Sumatera Selatan,Total Belanja Daerah,710655753423.6001,2023-08-01
2023,9,Sumatera Selatan,Total Belanja Daerah,1065480628592.3999,2023-09-01
2023,10,Sumatera Selatan,Total Belanja Daerah,988092777426.2998,2023-10-01
2023,11,Sumatera Selatan,Total Belanja Daerah,1222371321359.0,2023-11-01
2023,12,Sumatera Selatan,Total Belanja Daerah,1685795894806.0,2023-12-01
2024,1,Sumatera Selatan,Total Belanja Daerah,133071711749.0,2024-01-01
2024,2,Sumatera Selatan,Total Belanja Daerah,606842295469.0,2024-02-01
2024,3,Sumatera Selatan,Total Belanja Daerah,604882870607.8999,2024-03-01
2024,4,Sumatera Selatan,Total Belanja Daerah,731009766888.6001,2024-04-01
2024,5,Sumatera Selatan,Total Belanja Daerah,922383742793.2998,2024-05-01
2024,6,Sumatera Selatan,Total Belanja Daerah,833877513759.4004,2024-06-01
2024,7,Sumatera Selatan,Total Belanja Daerah,884267936780.5996,2024-07-01
2024,8,Sumatera Selatan,Total Belanja Daerah,1039400153617.5,2024-08-01
2024,9,Sumatera Selatan,Total Belanja Daerah,854588161192.2998,2024-09-01
2024,10,Sumatera Selatan,Total Belanja Daerah,754105294122.8008,2024-10-01
2024,11,Sumatera Selatan,Total Belanja Daerah,1227387728188.3994,2024-11-01
2024,12,Sumatera Selatan,Total Belanja Daerah,2316607322262.2,2024-12-01
2025,1,Sumatera Selatan,Total Belanja Daerah,178866308533.0,2025-01-01
2025,2,Sumatera Selatan,Total Belanja Daerah,173864270678.97998,2025-02-01
2025,3,Sumatera Selatan,Total Belanja Daerah,444742608100.91003,2025-03-01
2025,4,Sumatera Selatan,Total Belanja Daerah,333748880436.5099,2025-04-01
2025,5,Sumatera Selatan,Total Belanja Daerah,380958553617.40015,2025-05-01
2025,6,Sumatera Selatan,Total Belanja Daerah,742540965199.9998,2025-06-01
2025,7,Sumatera Selatan,Total Belanja Daerah,813779006039.0,2025-07-01
2025,8,Sumatera Selatan,Total Belanja Daerah,777307996373.6001,2025-08-01
2025,9,Sumatera Selatan,Total Belanja Daerah,1187637014001.6,2025-09-01
2025,10,Sumatera Selatan,Total Belanja Daerah,1261988491885.4004,2025-10-01
2025,11,Sumatera Selatan,Total Belanja Daerah,1590433473107.8994,2025-11-01
2025,12,Sumatera Selatan,Total Belanja Daerah,1637345901599.7002,2025-12-01
2021,1,Sumatera Selatan,Total Pendapatan Daerah,9611291244667.0,2021-01-01
2021,2,Sumatera Selatan,Total Pendapatan Daerah,0.0,2021-02-01
2021,3,Sumatera Selatan,Total Pendapatan Daerah,0.0,2021-03-01
2021,4,Sumatera Selatan,Total Pendapatan Daerah,0.0,2021-04-01
2021,5,Sumatera Selatan,Total Pendapatan Daerah,0.0,2021-05-01
2021,6,Sumatera Selatan,Total Pendapatan Daerah,0.0,2021-06-01
2021,7,Sumatera Selatan,Total Pendapatan Daerah,0.0,2021-07-01
2021,8,Sumatera Selatan,Total Pendapatan Daerah,0.0,2021-08-01
2021,9,Sumatera Selatan,Total Pendapatan Daerah,0.0,2021-09-01
2021,10,Sumatera Selatan,Total Pendapatan Daerah,0.0,2021-10-01
2021,11,Sumatera Selatan,Total Pendapatan Daerah,0.0,2021-11-01
2021,12,Sumatera Selatan,Total Pendapatan Daerah,0.0,2021-12-01
2022,1,Sumatera Selatan,Total Pendapatan Daerah,10036955961133.0,2022-01-01
2022,2,Sumatera Selatan,Total Pendapatan Daerah,0.0,2022-02-01
2022,3,Sumatera Selatan,Total Pendapatan Daerah,0.0,2022-03-01
2022,4,Sumatera Selatan,Total Pendapatan Daerah,0.0,2022-04-01
2022,5,Sumatera Selatan,Total Pendapatan Daerah,0.0,2022-05-01
2022,6,Sumatera Selatan,Total Pendapatan Daerah,0.0,2022-06-01
2022,7,Sumatera Selatan,Total Pendapatan Daerah,0.0,2022-07-01
2022,8,Sumatera Selatan,Total Pendapatan Daerah,0.0,2022-08-01
2022,9,Sumatera Selatan,Total Pendapatan Daerah,0.0,2022-09-01
2022,10,Sumatera Selatan,Total Pendapatan Daerah,0.0,2022-10-01
2022,11,Sumatera Selatan,Total Pendapatan Daerah,0.0,2022-11-01
2022,12,Sumatera Selatan,Total Pendapatan Daerah,0.0,2022-12-01
2023,1,Sumatera Selatan,Total Pendapatan Daerah,678725311476.56,2023-01-01
2023,2,Sumatera Selatan,Total Pendapatan Daerah,549978279868.04,2023-02-01
2023,3,Sumatera Selatan,Total Pendapatan Daerah,840670713855.7,2023-03-01
2023,4,Sumatera Selatan,Total Pendapatan Daerah,791532050324.7,2023-04-01
2023,5,Sumatera Selatan,Total Pendapatan Daerah,0.0,2023-05-01
2023,6,Sumatera Selatan,Total Pendapatan Daerah,845756407218.2998,2023-06-01
2023,7,Sumatera Selatan,Total Pendapatan Daerah,1039298906695.2002,2023-07-01
2023,8,Sumatera Selatan,Total Pendapatan Daerah,483674664512.5,2023-08-01
2023,9,Sumatera Selatan,Total Pendapatan Daerah,855703611941.4004,2023-09-01
2023,10,Sumatera Selatan,Total Pendapatan Daerah,1539428424641.0996,2023-10-01
2023,11,Sumatera Selatan,Total Pendapatan Daerah,761934581339.2998,2023-11-01
2023,12,Sumatera Selatan,Total Pendapatan Daerah,949576457775.2002,2023-12-01
2024,1,Sumatera Selatan,Total Pendapatan Daerah,962599569629.47,2024-01-01
2024,2,Sumatera Selatan,Total Pendapatan Daerah,615314811319.4299,2024-02-01
2024,3,Sumatera Selatan,Total Pendapatan Daerah,658067058328.8003,2024-03-01
2024,4,Sumatera Selatan,Total Pendapatan Daerah,1041143123188.3999,2024-04-01
2024,5,Sumatera Selatan,Total Pendapatan Daerah,668178734882.2998,2024-05-01
2024,6,Sumatera Selatan,Total Pendapatan Daerah,1023791156248.3003,2024-06-01
2024,7,Sumatera Selatan,Total Pendapatan Daerah,671845329090.2002,2024-07-01
2024,8,Sumatera Selatan,Total Pendapatan Daerah,1410334168320.6992,2024-08-01
2024,9,Sumatera Selatan,Total Pendapatan Daerah,991649308872.7002,2024-09-01
2024,10,Sumatera Selatan,Total Pendapatan Daerah,980658632143.1006,2024-10-01
2024,11,Sumatera Selatan,Total Pendapatan Daerah,700113128184.4004,2024-11-01
2024,12,Sumatera Selatan,Total Pendapatan Daerah,1241593204727.1992,2024-12-01
2025,1,Sumatera Selatan,Total Pendapatan Daerah,605113652000.43,2025-01-01
2025,2,Sumatera Selatan,Total Pendapatan Daerah,742971000373.07,2025-02-01
2025,3,Sumatera Selatan,Total Pendapatan Daerah,670621851491.3,2025-03-01
2025,4,Sumatera Selatan,Total Pendapatan Daerah,1060464831023.4001,2025-04-01
2025,5,Sumatera Selatan,Total Pendapatan Daerah,656707312652.5,2025-05-01
2025,6,Sumatera Selatan,Total Pendapatan Daerah,612297244070.7998,2025-06-01
2025,7,Sumatera Selatan,Total Pendapatan Daerah,1036403472753.9004,2025-07-01
2025,8,Sumatera Selatan,Total Pendapatan Daerah,1116158610313.5996,2025-08-01
2025,9,Sumatera Selatan,Total Pendapatan Daerah,732969008953.0996,2025-09-01
2025,10,Sumatera Selatan,Total Pendapatan Daerah,1021340107966.6006,2025-10-01
2025,11,Sumatera Selatan,Total Pendapatan Daerah,903692891874.999,2025-11-01
2025,12,Sumatera Selatan,Total Pendapatan Daerah,839576175788.5,2025-12-01
2021,1,Sumatera Selatan,Transfer ke Daerah dan Dana Desa (TKDD),5712683072712.0,2021-01-01
2021,2,Sumatera Selatan,Transfer ke Daerah dan Dana Desa (TKDD),0.0,2021-02-01
2021,3,Sumatera Selatan,Transfer ke Daerah dan Dana Desa (TKDD),0.0,2021-03-01
2021,4,Sumatera Selatan,Transfer ke Daerah dan Dana Desa (TKDD),0.0,2021-04-01
2021,5,Sumatera Selatan,Transfer ke Daerah dan Dana Desa (TKDD),0.0,2021-05-01
2021,6,Sumatera Selatan,Transfer ke Daerah dan Dana Desa (TKDD),0.0,2021-06-01
2021,7,Sumatera Selatan,Transfer ke Daerah dan Dana Desa (TKDD),0.0,2021-07-01
2021,8,Sumatera Selatan,Transfer ke Daerah dan Dana Desa (TKDD),0.0,2021-08-01
2021,9,Sumatera Selatan,Transfer ke Daerah dan Dana Desa (TKDD),0.0,2021-09-01
2021,10,Sumatera Selatan,Transfer ke Daerah dan Dana Desa (TKDD),0.0,2021-10-01
2021,11,Sumatera Selatan,Transfer ke Daerah dan Dana Desa (TKDD),0.0,2021-11-01
2021,12,Sumatera Selatan,Transfer ke Daerah dan Dana Desa (TKDD),0.0,2021-12-01
2022,1,Sumatera Selatan,Transfer ke Daerah dan Dana Desa (TKDD),5090093999526.0,2022-01-01
2022,2,Sumatera Selatan,Transfer ke Daerah dan Dana Desa (TKDD),0.0,2022-02-01
2022,3,Sumatera Selatan,Transfer ke Daerah dan Dana Desa (TKDD),0.0,2022-03-01
2022,4,Sumatera Selatan,Transfer ke Daerah dan Dana Desa (TKDD),0.0,2022-04-01
2022,5,Sumatera Selatan,Transfer ke Daerah dan Dana Desa (TKDD),0.0,2022-05-01
2022,6,Sumatera Selatan,Transfer ke Daerah dan Dana Desa (TKDD),0.0,2022-06-01
2022,7,Sumatera Selatan,Transfer ke Daerah dan Dana Desa (TKDD),0.0,2022-07-01
2022,8,Sumatera Selatan,Transfer ke Daerah dan Dana Desa (TKDD),0.0,2022-08-01
2022,9,Sumatera Selatan,Transfer ke Daerah dan Dana Desa (TKDD),0.0,2022-09-01
2022,10,Sumatera Selatan,Transfer ke Daerah dan Dana Desa (TKDD),0.0,2022-10-01
2022,11,Sumatera Selatan,Transfer ke Daerah dan Dana Desa (TKDD),0.0,2022-11-01
2022,12,Sumatera Selatan,Transfer ke Daerah dan Dana Desa (TKDD),0.0,2022-12-01
2023,1,Sumatera Selatan,Transfer ke Daerah dan Dana Desa (TKDD),328116192200.0,2023-01-01
2023,2,Sumatera Selatan,Transfer ke Daerah dan Dana Desa (TKDD),211994772455.0,2023-02-01
2023,3,Sumatera Selatan,Transfer ke Daerah dan Dana Desa (TKDD),392913727454.0,2023-03-01
2023,4,Sumatera Selatan,Transfer ke Daerah dan Dana Desa (TKDD),472040079459.0,2023-04-01
2023,5,Sumatera Selatan,Transfer ke Daerah dan Dana Desa (TKDD),0.0,2023-05-01
2023,6,Sumatera Selatan,Transfer ke Daerah dan Dana Desa (TKDD),278702263850.0,2023-06-01
2023,7,Sumatera Selatan,Transfer ke Daerah dan Dana Desa (TKDD),560584687244.0,2023-07-01
2023,8,Sumatera Selatan,Transfer ke Daerah dan Dana Desa (TKDD),116931442750.0,2023-08-01
2023,9,Sumatera Selatan,Transfer ke Daerah dan Dana Desa (TKDD),340152611000.0,2023-09-01
2023,10,Sumatera Selatan,Transfer ke Daerah dan Dana Desa (TKDD),1144624453820.0,2023-10-01
2023,11,Sumatera Selatan,Transfer ke Daerah dan Dana Desa (TKDD),244219820950.0,2023-11-01
2023,12,Sumatera Selatan,Transfer ke Daerah dan Dana Desa (TKDD),413988721905.0,2023-12-01
2024,1,Sumatera Selatan,Transfer ke Daerah dan Dana Desa (TKDD),584354834800.0,2024-01-01
2024,2,Sumatera Selatan,Transfer ke Daerah dan Dana Desa (TKDD),288213318600.0,2024-02-01
2024,3,Sumatera Selatan,Transfer ke Daerah dan Dana Desa (TKDD),261205902537.0,2024-03-01
2024,4,Sumatera Selatan,Transfer ke Daerah dan Dana Desa (TKDD),444513580518.0,2024-04-01
2024,5,Sumatera Selatan,Transfer ke Daerah dan Dana Desa (TKDD),319217739311.0,2024-05-01
2024,6,Sumatera Selatan,Transfer ke Daerah dan Dana Desa (TKDD),648041777616.0,2024-06-01
2024,7,Sumatera Selatan,Transfer ke Daerah dan Dana Desa (TKDD),120977562599.0,2024-07-01
2024,8,Sumatera Selatan,Transfer ke Daerah dan Dana Desa (TKDD),1011118593762.0,2024-08-01
2024,9,Sumatera Selatan,Transfer ke Daerah dan Dana Desa (TKDD),599351965113.0,2024-09-01
2024,10,Sumatera Selatan,Transfer ke Daerah dan Dana Desa (TKDD),587768287373.0,2024-10-01
2024,11,Sumatera Selatan,Transfer ke Daerah dan Dana Desa (TKDD),185105762480.0,2024-11-01
2024,12,Sumatera Selatan,Transfer ke Daerah dan Dana Desa (TKDD),598851808970.0,2024-12-01
2025,1,Sumatera Selatan,Transfer ke Daerah dan Dana Desa (TKDD),370166981500.0,2025-01-01
2025,2,Sumatera Selatan,Transfer ke Daerah dan Dana Desa (TKDD),484979970561.0,2025-02-01
2025,3,Sumatera Selatan,Transfer ke Daerah dan Dana Desa (TKDD),351561961935.0,2025-03-01
2025,4,Sumatera Selatan,Transfer ke Daerah dan Dana Desa (TKDD),418621723380.0,2025-04-01
2025,5,Sumatera Selatan,Transfer ke Daerah dan Dana Desa (TKDD),370677277475.0,2025-05-01
2025,6,Sumatera Selatan,Transfer ke Daerah dan Dana Desa (TKDD),257179044900.0,2025-06-01
2025,7,Sumatera Selatan,Transfer ke Daerah dan Dana Desa (TKDD),513448658619.0,2025-07-01
2025,8,Sumatera Selatan,Transfer ke Daerah dan Dana Desa (TKDD),811633261906.0,2025-08-01
2025,9,Sumatera Selatan,Transfer ke Daerah dan Dana Desa (TKDD),407012617106.0,2025-09-01
2025,10,Sumatera Selatan,Transfer ke Daerah dan Dana Desa (TKDD),536145598897.0,2025-10-01
2025,11,Sumatera Selatan,Transfer ke Daerah dan Dana Desa (TKDD),594228053869.0,2025-11-01
2025,12,Sumatera Selatan,Transfer ke Daerah dan Dana Desa (TKDD),363029281000.0,2025-12-01
2021,1,Sumatera Utara,Belanja Modal,1141203699701.9,2021-01-01
2021,2,Sumatera Utara,Belanja Modal,0.0,2021-02-01
2021,3,Sumatera Utara,Belanja Modal,0.0,2021-03-01
2021,4,Sumatera Utara,Belanja Modal,0.0,2021-04-01
2021,5,Sumatera Utara,Belanja Modal,0.0,2021-05-01
2021,6,Sumatera Utara,Belanja Modal,0.0,2021-06-01
2021,7,Sumatera Utara,Belanja Modal,0.0,2021-07-01
2021,8,Sumatera Utara,Belanja Modal,0.0,2021-08-01
2021,9,Sumatera Utara,Belanja Modal,0.0,2021-09-01
2021,10,Sumatera Utara,Belanja Modal,0.0,2021-10-01
2021,11,Sumatera Utara,Belanja Modal,0.0,2021-11-01
2021,12,Sumatera Utara,Belanja Modal,0.0,2021-12-01
2022,1,Sumatera Utara,Belanja Modal,1776116503367.0,2022-01-01
2022,2,Sumatera Utara,Belanja Modal,0.0,2022-02-01
2022,3,Sumatera Utara,Belanja Modal,0.0,2022-03-01
2022,4,Sumatera Utara,Belanja Modal,0.0,2022-04-01
2022,5,Sumatera Utara,Belanja Modal,0.0,2022-05-01
2022,6,Sumatera Utara,Belanja Modal,0.0,2022-06-01
2022,7,Sumatera Utara,Belanja Modal,0.0,2022-07-01
2022,8,Sumatera Utara,Belanja Modal,0.0,2022-08-01
2022,9,Sumatera Utara,Belanja Modal,0.0,2022-09-01
2022,10,Sumatera Utara,Belanja Modal,0.0,2022-10-01
2022,11,Sumatera Utara,Belanja Modal,0.0,2022-11-01
2022,12,Sumatera Utara,Belanja Modal,0.0,2022-12-01
2023,1,Sumatera Utara,Belanja Modal,157420430420.0,2023-01-01
2023,2,Sumatera Utara,Belanja Modal,1870580622.0,2023-02-01
2023,3,Sumatera Utara,Belanja Modal,16938960995.850006,2023-03-01
2023,4,Sumatera Utara,Belanja Modal,57452626856.0,2023-04-01
2023,5,Sumatera Utara,Belanja Modal,0.0,2023-05-01
2023,6,Sumatera Utara,Belanja Modal,142454324137.38998,2023-06-01
2023,7,Sumatera Utara,Belanja Modal,158028831304.93,2023-07-01
2023,8,Sumatera Utara,Belanja Modal,347934379833.93,2023-08-01
2023,9,Sumatera Utara,Belanja Modal,211135521574.90002,2023-09-01
2023,10,Sumatera Utara,Belanja Modal,366317921916.69995,2023-10-01
2023,11,Sumatera Utara,Belanja Modal,210540873427.80005,2023-11-01
2023,12,Sumatera Utara,Belanja Modal,894479038563.5,2023-12-01
2024,1,Sumatera Utara,Belanja Modal,0.0,2024-01-01
2024,2,Sumatera Utara,Belanja Modal,3400418600.0,2024-02-01
2024,3,Sumatera Utara,Belanja Modal,39759217884.59,2024-03-01
2024,4,Sumatera Utara,Belanja Modal,41831287775.0,2024-04-01
2024,5,Sumatera Utara,Belanja Modal,44376901765.57001,2024-05-01
2024,6,Sumatera Utara,Belanja Modal,294914100572.03,2024-06-01
2024,7,Sumatera Utara,Belanja Modal,100099743175.16998,2024-07-01
2024,8,Sumatera Utara,Belanja Modal,120279114638.06006,2024-08-01
2024,9,Sumatera Utara,Belanja Modal,152912114830.28992,2024-09-01
2024,10,Sumatera Utara,Belanja Modal,205140064877.49,2024-10-01
2024,11,Sumatera Utara,Belanja Modal,198614097286.30005,2024-11-01
2024,12,Sumatera Utara,Belanja Modal,809517793872.5,2024-12-01
2025,1,Sumatera Utara,Belanja Modal,0.0,2025-01-01
2025,2,Sumatera Utara,Belanja Modal,167378603466.22,2025-02-01
2025,3,Sumatera Utara,Belanja Modal,113138659513.99997,2025-03-01
2025,4,Sumatera Utara,Belanja Modal,10069755174.0,2025-04-01
2025,5,Sumatera Utara,Belanja Modal,4250887277.0,2025-05-01
2025,6,Sumatera Utara,Belanja Modal,255532408782.0,2025-06-01
2025,7,Sumatera Utara,Belanja Modal,0.0,2025-07-01
2025,8,Sumatera Utara,Belanja Modal,15064642501.300049,2025-08-01
2025,9,Sumatera Utara,Belanja Modal,184857888643.0,2025-09-01
2025,10,Sumatera Utara,Belanja Modal,65517579822.650024,2025-10-01
2025,11,Sumatera Utara,Belanja Modal,136159147297.0,2025-11-01
2025,12,Sumatera Utara,Belanja Modal,463018096359.32996,2025-12-01
2021,1,Sumatera Utara,Pendapatan Asli Daerah (PAD),6402714086506.6,2021-01-01
2021,2,Sumatera Utara,Pendapatan Asli Daerah (PAD),0.0,2021-02-01
2021,3,Sumatera Utara,Pendapatan Asli Daerah (PAD),0.0,2021-03-01
2021,4,Sumatera Utara,Pendapatan Asli Daerah (PAD),0.0,2021-04-01
2021,5,Sumatera Utara,Pendapatan Asli Daerah (PAD),0.0,2021-05-01
2021,6,Sumatera Utara,Pendapatan Asli Daerah (PAD),0.0,2021-06-01
2021,7,Sumatera Utara,Pendapatan Asli Daerah (PAD),0.0,2021-07-01
2021,8,Sumatera Utara,Pendapatan Asli Daerah (PAD),0.0,2021-08-01
2021,9,Sumatera Utara,Pendapatan Asli Daerah (PAD),0.0,2021-09-01
2021,10,Sumatera Utara,Pendapatan Asli Daerah (PAD),0.0,2021-10-01
2021,11,Sumatera Utara,Pendapatan Asli Daerah (PAD),0.0,2021-11-01
2021,12,Sumatera Utara,Pendapatan Asli Daerah (PAD),0.0,2021-12-01
2022,1,Sumatera Utara,Pendapatan Asli Daerah (PAD),7258018251932.5,2022-01-01
2022,2,Sumatera Utara,Pendapatan Asli Daerah (PAD),0.0,2022-02-01
2022,3,Sumatera Utara,Pendapatan Asli Daerah (PAD),0.0,2022-03-01
2022,4,Sumatera Utara,Pendapatan Asli Daerah (PAD),0.0,2022-04-01
2022,5,Sumatera Utara,Pendapatan Asli Daerah (PAD),0.0,2022-05-01
2022,6,Sumatera Utara,Pendapatan Asli Daerah (PAD),0.0,2022-06-01
2022,7,Sumatera Utara,Pendapatan Asli Daerah (PAD),0.0,2022-07-01
2022,8,Sumatera Utara,Pendapatan Asli Daerah (PAD),0.0,2022-08-01
2022,9,Sumatera Utara,Pendapatan Asli Daerah (PAD),0.0,2022-09-01
2022,10,Sumatera Utara,Pendapatan Asli Daerah (PAD),0.0,2022-10-01
2022,11,Sumatera Utara,Pendapatan Asli Daerah (PAD),0.0,2022-11-01
2022,12,Sumatera Utara,Pendapatan Asli Daerah (PAD),0.0,2022-12-01
2023,1,Sumatera Utara,Pendapatan Asli Daerah (PAD),428394953545.53,2023-01-01
2023,2,Sumatera Utara,Pendapatan Asli Daerah (PAD),417533077256.69995,2023-02-01
2023,3,Sumatera Utara,Pendapatan Asli Daerah (PAD),766127870661.27,2023-03-01
2023,4,Sumatera Utara,Pendapatan Asli Daerah (PAD),807317985759.0,2023-04-01
2023,5,Sumatera Utara,Pendapatan Asli Daerah (PAD),0.0,2023-05-01
2023,6,Sumatera Utara,Pendapatan Asli Daerah (PAD),470974572640.2002,2023-06-01
2023,7,Sumatera Utara,Pendapatan Asli Daerah (PAD),760653007493.0996,2023-07-01
2023,8,Sumatera Utara,Pendapatan Asli Daerah (PAD),560946211762.8003,2023-08-01
2023,9,Sumatera Utara,Pendapatan Asli Daerah (PAD),493241383778.3999,2023-09-01
2023,10,Sumatera Utara,Pendapatan Asli Daerah (PAD),715517950064.0,2023-10-01
2023,11,Sumatera Utara,Pendapatan Asli Daerah (PAD),498013421531.7002,2023-11-01
2023,12,Sumatera Utara,Pendapatan Asli Daerah (PAD),805219172151.5,2023-12-01
2024,1,Sumatera Utara,Pendapatan Asli Daerah (PAD),415696523439.14,2024-01-01
2024,2,Sumatera Utara,Pendapatan Asli Daerah (PAD),687964497936.7599,2024-02-01
2024,3,Sumatera Utara,Pendapatan Asli Daerah (PAD),464427225423.2002,2024-03-01
2024,4,Sumatera Utara,Pendapatan Asli Daerah (PAD),875850871745.3999,2024-04-01
2024,5,Sumatera Utara,Pendapatan Asli Daerah (PAD),441864559991.1001,2024-05-01
2024,6,Sumatera Utara,Pendapatan Asli Daerah (PAD),577052117736.1001,2024-06-01
2024,7,Sumatera Utara,Pendapatan Asli Daerah (PAD),748862707540.7998,2024-07-01
2024,8,Sumatera Utara,Pendapatan Asli Daerah (PAD),529188594057.7998,2024-08-01
2024,9,Sumatera Utara,Pendapatan Asli Daerah (PAD),438184364030.7002,2024-09-01
2024,10,Sumatera Utara,Pendapatan Asli Daerah (PAD),784300803315.2002,2024-10-01
2024,11,Sumatera Utara,Pendapatan Asli Daerah (PAD),502222958528.0996,2024-11-01
2024,12,Sumatera Utara,Pendapatan Asli Daerah (PAD),903148504835.0,2024-12-01
2025,1,Sumatera Utara,Pendapatan Asli Daerah (PAD),325986495220.08,2025-01-01
2025,2,Sumatera Utara,Pendapatan Asli Daerah (PAD),264657166945.2,2025-02-01
2025,3,Sumatera Utara,Pendapatan Asli Daerah (PAD),610926111306.22,2025-03-01
2025,4,Sumatera Utara,Pendapatan Asli Daerah (PAD),770381925333.8,2025-04-01
2025,5,Sumatera Utara,Pendapatan Asli Daerah (PAD),342433875439.40015,2025-05-01
2025,6,Sumatera Utara,Pendapatan Asli Daerah (PAD),316310256310.0,2025-06-01
2025,7,Sumatera Utara,Pendapatan Asli Daerah (PAD),612457082538.5996,2025-07-01
2025,8,Sumatera Utara,Pendapatan Asli Daerah (PAD),319172118749.0,2025-08-01
2025,9,Sumatera Utara,Pendapatan Asli Daerah (PAD),383311190002.0,2025-09-01
2025,10,Sumatera Utara,Pendapatan Asli Daerah (PAD),736576021579.0,2025-10-01
2025,11,Sumatera Utara,Pendapatan Asli Daerah (PAD),336326972291.7002,2025-11-01
2025,12,Sumatera Utara,Pendapatan Asli Daerah (PAD),668040589914.2998,2025-12-01
2021,1,Sumatera Utara,Total Belanja Daerah,13225393166670.0,2021-01-01
2021,2,Sumatera Utara,Total Belanja Daerah,0.0,2021-02-01
2021,3,Sumatera Utara,Total Belanja Daerah,0.0,2021-03-01
2021,4,Sumatera Utara,Total Belanja Daerah,0.0,2021-04-01
2021,5,Sumatera Utara,Total Belanja Daerah,0.0,2021-05-01
2021,6,Sumatera Utara,Total Belanja Daerah,0.0,2021-06-01
2021,7,Sumatera Utara,Total Belanja Daerah,0.0,2021-07-01
2021,8,Sumatera Utara,Total Belanja Daerah,0.0,2021-08-01
2021,9,Sumatera Utara,Total Belanja Daerah,0.0,2021-09-01
2021,10,Sumatera Utara,Total Belanja Daerah,0.0,2021-10-01
2021,11,Sumatera Utara,Total Belanja Daerah,0.0,2021-11-01
2021,12,Sumatera Utara,Total Belanja Daerah,0.0,2021-12-01
2022,1,Sumatera Utara,Total Belanja Daerah,12509062821349.0,2022-01-01
2022,2,Sumatera Utara,Total Belanja Daerah,0.0,2022-02-01
2022,3,Sumatera Utara,Total Belanja Daerah,0.0,2022-03-01
2022,4,Sumatera Utara,Total Belanja Daerah,0.0,2022-04-01
2022,5,Sumatera Utara,Total Belanja Daerah,0.0,2022-05-01
2022,6,Sumatera Utara,Total Belanja Daerah,0.0,2022-06-01
2022,7,Sumatera Utara,Total Belanja Daerah,0.0,2022-07-01
2022,8,Sumatera Utara,Total Belanja Daerah,0.0,2022-08-01
2022,9,Sumatera Utara,Total Belanja Daerah,0.0,2022-09-01
2022,10,Sumatera Utara,Total Belanja Daerah,0.0,2022-10-01
2022,11,Sumatera Utara,Total Belanja Daerah,0.0,2022-11-01
2022,12,Sumatera Utara,Total Belanja Daerah,0.0,2022-12-01
2023,1,Sumatera Utara,Total Belanja Daerah,459975305859.45,2023-01-01
2023,2,Sumatera Utara,Total Belanja Daerah,516369078213.42,2023-02-01
2023,3,Sumatera Utara,Total Belanja Daerah,866396763855.5299,2023-03-01
2023,4,Sumatera Utara,Total Belanja Daerah,1619326973893.0,2023-04-01
2023,5,Sumatera Utara,Total Belanja Daerah,0.0,2023-05-01
2023,6,Sumatera Utara,Total Belanja Daerah,1306740305306.4,2023-06-01
2023,7,Sumatera Utara,Total Belanja Daerah,1294628549753.9004,2023-07-01
2023,8,Sumatera Utara,Total Belanja Daerah,904580075791.2998,2023-08-01
2023,9,Sumatera Utara,Total Belanja Daerah,787131647355.9004,2023-09-01
2023,10,Sumatera Utara,Total Belanja Daerah,1004095542686.5,2023-10-01
2023,11,Sumatera Utara,Total Belanja Daerah,1161510307328.7988,2023-11-01
2023,12,Sumatera Utara,Total Belanja Daerah,3030637426929.801,2023-12-01
2024,1,Sumatera Utara,Total Belanja Daerah,385212780724.67,2024-01-01
2024,2,Sumatera Utara,Total Belanja Daerah,371715259336.29,2024-02-01
2024,3,Sumatera Utara,Total Belanja Daerah,900096179009.44,2024-03-01
2024,4,Sumatera Utara,Total Belanja Daerah,852095909020.3003,2024-04-01
2024,5,Sumatera Utara,Total Belanja Daerah,1181855778501.5,2024-05-01
2024,6,Sumatera Utara,Total Belanja Daerah,1337782751535.2998,2024-06-01
2024,7,Sumatera Utara,Total Belanja Daerah,1641097508713.7002,2024-07-01
2024,8,Sumatera Utara,Total Belanja Daerah,880136634718.0996,2024-08-01
2024,9,Sumatera Utara,Total Belanja Daerah,894964955820.1006,2024-09-01
2024,10,Sumatera Utara,Total Belanja Daerah,1250620902338.5,2024-10-01
2024,11,Sumatera Utara,Total Belanja Daerah,1131388250065.0996,2024-11-01
2024,12,Sumatera Utara,Total Belanja Daerah,2479923260514.0,2024-12-01
2025,1,Sumatera Utara,Total Belanja Daerah,205113571811.0,2025-01-01
2025,2,Sumatera Utara,Total Belanja Daerah,757377219503.38,2025-02-01
2025,3,Sumatera Utara,Total Belanja Daerah,1160075898679.8198,2025-03-01
2025,4,Sumatera Utara,Total Belanja Daerah,507351495417.80005,2025-04-01
2025,5,Sumatera Utara,Total Belanja Daerah,807577310769.1001,2025-05-01
2025,6,Sumatera Utara,Total Belanja Daerah,639236151511.8999,2025-06-01
2025,7,Sumatera Utara,Total Belanja Daerah,505673457519.0,2025-07-01
2025,8,Sumatera Utara,Total Belanja Daerah,1102882444113.2002,2025-08-01
2025,9,Sumatera Utara,Total Belanja Daerah,1426028671687.7998,2025-09-01
2025,10,Sumatera Utara,Total Belanja Daerah,1083109281042.7998,2025-10-01
2025,11,Sumatera Utara,Total Belanja Daerah,768405519423.1006,2025-11-01
2025,12,Sumatera Utara,Total Belanja Daerah,2555606545375.0996,2025-12-01
2021,1,Sumatera Utara,Total Pendapatan Daerah,14034036626479.0,2021-01-01
2021,2,Sumatera Utara,Total Pendapatan Daerah,0.0,2021-02-01
2021,3,Sumatera Utara,Total Pendapatan Daerah,0.0,2021-03-01
2021,4,Sumatera Utara,Total Pendapatan Daerah,0.0,2021-04-01
2021,5,Sumatera Utara,Total Pendapatan Daerah,0.0,2021-05-01
2021,6,Sumatera Utara,Total Pendapatan Daerah,0.0,2021-06-01
2021,7,Sumatera Utara,Total Pendapatan Daerah,0.0,2021-07-01
2021,8,Sumatera Utara,Total Pendapatan Daerah,0.0,2021-08-01
2021,9,Sumatera Utara,Total Pendapatan Daerah,0.0,2021-09-01
2021,10,Sumatera Utara,Total Pendapatan Daerah,0.0,2021-10-01
2021,11,Sumatera Utara,Total Pendapatan Daerah,0.0,2021-11-01
2021,12,Sumatera Utara,Total Pendapatan Daerah,0.0,2021-12-01
2022,1,Sumatera Utara,Total Pendapatan Daerah,12594412688862.0,2022-01-01
2022,2,Sumatera Utara,Total Pendapatan Daerah,0.0,2022-02-01
2022,3,Sumatera Utara,Total Pendapatan Daerah,0.0,2022-03-01
2022,4,Sumatera Utara,Total Pendapatan Daerah,0.0,2022-04-01
2022,5,Sumatera Utara,Total Pendapatan Daerah,0.0,2022-05-01
2022,6,Sumatera Utara,Total Pendapatan Daerah,0.0,2022-06-01
2022,7,Sumatera Utara,Total Pendapatan Daerah,0.0,2022-07-01
2022,8,Sumatera Utara,Total Pendapatan Daerah,0.0,2022-08-01
2022,9,Sumatera Utara,Total Pendapatan Daerah,0.0,2022-09-01
2022,10,Sumatera Utara,Total Pendapatan Daerah,0.0,2022-10-01
2022,11,Sumatera Utara,Total Pendapatan Daerah,0.0,2022-11-01
2022,12,Sumatera Utara,Total Pendapatan Daerah,0.0,2022-12-01
2023,1,Sumatera Utara,Total Pendapatan Daerah,788052417006.53,2023-01-01
2023,2,Sumatera Utara,Total Pendapatan Daerah,864487086907.6699,2023-02-01
2023,3,Sumatera Utara,Total Pendapatan Daerah,943852401772.3,2023-03-01
2023,4,Sumatera Utara,Total Pendapatan Daerah,1588781831723.0,2023-04-01
2023,5,Sumatera Utara,Total Pendapatan Daerah,0.0,2023-05-01
2023,6,Sumatera Utara,Total Pendapatan Daerah,833688783065.2002,2023-06-01
2023,7,Sumatera Utara,Total Pendapatan Daerah,1491400155925.0996,2023-07-01
2023,8,Sumatera Utara,Total Pendapatan Daerah,952533886144.7998,2023-08-01
2023,9,Sumatera Utara,Total Pendapatan Daerah,880925083743.4004,2023-09-01
2023,10,Sumatera Utara,Total Pendapatan Daerah,1218647292147.0,2023-10-01
2023,11,Sumatera Utara,Total Pendapatan Daerah,885692268027.0,2023-11-01
2023,12,Sumatera Utara,Total Pendapatan Daerah,1540116328198.0,2023-12-01
2024,1,Sumatera Utara,Total Pendapatan Daerah,627243803864.14,2024-01-01
2024,2,Sumatera Utara,Total Pendapatan Daerah,1081808573885.7599,2024-02-01
2024,3,Sumatera Utara,Total Pendapatan Daerah,1317319023310.2002,2024-03-01
2024,4,Sumatera Utara,Total Pendapatan Daerah,1291360462294.4,2024-04-01
2024,5,Sumatera Utara,Total Pendapatan Daerah,678336605937.0996,2024-05-01
2024,6,Sumatera Utara,Total Pendapatan Daerah,1252545209998.1006,2024-06-01
2024,7,Sumatera Utara,Total Pendapatan Daerah,1007060884039.7998,2024-07-01
2024,8,Sumatera Utara,Total Pendapatan Daerah,1494104465499.7998,2024-08-01
2024,9,Sumatera Utara,Total Pendapatan Daerah,706500722800.7002,2024-09-01
2024,10,Sumatera Utara,Total Pendapatan Daerah,1348881422218.0,2024-10-01
2024,11,Sumatera Utara,Total Pendapatan Daerah,820197848285.0,2024-11-01
2024,12,Sumatera Utara,Total Pendapatan Daerah,1611540884692.0,2024-12-01
2025,1,Sumatera Utara,Total Pendapatan Daerah,1336588358695.1,2025-01-01
2025,2,Sumatera Utara,Total Pendapatan Daerah,442398963485.19995,2025-02-01
2025,3,Sumatera Utara,Total Pendapatan Daerah,927566347304.3,2025-03-01
2025,4,Sumatera Utara,Total Pendapatan Daerah,1316316833621.6997,2025-04-01
2025,5,Sumatera Utara,Total Pendapatan Daerah,615084129185.4004,2025-05-01
2025,6,Sumatera Utara,Total Pendapatan Daerah,92963384816.0,2025-06-01
2025,7,Sumatera Utara,Total Pendapatan Daerah,1489433369432.5996,2025-07-01
2025,8,Sumatera Utara,Total Pendapatan Daerah,876756624499.0,2025-08-01
2025,9,Sumatera Utara,Total Pendapatan Daerah,1083844901207.0,2025-09-01
2025,10,Sumatera Utara,Total Pendapatan Daerah,1789289128322.001,2025-10-01
2025,11,Sumatera Utara,Total Pendapatan Daerah,593716056997.6992,2025-11-01
2025,12,Sumatera Utara,Total Pendapatan Daerah,1463374092090.0,2025-12-01
2021,1,Sumatera Utara,Transfer ke Daerah dan Dana Desa (TKDD),7518180471987.0,2021-01-01
2021,2,Sumatera Utara,Transfer ke Daerah dan Dana Desa (TKDD),0.0,2021-02-01
2021,3,Sumatera Utara,Transfer ke Daerah dan Dana Desa (TKDD),0.0,2021-03-01
2021,4,Sumatera Utara,Transfer ke Daerah dan Dana Desa (TKDD),0.0,2021-04-01
2021,5,Sumatera Utara,Transfer ke Daerah dan Dana Desa (TKDD),0.0,2021-05-01
2021,6,Sumatera Utara,Transfer ke Daerah dan Dana Desa (TKDD),0.0,2021-06-01
2021,7,Sumatera Utara,Transfer ke Daerah dan Dana Desa (TKDD),0.0,2021-07-01
2021,8,Sumatera Utara,Transfer ke Daerah dan Dana Desa (TKDD),0.0,2021-08-01
2021,9,Sumatera Utara,Transfer ke Daerah dan Dana Desa (TKDD),0.0,2021-09-01
2021,10,Sumatera Utara,Transfer ke Daerah dan Dana Desa (TKDD),0.0,2021-10-01
2021,11,Sumatera Utara,Transfer ke Daerah dan Dana Desa (TKDD),0.0,2021-11-01
2021,12,Sumatera Utara,Transfer ke Daerah dan Dana Desa (TKDD),0.0,2021-12-01
2022,1,Sumatera Utara,Transfer ke Daerah dan Dana Desa (TKDD),5250014270033.0,2022-01-01
2022,2,Sumatera Utara,Transfer ke Daerah dan Dana Desa (TKDD),0.0,2022-02-01
2022,3,Sumatera Utara,Transfer ke Daerah dan Dana Desa (TKDD),0.0,2022-03-01
2022,4,Sumatera Utara,Transfer ke Daerah dan Dana Desa (TKDD),0.0,2022-04-01
2022,5,Sumatera Utara,Transfer ke Daerah dan Dana Desa (TKDD),0.0,2022-05-01
2022,6,Sumatera Utara,Transfer ke Daerah dan Dana Desa (TKDD),0.0,2022-06-01
2022,7,Sumatera Utara,Transfer ke Daerah dan Dana Desa (TKDD),0.0,2022-07-01
2022,8,Sumatera Utara,Transfer ke Daerah dan Dana Desa (TKDD),0.0,2022-08-01
2022,9,Sumatera Utara,Transfer ke Daerah dan Dana Desa (TKDD),0.0,2022-09-01
2022,10,Sumatera Utara,Transfer ke Daerah dan Dana Desa (TKDD),0.0,2022-10-01
2022,11,Sumatera Utara,Transfer ke Daerah dan Dana Desa (TKDD),0.0,2022-11-01
2022,12,Sumatera Utara,Transfer ke Daerah dan Dana Desa (TKDD),0.0,2022-12-01
2023,1,Sumatera Utara,Transfer ke Daerah dan Dana Desa (TKDD),351363826400.0,2023-01-01
2023,2,Sumatera Utara,Transfer ke Daerah dan Dana Desa (TKDD),446469151200.0,2023-02-01
2023,3,Sumatera Utara,Transfer ke Daerah dan Dana Desa (TKDD),177686359111.0,2023-03-01
2023,4,Sumatera Utara,Transfer ke Daerah dan Dana Desa (TKDD),781461995964.0,2023-04-01
2023,5,Sumatera Utara,Transfer ke Daerah dan Dana Desa (TKDD),0.0,2023-05-01
2023,6,Sumatera Utara,Transfer ke Daerah dan Dana Desa (TKDD),361258378425.0,2023-06-01
2023,7,Sumatera Utara,Transfer ke Daerah dan Dana Desa (TKDD),728815748432.0,2023-07-01
2023,8,Sumatera Utara,Transfer ke Daerah dan Dana Desa (TKDD),391089824382.0,2023-08-01
2023,9,Sumatera Utara,Transfer ke Daerah dan Dana Desa (TKDD),387200849965.0,2023-09-01
2023,10,Sumatera Utara,Transfer ke Daerah dan Dana Desa (TKDD),502646492083.0,2023-10-01
2023,11,Sumatera Utara,Transfer ke Daerah dan Dana Desa (TKDD),387195996495.0,2023-11-01
2023,12,Sumatera Utara,Transfer ke Daerah dan Dana Desa (TKDD),660100453600.0,2023-12-01
2024,1,Sumatera Utara,Transfer ke Daerah dan Dana Desa (TKDD),206840174400.0,2024-01-01
2024,2,Sumatera Utara,Transfer ke Daerah dan Dana Desa (TKDD),393136998350.0,2024-02-01
2024,3,Sumatera Utara,Transfer ke Daerah dan Dana Desa (TKDD),852341538887.0,2024-03-01
2024,4,Sumatera Utara,Transfer ke Daerah dan Dana Desa (TKDD),415509590549.0,2024-04-01
2024,5,Sumatera Utara,Transfer ke Daerah dan Dana Desa (TKDD),236472045946.0,2024-05-01
2024,6,Sumatera Utara,Transfer ke Daerah dan Dana Desa (TKDD),675493092262.0,2024-06-01
2024,7,Sumatera Utara,Transfer ke Daerah dan Dana Desa (TKDD),258198176499.0,2024-07-01
2024,8,Sumatera Utara,Transfer ke Daerah dan Dana Desa (TKDD),962415871442.0,2024-08-01
2024,9,Sumatera Utara,Transfer ke Daerah dan Dana Desa (TKDD),268316358770.0,2024-09-01
2024,10,Sumatera Utara,Transfer ke Daerah dan Dana Desa (TKDD),564580618903.0,2024-10-01
2024,11,Sumatera Utara,Transfer ke Daerah dan Dana Desa (TKDD),316396970757.0,2024-11-01
2024,12,Sumatera Utara,Transfer ke Daerah dan Dana Desa (TKDD),625083325906.0,2024-12-01
2025,1,Sumatera Utara,Transfer ke Daerah dan Dana Desa (TKDD),1005026665700.0,2025-01-01
2025,2,Sumatera Utara,Transfer ke Daerah dan Dana Desa (TKDD),177741796540.0,2025-02-01
2025,3,Sumatera Utara,Transfer ke Daerah dan Dana Desa (TKDD),316360780598.0,2025-03-01
2025,4,Sumatera Utara,Transfer ke Daerah dan Dana Desa (TKDD),229312291300.0,2025-04-01
2025,5,Sumatera Utara,Transfer ke Daerah dan Dana Desa (TKDD),232592465000.0,2025-05-01
2025,6,Sumatera Utara,Transfer ke Daerah dan Dana Desa (TKDD),0.0,2025-06-01
2025,7,Sumatera Utara,Transfer ke Daerah dan Dana Desa (TKDD),876945611894.0,2025-07-01
2025,8,Sumatera Utara,Transfer ke Daerah dan Dana Desa (TKDD),557581255750.0,2025-08-01
2025,9,Sumatera Utara,Transfer ke Daerah dan Dana Desa (TKDD),700533711205.0,2025-09-01
2025,10,Sumatera Utara,Transfer ke Daerah dan Dana Desa (TKDD),1052713106743.0,2025-10-01
2025,11,Sumatera Utara,Transfer ke Daerah dan Dana Desa (TKDD),257218255706.0,2025-11-01
2025,12,Sumatera Utara,Transfer ke Daerah dan Dana Desa (TKDD),721349266943.0,2025-12-01
