tahun,bulan,provinsi,pendapatan_daerah,PAD,TKDD,belanja_daerah,belanja_modal
2021,1,Aceh,13948388273436.0,2505887909031.1,11431169265498.0,13683582127432.0,2199333370928.9
2021,1,Bali,5923153297394.8,3117070012473.8,2801186284925.0,6270667217646.3,839010470016.8
2021,1,Bangka Belitung,2708948673049.0,895763128992.0,1750322876331.0,2465813370118.0,428654245651.0
2021,1,Banten,11623305653595.0,7010370228686.8,4607412424908.0,11660630540289.0,1297233609175.6
2021,1,Bengkulu,3051751862803.0,984420164400.0,2066215698403.0,2880225046730.0,324342084410.0
2021,1,DI Yogyakarta,5703100309342.2,1900923074881.5,3794050615221.0,5530173461667.2,654839728747.39
2021,1,DKI Jakarta,65567009199000.0,41606307405630.0,22673794344052.0,61619040160565.0,6865827016519.0
2021,1,Gorontalo,1972986602791.5,510804052686.52,1458904411530.0,1866246072482.9,176342548971.48
2021,1,Jambi,4725724403283.0,1843431186553.0,2879979691030.0,4388299688277.0,449690683606.0
2021,1,Jawa Barat,36991873224931.0,20333679966126.0,16577293915554.0,37470910437064.0,2045428563538.0
2021,1,Jawa Tengah,26633000085963.0,14695474898162.0,11871796336054.0,25843800193834.0,1447620411245.0
2021,1,Jawa Timur,34280709120324.0,18935885925146.0,15186749240653.0,33852938529602.0,1969920805388.0
2021,1,Kalimantan Barat,6431288413199.0,2507322119836.0,3878077918657.0,6303146996600.0,927107860128.0
2021,1,Kalimantan Selatan,6623086492762.3,3564914942945.3,2972176267366.0,6434676072254.6,956156711886.92
2021,1,Kalimantan Tengah,5199634633666.7,1851575071028.7,3309173775771.0,4584753691272.4,872467667935.12
2021,1,Kalimantan Timur,10220142967274.0,6111918272284.4,4094319639990.0,10723529422431.0,1514465189714.9
2021,1,Kalimantan Utara,2609501844014.0,677803723305.0,1890949863341.0,2372645890286.0,390900388868.0
2021,1,Kepulauan Riau,3809875862443.0,1375770280701.0,2406531963533.0,3703816067350.0,338332248969.0
2021,1,Lampung,7469469346029.0,3249669847265.0,4201782231009.0,7097651401591.1,849692114832.21
2021,1,Maluku,3045825245458.0,545752866622.0,2498865066285.0,3008048650665.0,591452177031.0
2021,1,Maluku Utara,2876947984752.0,552347164463.0,2324406934903.0,2992461495869.0,821980932716.0
2021,1,NTB,5326932790704.0,1888456286096.0,3414313104250.0,5545143797895.0,771280939990.0
2021,1,NTT,5312446872608.5,1238032648888.5,4000655446445.0,5508767906132.7,903257622800.0
2021,1,Papua,13885923486851.0,2139689476134.0,11735255394924.0,14859606462836.0,1116373579616.0
2021,1,Papua Barat,7327020310449.0,483953895413.0,6841402535036.0,8040529963116.0,2435058124558.0
2021,1,Riau,9383001507905.0,4050468561143.0,5324745236758.0,8931704166450.0,1018455078253.0
2021,1,Sulawesi Barat,2024671075786.4,407996514740.59,1609482634440.0,1986339100172.2,402867597767.42
2021,1,Sulawesi Selatan,10009403475558.0,4469113381188.0,5423910799398.0,10167278357983.0,1459719789009.0
2021,1,Sulawesi Tengah,4695680785591.0,1494246273498.0,3149096842573.0,4339507807931.0,500901619442.0
2021,1,Sulawesi Tenggara,4529251153805.0,1373793724629.0,3119960554389.0,4495870207049.0,1246770023310.0
2021,1,Sulawesi Utara,3958016296497.0,1310528740581.0,2626382357008.0,4352913924432.0,1031253909110.0
2021,1,Sumatera Barat,6706053462904.0,2551899163309.0,4072492324339.0,6468906658345.0,666352120893.0
2021,1,Sumatera Selatan,9611291244667.0,3865463033085.0,5712683072712.0,10060730260978.0,1836834114021.0
2021,1,Sumatera Utara,14034036626479.0,6402714086506.6,7518180471987.0,13225393166670.0,1141203699701.9
2021,2,Aceh,13948388273436.0,2505887909031.1,11431169265498.0,13683582127432.0,2199333370928.9
2021,2,Bali,5923153297394.8,3117070012473.8,2801186284925.0,6270667217646.3,839010470016.8
2021,2,Bangka Belitung,2708948673049.0,895763128992.0,1750322876331.0,2465813370118.0,428654245651.0
2021,2,Banten,11623305653595.0,7010370228686.8,4607412424908.0,11660630540289.0,1297233609175.6
2021,2,Bengkulu,3051751862803.0,984420164400.0,2066215698403.0,2880225046730.0,324342084410.0
2021,2,DI Yogyakarta,5703100309342.2,1900923074881.5,3794050615221.0,5530173461667.2,654839728747.39
2021,2,DKI Jakarta,65567009199000.0,41606307405630.0,22673794344052.0,61619040160565.0,6865827016519.0
2021,2,Gorontalo,1972986602791.5,510804052686.52,1458904411530.0,1866246072482.9,176342548971.48
2021,2,Jambi,4725724403283.0,1843431186553.0,2879979691030.0,4388299688277.0,449690683606.0
2021,2,Jawa Barat,36991873224931.0,20333679966126.0,16577293915554.0,37470910437064.0,2045428563538.0
2021,2,Jawa Tengah,26633000085963.0,14695474898162.0,11871796336054.0,25843800193834.0,1447620411245.0
2021,2,Jawa Timur,34280709120324.0,18935885925146.0,15186749240653.0,33852938529602.0,1969920805388.0
2021,2,Kalimantan Barat,6431288413199.0,2507322119836.0,3878077918657.0,6303146996600.0,927107860128.0
2021,2,Kalimantan Selatan,6623086492762.3,3564914942945.3,2972176267366.0,6434676072254.6,956156711886.92
2021,2,Kalimantan Tengah,5199634633666.7,1851575071028.7,3309173775771.0,4584753691272.4,872467667935.12
2021,2,Kalimantan Timur,10220142967274.0,6111918272284.4,4094319639990.0,10723529422431.0,1514465189714.9
2021,2,Kalimantan Utara,2609501844014.0,677803723305.0,1890949863341.0,2372645890286.0,390900388868.0
2021,2,Kepulauan Riau,3809875862443.0,1375770280701.0,2406531963533.0,3703816067350.0,338332248969.0
2021,2,Lampung,7469469346029.0,3249669847265.0,4201782231009.0,7097651401591.1,849692114832.21
2021,2,Maluku,3045825245458.0,545752866622.0,2498865066285.0,3008048650665.0,591452177031.0
2021,2,Maluku Utara,2876947984752.0,552347164463.0,2324406934903.0,2992461495869.0,821980932716.0
2021,2,NTB,5326932790704.0,1888456286096.0,3414313104250.0,5545143797895.0,771280939990.0
2021,2,NTT,5312446872608.5,1238032648888.5,4000655446445.0,5508767906132.7,903257622800.0
2021,2,Papua,13885923486851.0,2139689476134.0,11735255394924.0,14859606462836.0,1116373579616.0
2021,2,Papua Barat,7327020310449.0,483953895413.0,6841402535036.0,8040529963116.0,2435058124558.0
2021,2,Riau,9383001507905.0,4050468561143.0,5324745236758.0,8931704166450.0,1018455078253.0
2021,2,Sulawesi Barat,2024671075786.4,407996514740.59,1609482634440.0,1986339100172.2,402867597767.42
2021,2,Sulawesi Selatan,10009403475558.0,4469113381188.0,5423910799398.0,10167278357983.0,1459719789009.0
2021,2,Sulawesi Tengah,4695680785591.0,1494246273498.0,3149096842573.0,4339507807931.0,500901619442.0
2021,2,Sulawesi Tenggara,4529251153805.0,1373793724629.0,3119960554389.0,4495870207049.0,1246770023310.0
2021,2,Sulawesi Utara,3958016296497.0,1310528740581.0,2626382357008.0,4352913924432.0,1031253909110.0
2021,2,Sumatera Barat,6706053462904.0,2551899163309.0,4072492324339.0,6468906658345.0,666352120893.0
2021,2,Sumatera Selatan,9611291244667.0,3865463033085.0,5712683072712.0,10060730260978.0,1836834114021.0
2021,2,Sumatera Utara,14034036626479.0,6402714086506.6,7518180471987.0,13225393166670.0,1141203699701.9
2021,3,Aceh,13948388273436.0,2505887909031.1,11431169265498.0,13683582127432.0,2199333370928.9
2021,3,Bali,5923153297394.8,3117070012473.8,2801186284925.0,6270667217646.3,839010470016.8
2021,3,Bangka Belitung,2708948673049.0,895763128992.0,1750322876331.0,2465813370118.0,428654245651.0
2021,3,Banten,11623305653595.0,7010370228686.8,4607412424908.0,11660630540289.0,1297233609175.6
2021,3,Bengkulu,3051751862803.0,984420164400.0,2066215698403.0,2880225046730.0,324342084410.0
2021,3,DI Yogyakarta,5703100309342.2,1900923074881.5,3794050615221.0,5530173461667.2,654839728747.39
2021,3,DKI Jakarta,65567009199000.0,41606307405630.0,22673794344052.0,61619040160565.0,6865827016519.0
2021,3,Gorontalo,1972986602791.5,510804052686.52,1458904411530.0,1866246072482.9,176342548971.48
2021,3,Jambi,4725724403283.0,1843431186553.0,2879979691030.0,4388299688277.0,449690683606.0
2021,3,Jawa Barat,36991873224931.0,20333679966126.0,16577293915554.0,37470910437064.0,2045428563538.0
2021,3,Jawa Tengah,26633000085963.0,14695474898162.0,11871796336054.0,25843800193834.0,1447620411245.0
2021,3,Jawa Timur,34280709120324.0,18935885925146.0,15186749240653.0,33852938529602.0,1969920805388.0
2021,3,Kalimantan Barat,6431288413199.0,2507322119836.0,3878077918657.0,6303146996600.0,927107860128.0
2021,3,Kalimantan Selatan,6623086492762.3,3564914942945.3,2972176267366.0,6434676072254.6,956156711886.92
2021,3,Kalimantan Tengah,5199634633666.7,1851575071028.7,3309173775771.0,4584753691272.4,872467667935.12
2021,3,Kalimantan Timur,10220142967274.0,6111918272284.4,4094319639990.0,10723529422431.0,1514465189714.9
2021,3,Kalimantan Utara,2609501844014.0,677803723305.0,1890949863341.0,2372645890286.0,390900388868.0
2021,3,Kepulauan Riau,3809875862443.0,1375770280701.0,2406531963533.0,3703816067350.0,338332248969.0
2021,3,Lampung,7469469346029.0,3249669847265.0,4201782231009.0,7097651401591.1,849692114832.21
2021,3,Maluku,3045825245458.0,545752866622.0,2498865066285.0,3008048650665.0,591452177031.0
2021,3,Maluku Utara,2876947984752.0,552347164463.0,2324406934903.0,2992461495869.0,821980932716.0
2021,3,NTB,5326932790704.0,1888456286096.0,3414313104250.0,5545143797895.0,771280939990.0
2021,3,NTT,5312446872608.5,1238032648888.5,4000655446445.0,5508767906132.7,903257622800.0
2021,3,Papua,13885923486851.0,2139689476134.0,11735255394924.0,14859606462836.0,1116373579616.0
2021,3,Papua Barat,7327020310449.0,483953895413.0,6841402535036.0,8040529963116.0,2435058124558.0
2021,3,Riau,9383001507905.0,4050468561143.0,5324745236758.0,8931704166450.0,1018455078253.0
2021,3,Sulawesi Barat,2024671075786.4,407996514740.59,1609482634440.0,1986339100172.2,402867597767.42
2021,3,Sulawesi Selatan,10009403475558.0,4469113381188.0,5423910799398.0,10167278357983.0,1459719789009.0
2021,3,Sulawesi Tengah,4695680785591.0,1494246273498.0,3149096842573.0,4339507807931.0,500901619442.0
2021,3,Sulawesi Tenggara,4529251153805.0,1373793724629.0,3119960554389.0,4495870207049.0,1246770023310.0
2021,3,Sulawesi Utara,3958016296497.0,1310528740581.0,2626382357008.0,4352913924432.0,1031253909110.0
2021,3,Sumatera Barat,6706053462904.0,2551899163309.0,4072492324339.0,6468906658345.0,666352120893.0
2021,3,Sumatera Selatan,9611291244667.0,3865463033085.0,5712683072712.0,10060730260978.0,1836834114021.0
2021,3,Sumatera Utara,14034036626479.0,6402714086506.6,7518180471987.0,13225393166670.0,1141203699701.9
2021,4,Aceh,13948388273436.0,2505887909031.1,11431169265498.0,13683582127432.0,2199333370928.9
2021,4,Bali,5923153297394.8,3117070012473.8,2801186284925.0,6270667217646.3,839010470016.8
2021,4,Bangka Belitung,2708948673049.0,895763128992.0,1750322876331.0,2465813370118.0,428654245651.0
2021,4,Banten,11623305653595.0,7010370228686.8,4607412424908.0,11660630540289.0,1297233609175.6
2021,4,Bengkulu,3051751862803.0,984420164400.0,2066215698403.0,2880225046730.0,324342084410.0
2021,4,DI Yogyakarta,5703100309342.2,1900923074881.5,3794050615221.0,5530173461667.2,654839728747.39
2021,4,DKI Jakarta,65567009199000.0,41606307405630.0,22673794344052.0,61619040160565.0,6865827016519.0
2021,4,Gorontalo,1972986602791.5,510804052686.52,1458904411530.0,1866246072482.9,176342548971.48
2021,4,Jambi,4725724403283.0,1843431186553.0,2879979691030.0,4388299688277.0,449690683606.0
2021,4,Jawa Barat,36991873224931.0,20333679966126.0,16577293915554.0,37470910437064.0,2045428563538.0
2021,4,Jawa Tengah,26633000085963.0,14695474898162.0,11871796336054.0,25843800193834.0,1447620411245.0
2021,4,Jawa Timur,34280709120324.0,18935885925146.0,15186749240653.0,33852938529602.0,1969920805388.0
2021,4,Kalimantan Barat,6431288413199.0,2507322119836.0,3878077918657.0,6303146996600.0,927107860128.0
2021,4,Kalimantan Selatan,6623086492762.3,3564914942945.3,2972176267366.0,6434676072254.6,956156711886.92
2021,4,Kalimantan Tengah,5199634633666.7,1851575071028.7,3309173775771.0,4584753691272.4,872467667935.12
2021,4,Kalimantan Timur,10220142967274.0,6111918272284.4,4094319639990.0,10723529422431.0,1514465189714.9
2021,4,Kalimantan Utara,2609501844014.0,677803723305.0,1890949863341.0,2372645890286.0,390900388868.0
2021,4,Kepulauan Riau,3809875862443.0,1375770280701.0,2406531963533.0,3703816067350.0,338332248969.0
2021,4,Lampung,7469469346029.0,3249669847265.0,4201782231009.0,7097651401591.1,849692114832.21
2021,4,Maluku,3045825245458.0,545752866622.0,2498865066285.0,3008048650665.0,591452177031.0
2021,4,Maluku Utara,2876947984752.0,552347164463.0,2324406934903.0,2992461495869.0,821980932716.0
2021,4,NTB,5326932790704.0,1888456286096.0,3414313104250.0,5545143797895.0,771280939990.0
2021,4,NTT,5312446872608.5,1238032648888.5,4000655446445.0,5508767906132.7,903257622800.0
2021,4,Papua,13885923486851.0,2139689476134.0,11735255394924.0,14859606462836.0,1116373579616.0
2021,4,Papua Barat,7327020310449.0,483953895413.0,6841402535036.0,8040529963116.0,2435058124558.0
2021,4,Riau,9383001507905.0,4050468561143.0,5324745236758.0,8931704166450.0,1018455078253.0
2021,4,Sulawesi Barat,2024671075786.4,407996514740.59,1609482634440.0,1986339100172.2,402867597767.42
2021,4,Sulawesi Selatan,10009403475558.0,4469113381188.0,5423910799398.0,10167278357983.0,1459719789009.0
2021,4,Sulawesi Tengah,4695680785591.0,1494246273498.0,3149096842573.0,4339507807931.0,500901619442.0
2021,4,Sulawesi Tenggara,4529251153805.0,1373793724629.0,3119960554389.0,4495870207049.0,1246770023310.0
2021,4,Sulawesi Utara,3958016296497.0,1310528740581.0,2626382357008.0,4352913924432.0,1031253909110.0
2021,4,Sumatera Barat,6706053462904.0,2551899163309.0,4072492324339.0,6468906658345.0,666352120893.0
2021,4,Sumatera Selatan,9611291244667.0,3865463033085.0,5712683072712.0,10060730260978.0,1836834114021.0
2021,4,Sumatera Utara,14034036626479.0,6402714086506.6,7518180471987.0,13225393166670.0,1141203699701.9
2021,5,Aceh,13948388273436.0,2505887909031.1,11431169265498.0,13683582127432.0,2199333370928.9
2021,5,Bali,5923153297394.8,3117070012473.8,2801186284925.0,6270667217646.3,839010470016.8
2021,5,Bangka Belitung,2708948673049.0,895763128992.0,1750322876331.0,2465813370118.0,428654245651.0
2021,5,Banten,11623305653595.0,7010370228686.8,4607412424908.0,11660630540289.0,1297233609175.6
2021,5,Bengkulu,3051751862803.0,984420164400.0,2066215698403.0,2880225046730.0,324342084410.0
2021,5,DI Yogyakarta,5703100309342.2,1900923074881.5,3794050615221.0,5530173461667.2,654839728747.39
2021,5,DKI Jakarta,65567009199000.0,41606307405630.0,22673794344052.0,61619040160565.0,6865827016519.0
2021,5,Gorontalo,1972986602791.5,510804052686.52,1458904411530.0,1866246072482.9,176342548971.48
2021,5,Jambi,4725724403283.0,1843431186553.0,2879979691030.0,4388299688277.0,449690683606.0
2021,5,Jawa Barat,36991873224931.0,20333679966126.0,16577293915554.0,37470910437064.0,2045428563538.0
2021,5,Jawa Tengah,26633000085963.0,14695474898162.0,11871796336054.0,25843800193834.0,1447620411245.0
2021,5,Jawa Timur,34280709120324.0,18935885925146.0,15186749240653.0,33852938529602.0,1969920805388.0
2021,5,Kalimantan Barat,6431288413199.0,2507322119836.0,3878077918657.0,6303146996600.0,927107860128.0
2021,5,Kalimantan Selatan,6623086492762.3,3564914942945.3,2972176267366.0,6434676072254.6,956156711886.92
2021,5,Kalimantan Tengah,5199634633666.7,1851575071028.7,3309173775771.0,4584753691272.4,872467667935.12
2021,5,Kalimantan Timur,10220142967274.0,6111918272284.4,4094319639990.0,10723529422431.0,1514465189714.9
2021,5,Kalimantan Utara,2609501844014.0,677803723305.0,1890949863341.0,2372645890286.0,390900388868.0
2021,5,Kepulauan Riau,3809875862443.0,1375770280701.0,2406531963533.0,3703816067350.0,338332248969.0
2021,5,Lampung,7469469346029.0,3249669847265.0,4201782231009.0,7097651401591.1,849692114832.21
2021,5,Maluku,3045825245458.0,545752866622.0,2498865066285.0,3008048650665.0,591452177031.0
2021,5,Maluku Utara,2876947984752.0,552347164463.0,2324406934903.0,2992461495869.0,821980932716.0
2021,5,NTB,5326932790704.0,1888456286096.0,3414313104250.0,5545143797895.0,771280939990.0
2021,5,NTT,5312446872608.5,1238032648888.5,4000655446445.0,5508767906132.7,903257622800.0
2021,5,Papua,13885923486851.0,2139689476134.0,11735255394924.0,14859606462836.0,1116373579616.0
2021,5,Papua Barat,7327020310449.0,483953895413.0,6841402535036.0,8040529963116.0,2435058124558.0
2021,5,Riau,9383001507905.0,4050468561143.0,5324745236758.0,8931704166450.0,1018455078253.0
2021,5,Sulawesi Barat,2024671075786.4,407996514740.59,1609482634440.0,1986339100172.2,402867597767.42
2021,5,Sulawesi Selatan,10009403475558.0,4469113381188.0,5423910799398.0,10167278357983.0,1459719789009.0
2021,5,Sulawesi Tengah,4695680785591.0,1494246273498.0,3149096842573.0,4339507807931.0,500901619442.0
2021,5,Sulawesi Tenggara,4529251153805.0,1373793724629.0,3119960554389.0,4495870207049.0,1246770023310.0
2021,5,Sulawesi Utara,3958016296497.0,1310528740581.0,2626382357008.0,4352913924432.0,1031253909110.0
2021,5,Sumatera Barat,6706053462904.0,2551899163309.0,4072492324339.0,6468906658345.0,666352120893.0
2021,5,Sumatera Selatan,9611291244667.0,3865463033085.0,5712683072712.0,10060730260978.0,1836834114021.0
2021,5,Sumatera Utara,14034036626479.0,6402714086506.6,7518180471987.0,13225393166670.0,1141203699701.9
2021,6,Aceh,13948388273436.0,2505887909031.1,11431169265498.0,13683582127432.0,2199333370928.9
2021,6,Bali,5923153297394.8,3117070012473.8,2801186284925.0,6270667217646.3,839010470016.8
2021,6,Bangka Belitung,2708948673049.0,895763128992.0,1750322876331.0,2465813370118.0,428654245651.0
2021,6,Banten,11623305653595.0,7010370228686.8,4607412424908.0,11660630540289.0,1297233609175.6
2021,6,Bengkulu,3051751862803.0,984420164400.0,2066215698403.0,2880225046730.0,324342084410.0
2021,6,DI Yogyakarta,5703100309342.2,1900923074881.5,3794050615221.0,5530173461667.2,654839728747.39
2021,6,DKI Jakarta,65567009199000.0,41606307405630.0,22673794344052.0,61619040160565.0,6865827016519.0
2021,6,Gorontalo,1972986602791.5,510804052686.52,1458904411530.0,1866246072482.9,176342548971.48
2021,6,Jambi,4725724403283.0,1843431186553.0,2879979691030.0,4388299688277.0,449690683606.0
2021,6,Jawa Barat,36991873224931.0,20333679966126.0,16577293915554.0,37470910437064.0,2045428563538.0
2021,6,Jawa Tengah,26633000085963.0,14695474898162.0,11871796336054.0,25843800193834.0,1447620411245.0
2021,6,Jawa Timur,34280709120324.0,18935885925146.0,15186749240653.0,33852938529602.0,1969920805388.0
2021,6,Kalimantan Barat,6431288413199.0,2507322119836.0,3878077918657.0,6303146996600.0,927107860128.0
2021,6,Kalimantan Selatan,6623086492762.3,3564914942945.3,2972176267366.0,6434676072254.6,956156711886.92
2021,6,Kalimantan Tengah,5199634633666.7,1851575071028.7,3309173775771.0,4584753691272.4,872467667935.12
2021,6,Kalimantan Timur,10220142967274.0,6111918272284.4,4094319639990.0,10723529422431.0,1514465189714.9
2021,6,Kalimantan Utara,2609501844014.0,677803723305.0,1890949863341.0,2372645890286.0,390900388868.0
2021,6,Kepulauan Riau,3809875862443.0,1375770280701.0,2406531963533.0,3703816067350.0,338332248969.0
2021,6,Lampung,7469469346029.0,3249669847265.0,4201782231009.0,7097651401591.1,849692114832.21
2021,6,Maluku,3045825245458.0,545752866622.0,2498865066285.0,3008048650665.0,591452177031.0
2021,6,Maluku Utara,2876947984752.0,552347164463.0,2324406934903.0,2992461495869.0,821980932716.0
2021,6,NTB,5326932790704.0,1888456286096.0,3414313104250.0,5545143797895.0,771280939990.0
2021,6,NTT,5312446872608.5,1238032648888.5,4000655446445.0,5508767906132.7,903257622800.0
2021,6,Papua,13885923486851.0,2139689476134.0,11735255394924.0,14859606462836.0,1116373579616.0
2021,6,Papua Barat,7327020310449.0,483953895413.0,6841402535036.0,8040529963116.0,2435058124558.0
2021,6,Riau,9383001507905.0,4050468561143.0,5324745236758.0,8931704166450.0,1018455078253.0
2021,6,Sulawesi Barat,2024671075786.4,407996514740.59,1609482634440.0,1986339100172.2,402867597767.42
2021,6,Sulawesi Selatan,10009403475558.0,4469113381188.0,5423910799398.0,10167278357983.0,1459719789009.0
2021,6,Sulawesi Tengah,4695680785591.0,1494246273498.0,3149096842573.0,4339507807931.0,500901619442.0
2021,6,Sulawesi Tenggara,4529251153805.0,1373793724629.0,3119960554389.0,4495870207049.0,1246770023310.0
2021,6,Sulawesi Utara,3958016296497.0,1310528740581.0,2626382357008.0,4352913924432.0,1031253909110.0
2021,6,Sumatera Barat,6706053462904.0,2551899163309.0,4072492324339.0,6468906658345.0,666352120893.0
2021,6,Sumatera Selatan,9611291244667.0,3865463033085.0,5712683072712.0,10060730260978.0,1836834114021.0
2021,6,Sumatera Utara,14034036626479.0,6402714086506.6,7518180471987.0,13225393166670.0,1141203699701.9
2021,7,Aceh,13948388273436.0,2505887909031.1,11431169265498.0,13683582127432.0,2199333370928.9
2021,7,Bali,5923153297394.8,3117070012473.8,2801186284925.0,6270667217646.3,839010470016.8
2021,7,Bangka Belitung,2708948673049.0,895763128992.0,1750322876331.0,2465813370118.0,428654245651.0
2021,7,Banten,11623305653595.0,7010370228686.8,4607412424908.0,11660630540289.0,1297233609175.6
2021,7,Bengkulu,3051751862803.0,984420164400.0,2066215698403.0,2880225046730.0,324342084410.0
2021,7,DI Yogyakarta,5703100309342.2,1900923074881.5,3794050615221.0,5530173461667.2,654839728747.39
2021,7,DKI Jakarta,65567009199000.0,41606307405630.0,22673794344052.0,61619040160565.0,6865827016519.0
2021,7,Gorontalo,1972986602791.5,510804052686.52,1458904411530.0,1866246072482.9,176342548971.48
2021,7,Jambi,4725724403283.0,1843431186553.0,2879979691030.0,4388299688277.0,449690683606.0
2021,7,Jawa Barat,36991873224931.0,20333679966126.0,16577293915554.0,37470910437064.0,2045428563538.0
2021,7,Jawa Tengah,26633000085963.0,14695474898162.0,11871796336054.0,25843800193834.0,1447620411245.0
2021,7,Jawa Timur,34280709120324.0,18935885925146.0,15186749240653.0,33852938529602.0,1969920805388.0
2021,7,Kalimantan Barat,6431288413199.0,2507322119836.0,3878077918657.0,6303146996600.0,927107860128.0
2021,7,Kalimantan Selatan,6623086492762.3,3564914942945.3,2972176267366.0,6434676072254.6,956156711886.92
2021,7,Kalimantan Tengah,5199634633666.7,1851575071028.7,3309173775771.0,4584753691272.4,872467667935.12
2021,7,Kalimantan Timur,10220142967274.0,6111918272284.4,4094319639990.0,10723529422431.0,1514465189714.9
2021,7,Kalimantan Utara,2609501844014.0,677803723305.0,1890949863341.0,2372645890286.0,390900388868.0
2021,7,Kepulauan Riau,3809875862443.0,1375770280701.0,2406531963533.0,3703816067350.0,338332248969.0
2021,7,Lampung,7469469346029.0,3249669847265.0,4201782231009.0,7097651401591.1,849692114832.21
2021,7,Maluku,3045825245458.0,545752866622.0,2498865066285.0,3008048650665.0,591452177031.0
2021,7,Maluku Utara,2876947984752.0,552347164463.0,2324406934903.0,2992461495869.0,821980932716.0
2021,7,NTB,5326932790704.0,1888456286096.0,3414313104250.0,5545143797895.0,771280939990.0
2021,7,NTT,5312446872608.5,1238032648888.5,4000655446445.0,5508767906132.7,903257622800.0
2021,7,Papua,13885923486851.0,2139689476134.0,11735255394924.0,14859606462836.0,1116373579616.0
2021,7,Papua Barat,7327020310449.0,483953895413.0,6841402535036.0,8040529963116.0,2435058124558.0
2021,7,Riau,9383001507905.0,4050468561143.0,5324745236758.0,8931704166450.0,1018455078253.0
2021,7,Sulawesi Barat,2024671075786.4,407996514740.59,1609482634440.0,1986339100172.2,402867597767.42
2021,7,Sulawesi Selatan,10009403475558.0,4469113381188.0,5423910799398.0,10167278357983.0,1459719789009.0
2021,7,Sulawesi Tengah,4695680785591.0,1494246273498.0,3149096842573.0,4339507807931.0,500901619442.0
2021,7,Sulawesi Tenggara,4529251153805.0,1373793724629.0,3119960554389.0,4495870207049.0,1246770023310.0
2021,7,Sulawesi Utara,3958016296497.0,1310528740581.0,2626382357008.0,4352913924432.0,1031253909110.0
2021,7,Sumatera Barat,6706053462904.0,2551899163309.0,4072492324339.0,6468906658345.0,666352120893.0
2021,7,Sumatera Selatan,9611291244667.0,3865463033085.0,5712683072712.0,10060730260978.0,1836834114021.0
2021,7,Sumatera Utara,14034036626479.0,6402714086506.6,7518180471987.0,13225393166670.0,1141203699701.9
2021,8,Aceh,13948388273436.0,2505887909031.1,11431169265498.0,13683582127432.0,2199333370928.9
2021,8,Bali,5923153297394.8,3117070012473.8,2801186284925.0,6270667217646.3,839010470016.8
2021,8,Bangka Belitung,2708948673049.0,895763128992.0,1750322876331.0,2465813370118.0,428654245651.0
2021,8,Banten,11623305653595.0,7010370228686.8,4607412424908.0,11660630540289.0,1297233609175.6
2021,8,Bengkulu,3051751862803.0,984420164400.0,2066215698403.0,2880225046730.0,324342084410.0
2021,8,DI Yogyakarta,5703100309342.2,1900923074881.5,3794050615221.0,5530173461667.2,654839728747.39
2021,8,DKI Jakarta,65567009199000.0,41606307405630.0,22673794344052.0,61619040160565.0,6865827016519.0
2021,8,Gorontalo,1972986602791.5,510804052686.52,1458904411530.0,1866246072482.9,176342548971.48
2021,8,Jambi,4725724403283.0,1843431186553.0,2879979691030.0,4388299688277.0,449690683606.0
2021,8,Jawa Barat,36991873224931.0,20333679966126.0,16577293915554.0,37470910437064.0,2045428563538.0
2021,8,Jawa Tengah,26633000085963.0,14695474898162.0,11871796336054.0,25843800193834.0,1447620411245.0
2021,8,Jawa Timur,34280709120324.0,18935885925146.0,15186749240653.0,33852938529602.0,1969920805388.0
2021,8,Kalimantan Barat,6431288413199.0,2507322119836.0,3878077918657.0,6303146996600.0,927107860128.0
2021,8,Kalimantan Selatan,6623086492762.3,3564914942945.3,2972176267366.0,6434676072254.6,956156711886.92
2021,8,Kalimantan Tengah,5199634633666.7,1851575071028.7,3309173775771.0,4584753691272.4,872467667935.12
2021,8,Kalimantan Timur,10220142967274.0,6111918272284.4,4094319639990.0,10723529422431.0,1514465189714.9
2021,8,Kalimantan Utara,2609501844014.0,677803723305.0,1890949863341.0,2372645890286.0,390900388868.0
2021,8,Kepulauan Riau,3809875862443.0,1375770280701.0,2406531963533.0,3703816067350.0,338332248969.0
2021,8,Lampung,7469469346029.0,3249669847265.0,4201782231009.0,7097651401591.1,849692114832.21
2021,8,Maluku,3045825245458.0,545752866622.0,2498865066285.0,3008048650665.0,591452177031.0
2021,8,Maluku Utara,2876947984752.0,552347164463.0,2324406934903.0,2992461495869.0,821980932716.0
2021,8,NTB,5326932790704.0,1888456286096.0,3414313104250.0,5545143797895.0,771280939990.0
2021,8,NTT,5312446872608.5,1238032648888.5,4000655446445.0,5508767906132.7,903257622800.0
2021,8,Papua,13885923486851.0,2139689476134.0,11735255394924.0,14859606462836.0,1116373579616.0
2021,8,Papua Barat,7327020310449.0,483953895413.0,6841402535036.0,8040529963116.0,2435058124558.0
2021,8,Riau,9383001507905.0,4050468561143.0,5324745236758.0,8931704166450.0,1018455078253.0
2021,8,Sulawesi Barat,2024671075786.4,407996514740.59,1609482634440.0,1986339100172.2,402867597767.42
2021,8,Sulawesi Selatan,10009403475558.0,4469113381188.0,5423910799398.0,10167278357983.0,1459719789009.0
2021,8,Sulawesi Tengah,4695680785591.0,1494246273498.0,3149096842573.0,4339507807931.0,500901619442.0
2021,8,Sulawesi Tenggara,4529251153805.0,1373793724629.0,3119960554389.0,4495870207049.0,1246770023310.0
2021,8,Sulawesi Utara,3958016296497.0,1310528740581.0,2626382357008.0,4352913924432.0,1031253909110.0
2021,8,Sumatera Barat,6706053462904.0,2551899163309.0,4072492324339.0,6468906658345.0,666352120893.0
2021,8,Sumatera Selatan,9611291244667.0,3865463033085.0,5712683072712.0,10060730260978.0,1836834114021.0
2021,8,Sumatera Utara,14034036626479.0,6402714086506.6,7518180471987.0,13225393166670.0,1141203699701.9
2021,9,Aceh,13948388273436.0,2505887909031.1,11431169265498.0,13683582127432.0,2199333370928.9
2021,9,Bali,5923153297394.8,3117070012473.8,2801186284925.0,6270667217646.3,839010470016.8
2021,9,Bangka Belitung,2708948673049.0,895763128992.0,1750322876331.0,2465813370118.0,428654245651.0
2021,9,Banten,11623305653595.0,7010370228686.8,4607412424908.0,11660630540289.0,1297233609175.6
2021,9,Bengkulu,3051751862803.0,984420164400.0,2066215698403.0,2880225046730.0,324342084410.0
2021,9,DI Yogyakarta,5703100309342.2,1900923074881.5,3794050615221.0,5530173461667.2,654839728747.39
2021,9,DKI Jakarta,65567009199000.0,41606307405630.0,22673794344052.0,61619040160565.0,6865827016519.0
2021,9,Gorontalo,1972986602791.5,510804052686.52,1458904411530.0,1866246072482.9,176342548971.48
2021,9,Jambi,4725724403283.0,1843431186553.0,2879979691030.0,4388299688277.0,449690683606.0
2021,9,Jawa Barat,36991873224931.0,20333679966126.0,16577293915554.0,37470910437064.0,2045428563538.0
2021,9,Jawa Tengah,26633000085963.0,14695474898162.0,11871796336054.0,25843800193834.0,1447620411245.0
2021,9,Jawa Timur,34280709120324.0,18935885925146.0,15186749240653.0,33852938529602.0,1969920805388.0
2021,9,Kalimantan Barat,6431288413199.0,2507322119836.0,3878077918657.0,6303146996600.0,927107860128.0
2021,9,Kalimantan Selatan,6623086492762.3,3564914942945.3,2972176267366.0,6434676072254.6,956156711886.92
2021,9,Kalimantan Tengah,5199634633666.7,1851575071028.7,3309173775771.0,4584753691272.4,872467667935.12
2021,9,Kalimantan Timur,10220142967274.0,6111918272284.4,4094319639990.0,10723529422431.0,1514465189714.9
2021,9,Kalimantan Utara,2609501844014.0,677803723305.0,1890949863341.0,2372645890286.0,390900388868.0
2021,9,Kepulauan Riau,3809875862443.0,1375770280701.0,2406531963533.0,3703816067350.0,338332248969.0
2021,9,Lampung,7469469346029.0,3249669847265.0,4201782231009.0,7097651401591.1,849692114832.21
2021,9,Maluku,3045825245458.0,545752866622.0,2498865066285.0,3008048650665.0,591452177031.0
2021,9,Maluku Utara,2876947984752.0,552347164463.0,2324406934903.0,2992461495869.0,821980932716.0
2021,9,NTB,5326932790704.0,1888456286096.0,3414313104250.0,5545143797895.0,771280939990.0
2021,9,NTT,5312446872608.5,1238032648888.5,4000655446445.0,5508767906132.7,903257622800.0
2021,9,Papua,13885923486851.0,2139689476134.0,11735255394924.0,14859606462836.0,1116373579616.0
2021,9,Papua Barat,7327020310449.0,483953895413.0,6841402535036.0,8040529963116.0,2435058124558.0
2021,9,Riau,9383001507905.0,4050468561143.0,5324745236758.0,8931704166450.0,1018455078253.0
2021,9,Sulawesi Barat,2024671075786.4,407996514740.59,1609482634440.0,1986339100172.2,402867597767.42
2021,9,Sulawesi Selatan,10009403475558.0,4469113381188.0,5423910799398.0,10167278357983.0,1459719789009.0
2021,9,Sulawesi Tengah,4695680785591.0,1494246273498.0,3149096842573.0,4339507807931.0,500901619442.0
2021,9,Sulawesi Tenggara,4529251153805.0,1373793724629.0,3119960554389.0,4495870207049.0,1246770023310.0
2021,9,Sulawesi Utara,3958016296497.0,1310528740581.0,2626382357008.0,4352913924432.0,1031253909110.0
2021,9,Sumatera Barat,6706053462904.0,2551899163309.0,4072492324339.0,6468906658345.0,666352120893.0
2021,9,Sumatera Selatan,9611291244667.0,3865463033085.0,5712683072712.0,10060730260978.0,1836834114021.0
2021,9,Sumatera Utara,14034036626479.0,6402714086506.6,7518180471987.0,13225393166670.0,1141203699701.9
2021,10,Aceh,13948388273436.0,2505887909031.1,11431169265498.0,13683582127432.0,2199333370928.9
2021,10,Bali,5923153297394.8,3117070012473.8,2801186284925.0,6270667217646.3,839010470016.8
2021,10,Bangka Belitung,2708948673049.0,895763128992.0,1750322876331.0,2465813370118.0,428654245651.0
2021,10,Banten,11623305653595.0,7010370228686.8,4607412424908.0,11660630540289.0,1297233609175.6
2021,10,Bengkulu,3051751862803.0,984420164400.0,2066215698403.0,2880225046730.0,324342084410.0
2021,10,DI Yogyakarta,5703100309342.2,1900923074881.5,3794050615221.0,5530173461667.2,654839728747.39
2021,10,DKI Jakarta,65567009199000.0,41606307405630.0,22673794344052.0,61619040160565.0,6865827016519.0
2021,10,Gorontalo,1972986602791.5,510804052686.52,1458904411530.0,1866246072482.9,176342548971.48
2021,10,Jambi,4725724403283.0,1843431186553.0,2879979691030.0,4388299688277.0,449690683606.0
2021,10,Jawa Barat,36991873224931.0,20333679966126.0,16577293915554.0,37470910437064.0,2045428563538.0
2021,10,Jawa Tengah,26633000085963.0,14695474898162.0,11871796336054.0,25843800193834.0,1447620411245.0
2021,10,Jawa Timur,34280709120324.0,18935885925146.0,15186749240653.0,33852938529602.0,1969920805388.0
2021,10,Kalimantan Barat,6431288413199.0,2507322119836.0,3878077918657.0,6303146996600.0,927107860128.0
2021,10,Kalimantan Selatan,6623086492762.3,3564914942945.3,2972176267366.0,6434676072254.6,956156711886.92
2021,10,Kalimantan Tengah,5199634633666.7,1851575071028.7,3309173775771.0,4584753691272.4,872467667935.12
2021,10,Kalimantan Timur,10220142967274.0,6111918272284.4,4094319639990.0,10723529422431.0,1514465189714.9
2021,10,Kalimantan Utara,2609501844014.0,677803723305.0,1890949863341.0,2372645890286.0,390900388868.0
2021,10,Kepulauan Riau,3809875862443.0,1375770280701.0,2406531963533.0,3703816067350.0,338332248969.0
2021,10,Lampung,7469469346029.0,3249669847265.0,4201782231009.0,7097651401591.1,849692114832.21
2021,10,Maluku,3045825245458.0,545752866622.0,2498865066285.0,3008048650665.0,591452177031.0
2021,10,Maluku Utara,2876947984752.0,552347164463.0,2324406934903.0,2992461495869.0,821980932716.0
2021,10,NTB,5326932790704.0,1888456286096.0,3414313104250.0,5545143797895.0,771280939990.0
2021,10,NTT,5312446872608.5,1238032648888.5,4000655446445.0,5508767906132.7,903257622800.0
2021,10,Papua,13885923486851.0,2139689476134.0,11735255394924.0,14859606462836.0,1116373579616.0
2021,10,Papua Barat,7327020310449.0,483953895413.0,6841402535036.0,8040529963116.0,2435058124558.0
2021,10,Riau,9383001507905.0,4050468561143.0,5324745236758.0,8931704166450.0,1018455078253.0
2021,10,Sulawesi Barat,2024671075786.4,407996514740.59,1609482634440.0,1986339100172.2,402867597767.42
2021,10,Sulawesi Selatan,10009403475558.0,4469113381188.0,5423910799398.0,10167278357983.0,1459719789009.0
2021,10,Sulawesi Tengah,4695680785591.0,1494246273498.0,3149096842573.0,4339507807931.0,500901619442.0
2021,10,Sulawesi Tenggara,4529251153805.0,1373793724629.0,3119960554389.0,4495870207049.0,1246770023310.0
2021,10,Sulawesi Utara,3958016296497.0,1310528740581.0,2626382357008.0,4352913924432.0,1031253909110.0
2021,10,Sumatera Barat,6706053462904.0,2551899163309.0,4072492324339.0,6468906658345.0,666352120893.0
2021,10,Sumatera Selatan,9611291244667.0,3865463033085.0,5712683072712.0,10060730260978.0,1836834114021.0
2021,10,Sumatera Utara,14034036626479.0,6402714086506.6,7518180471987.0,13225393166670.0,1141203699701.9
2021,11,Aceh,13948388273436.0,2505887909031.1,11431169265498.0,13683582127432.0,2199333370928.9
2021,11,Bali,5923153297394.8,3117070012473.8,2801186284925.0,6270667217646.3,839010470016.8
2021,11,Bangka Belitung,2708948673049.0,895763128992.0,1750322876331.0,2465813370118.0,428654245651.0
2021,11,Banten,11623305653595.0,7010370228686.8,4607412424908.0,11660630540289.0,1297233609175.6
2021,11,Bengkulu,3051751862803.0,984420164400.0,2066215698403.0,2880225046730.0,324342084410.0
2021,11,DI Yogyakarta,5703100309342.2,1900923074881.5,3794050615221.0,5530173461667.2,654839728747.39
2021,11,DKI Jakarta,65567009199000.0,41606307405630.0,22673794344052.0,61619040160565.0,6865827016519.0
2021,11,Gorontalo,1972986602791.5,510804052686.52,1458904411530.0,1866246072482.9,176342548971.48
2021,11,Jambi,4725724403283.0,1843431186553.0,2879979691030.0,4388299688277.0,449690683606.0
2021,11,Jawa Barat,36991873224931.0,20333679966126.0,16577293915554.0,37470910437064.0,2045428563538.0
2021,11,Jawa Tengah,26633000085963.0,14695474898162.0,11871796336054.0,25843800193834.0,1447620411245.0
2021,11,Jawa Timur,34280709120324.0,18935885925146.0,15186749240653.0,33852938529602.0,1969920805388.0
2021,11,Kalimantan Barat,6431288413199.0,2507322119836.0,3878077918657.0,6303146996600.0,927107860128.0
2021,11,Kalimantan Selatan,6623086492762.3,3564914942945.3,2972176267366.0,6434676072254.6,956156711886.92
2021,11,Kalimantan Tengah,5199634633666.7,1851575071028.7,3309173775771.0,4584753691272.4,872467667935.12
2021,11,Kalimantan Timur,10220142967274.0,6111918272284.4,4094319639990.0,10723529422431.0,1514465189714.9
2021,11,Kalimantan Utara,2609501844014.0,677803723305.0,1890949863341.0,2372645890286.0,390900388868.0
2021,11,Kepulauan Riau,3809875862443.0,1375770280701.0,2406531963533.0,3703816067350.0,338332248969.0
2021,11,Lampung,7469469346029.0,3249669847265.0,4201782231009.0,7097651401591.1,849692114832.21
2021,11,Maluku,3045825245458.0,545752866622.0,2498865066285.0,3008048650665.0,591452177031.0
2021,11,Maluku Utara,2876947984752.0,552347164463.0,2324406934903.0,2992461495869.0,821980932716.0
2021,11,NTB,5326932790704.0,1888456286096.0,3414313104250.0,5545143797895.0,771280939990.0
2021,11,NTT,5312446872608.5,1238032648888.5,4000655446445.0,5508767906132.7,903257622800.0
2021,11,Papua,13885923486851.0,2139689476134.0,11735255394924.0,14859606462836.0,1116373579616.0
2021,11,Papua Barat,7327020310449.0,483953895413.0,6841402535036.0,8040529963116.0,2435058124558.0
2021,11,Riau,9383001507905.0,4050468561143.0,5324745236758.0,8931704166450.0,1018455078253.0
2021,11,Sulawesi Barat,2024671075786.4,407996514740.59,1609482634440.0,1986339100172.2,402867597767.42
2021,11,Sulawesi Selatan,10009403475558.0,4469113381188.0,5423910799398.0,10167278357983.0,1459719789009.0
2021,11,Sulawesi Tengah,4695680785591.0,1494246273498.0,3149096842573.0,4339507807931.0,500901619442.0
2021,11,Sulawesi Tenggara,4529251153805.0,1373793724629.0,3119960554389.0,4495870207049.0,1246770023310.0
2021,11,Sulawesi Utara,3958016296497.0,1310528740581.0,2626382357008.0,4352913924432.0,1031253909110.0
2021,11,Sumatera Barat,6706053462904.0,2551899163309.0,4072492324339.0,6468906658345.0,666352120893.0
2021,11,Sumatera Selatan,9611291244667.0,3865463033085.0,5712683072712.0,10060730260978.0,1836834114021.0
2021,11,Sumatera Utara,14034036626479.0,6402714086506.6,7518180471987.0,13225393166670.0,1141203699701.9
2021,12,Aceh,13948388273436.0,2505887909031.1,11431169265498.0,13683582127432.0,2199333370928.9
2021,12,Bali,5923153297394.8,3117070012473.8,2801186284925.0,6270667217646.3,839010470016.8
2021,12,Bangka Belitung,2708948673049.0,895763128992.0,1750322876331.0,2465813370118.0,428654245651.0
2021,12,Banten,11623305653595.0,7010370228686.8,4607412424908.0,11660630540289.0,1297233609175.6
2021,12,Bengkulu,3051751862803.0,984420164400.0,2066215698403.0,2880225046730.0,324342084410.0
2021,12,DI Yogyakarta,5703100309342.2,1900923074881.5,3794050615221.0,5530173461667.2,654839728747.39
2021,12,DKI Jakarta,65567009199000.0,41606307405630.0,22673794344052.0,61619040160565.0,6865827016519.0
2021,12,Gorontalo,1972986602791.5,510804052686.52,1458904411530.0,1866246072482.9,176342548971.48
2021,12,Jambi,4725724403283.0,1843431186553.0,2879979691030.0,4388299688277.0,449690683606.0
2021,12,Jawa Barat,36991873224931.0,20333679966126.0,16577293915554.0,37470910437064.0,2045428563538.0
2021,12,Jawa Tengah,26633000085963.0,14695474898162.0,11871796336054.0,25843800193834.0,1447620411245.0
2021,12,Jawa Timur,34280709120324.0,18935885925146.0,15186749240653.0,33852938529602.0,1969920805388.0
2021,12,Kalimantan Barat,6431288413199.0,2507322119836.0,3878077918657.0,6303146996600.0,927107860128.0
2021,12,Kalimantan Selatan,6623086492762.3,3564914942945.3,2972176267366.0,6434676072254.6,956156711886.92
2021,12,Kalimantan Tengah,5199634633666.7,1851575071028.7,3309173775771.0,4584753691272.4,872467667935.12
2021,12,Kalimantan Timur,10220142967274.0,6111918272284.4,4094319639990.0,10723529422431.0,1514465189714.9
2021,12,Kalimantan Utara,2609501844014.0,677803723305.0,1890949863341.0,2372645890286.0,390900388868.0
2021,12,Kepulauan Riau,3809875862443.0,1375770280701.0,2406531963533.0,3703816067350.0,338332248969.0
2021,12,Lampung,7469469346029.0,3249669847265.0,4201782231009.0,7097651401591.1,849692114832.21
2021,12,Maluku,3045825245458.0,545752866622.0,2498865066285.0,3008048650665.0,591452177031.0
2021,12,Maluku Utara,2876947984752.0,552347164463.0,2324406934903.0,2992461495869.0,821980932716.0
2021,12,NTB,5326932790704.0,1888456286096.0,3414313104250.0,5545143797895.0,771280939990.0
2021,12,NTT,5312446872608.5,1238032648888.5,4000655446445.0,5508767906132.7,903257622800.0
2021,12,Papua,13885923486851.0,2139689476134.0,11735255394924.0,14859606462836.0,1116373579616.0
2021,12,Papua Barat,7327020310449.0,483953895413.0,6841402535036.0,8040529963116.0,2435058124558.0
2021,12,Riau,9383001507905.0,4050468561143.0,5324745236758.0,8931704166450.0,1018455078253.0
2021,12,Sulawesi Barat,2024671075786.4,407996514740.59,1609482634440.0,1986339100172.2,402867597767.42
2021,12,Sulawesi Selatan,10009403475558.0,4469113381188.0,5423910799398.0,10167278357983.0,1459719789009.0
2021,12,Sulawesi Tengah,4695680785591.0,1494246273498.0,3149096842573.0,4339507807931.0,500901619442.0
2021,12,Sulawesi Tenggara,4529251153805.0,1373793724629.0,3119960554389.0,4495870207049.0,1246770023310.0
2021,12,Sulawesi Utara,3958016296497.0,1310528740581.0,2626382357008.0,4352913924432.0,1031253909110.0
2021,12,Sumatera Barat,6706053462904.0,2551899163309.0,4072492324339.0,6468906658345.0,666352120893.0
2021,12,Sumatera Selatan,9611291244667.0,3865463033085.0,5712683072712.0,10060730260978.0,1836834114021.0
2021,12,Sumatera Utara,14034036626479.0,6402714086506.6,7518180471987.0,13225393166670.0,1141203699701.9
2022,1,Aceh,13713584703596.0,2917145003052.0,10775168990686.0,15773078722046.0,2868705757385.0
2022,1,Bali,5885778601466.3,3863191406848.2,2017662417846.0,6749443182109.6,1452064568386.9
2022,1,Bangka Belitung,2881466811892.1,1090477839965.1,1790988971927.0,2416296710155.3,354008245838.87
2022,1,Banten,11205654716542.0,8203139526542.0,2996963150000.0,11278684481863.0,1660220698204.1
2022,1,Bengkulu,2953744560516.2,1088415649978.2,1864171870538.0,3016495454738.9,417023457013.72
2022,1,DI Yogyakarta,5531194851402.3,2263431316669.6,3256850196484.0,5449935625661.6,704882049066.74
2022,1,DKI Jakarta,67290479172308.0,45608404729501.0,18860858779549.0,64865121220296.0,8808194842704.0
2022,1,Gorontalo,1848593656987.8,510337164773.83,1334494317475.0,1947925731695.2,318331031107.98
2022,1,Jambi,4705588357947.4,2163585918787.4,2527282623260.0,4755416354857.9,906797776480.8
2022,1,Jawa Barat,33232271411803.0,23249622253957.0,9860664924368.0,32644213921729.0,2381568888911.0
2022,1,Jawa Tengah,24167935634127.0,16264618853852.0,7810882578787.0,23950240497405.0,1713641630081.0
2022,1,Jawa Timur,31904776417444.0,21256651207716.0,10563739586218.0,31502993060591.0,2505994499065.6
2022,1,Kalimantan Barat,6103471493098.2,3217812121331.2,2826541835787.0,5726863899071.0,1003966698357.8
2022,1,Kalimantan Selatan,8155596924194.3,4558042727438.3,3526413444092.0,7341779488457.9,1070308780572.5
2022,1,Kalimantan Tengah,5466828340418.1,2523597744203.6,2924625230475.0,5147570980714.3,1091793384959.0
2022,1,Kalimantan Timur,16804693779013.0,8997262540257.7,7790284158755.0,12393745833368.0,1980010052267.6
2022,1,Kalimantan Utara,2731491817451.5,815664188996.5,1908970208199.0,2553577991131.0,496619274367.07
2022,1,Kepulauan Riau,3918136426614.0,1675729889079.9,2241141497534.0,3842586411976.2,552161762368.05
2022,1,Lampung,6836946972193.7,3678302294580.7,3100575550394.0,6786374070612.9,1025325883958.3
2022,1,Maluku,2915515472447.9,637948959230.93,2273932596444.0,3053175364420.4,561815853461.0
2022,1,Maluku Utara,3088705718662.5,779231797125.54,2309310841537.0,3200974790169.7,850388781669.33
2022,1,NTB,5302613771985.8,2292065852874.8,2976614420050.0,5873545697437.6,1313667766855.0
2022,1,NTT,4426473562255.2,1363737981851.2,3053836755861.0,4816652654356.8,1216802446597.3
2022,1,Papua,11040109011239.0,2226754654927.4,8808887290115.0,11454657535166.0,2029533805428.7
2022,1,Papua Barat,7764412862005.8,620304274755.79,7138640580141.0,7536640015209.4,2198753599029.1
2022,1,Riau,8818669764115.2,4696769079910.2,4113106484205.0,9102467422821.4,1508534414100.6
2022,1,Sulawesi Barat,1894618795334.4,457411610500.39,1434593300534.0,2089718217226.3,547546846841.0
2022,1,Sulawesi Selatan,8992799689251.2,4865959663141.1,4096755656038.0,8958791076580.4,1100866806729.3
2022,1,Sulawesi Tengah,4895740491702.5,1559706290296.4,3319202639678.0,4825333666427.4,617282123075.52
2022,1,Sulawesi Tenggara,4497953162940.1,1419667152161.1,2979353296423.0,4862530576022.0,1599982654743.0
2022,1,Sulawesi Utara,3726578804936.2,1464716968806.2,2198585567740.0,3858758102783.8,818966382272.71
2022,1,Sumatera Barat,6130023203347.6,2851966014892.6,3164494555418.0,6304434742047.8,941069948131.89
2022,1,Sumatera Selatan,10036955961133.0,4930954855677.7,5090093999526.0,9663575726750.7,1536370414095.3
2022,1,Sumatera Utara,12594412688862.0,7258018251932.5,5250014270033.0,12509062821349.0,1776116503367.0
2022,2,Aceh,13713584703596.0,2917145003052.0,10775168990686.0,15773078722046.0,2868705757385.0
2022,2,Bali,5885778601466.3,3863191406848.2,2017662417846.0,6749443182109.6,1452064568386.9
2022,2,Bangka Belitung,2881466811892.1,1090477839965.1,1790988971927.0,2416296710155.3,354008245838.87
2022,2,Banten,11205654716542.0,8203139526542.0,2996963150000.0,11278684481863.0,1660220698204.1
2022,2,Bengkulu,2953744560516.2,1088415649978.2,1864171870538.0,3016495454738.9,417023457013.72
2022,2,DKI Jakarta,67290479172308.0,45608404729501.0,18860858779549.0,64865121220296.0,8808194842704.0
2022,2,Gorontalo,1848593656987.8,510337164773.83,1334494317475.0,1947925731695.2,318331031107.98
2022,2,Jambi,4705588357947.4,2163585918787.4,2527282623260.0,4755416354857.9,906797776480.8
2022,2,Jawa Barat,33232271411803.0,23249622253957.0,9860664924368.0,32644213921729.0,2381568888911.0
2022,2,Jawa Tengah,24167935634127.0,16264618853852.0,7810882578787.0,23950240497405.0,1713641630081.0
2022,2,Kalimantan Selatan,8155596924194.3,4558042727438.3,3526413444092.0,7341779488457.9,1070308780572.5
2022,2,Kalimantan Tengah,5466828340418.1,2523597744203.6,2924625230475.0,5147570980714.3,1091793384959.0
2022,2,Kalimantan Utara,2731491817451.5,815664188996.5,1908970208199.0,2553577991131.0,496619274367.07
2022,2,Kepulauan Riau,3918136426614.0,1675729889079.9,2241141497534.0,3842586411976.2,552161762368.05
2022,2,Lampung,6836946972193.7,3678302294580.7,3100575550394.0,6786374070612.9,1025325883958.3
2022,2,Maluku,2915515472447.9,637948959230.93,2273932596444.0,3053175364420.4,561815853461.0
2022,2,Maluku Utara,3088705718662.5,779231797125.54,2309310841537.0,3200974790169.7,850388781669.33
2022,2,NTB,5302613771985.8,2292065852874.8,2976614420050.0,5873545697437.6,1313667766855.0
2022,2,NTT,4426473562255.2,1363737981851.2,3053836755861.0,4816652654356.8,1216802446597.3
2022,2,Papua,11040109011239.0,2226754654927.4,8808887290115.0,11454657535166.0,2029533805428.7
2022,2,Papua Barat,7764412862005.8,620304274755.79,7138640580141.0,7536640015209.4,2198753599029.1
2022,2,Riau,8818669764115.2,4696769079910.2,4113106484205.0,9102467422821.4,1508534414100.6
2022,2,Sulawesi Barat,1894618795334.4,457411610500.39,1434593300534.0,2089718217226.3,547546846841.0
2022,2,Sulawesi Selatan,8992799689251.2,4865959663141.1,4096755656038.0,8958791076580.4,1100866806729.3
2022,2,Sulawesi Tengah,4895740491702.5,1559706290296.4,3319202639678.0,4825333666427.4,617282123075.52
2022,2,Sulawesi Tenggara,4497953162940.1,1419667152161.1,2979353296423.0,4862530576022.0,1599982654743.0
2022,2,Sulawesi Utara,3726578804936.2,1464716968806.2,2198585567740.0,3858758102783.8,818966382272.71
2022,2,Sumatera Barat,6130023203347.6,2851966014892.6,3164494555418.0,6304434742047.8,941069948131.89
2022,2,Sumatera Selatan,10036955961133.0,4930954855677.7,5090093999526.0,9663575726750.7,1536370414095.3
2022,2,Sumatera Utara,12594412688862.0,7258018251932.5,5250014270033.0,12509062821349.0,1776116503367.0
2022,3,Aceh,13713584703596.0,2917145003052.0,10775168990686.0,15773078722046.0,2868705757385.0
2022,3,Bali,5885778601466.3,3863191406848.2,2017662417846.0,6749443182109.6,1452064568386.9
2022,3,Bangka Belitung,2881466811892.1,1090477839965.1,1790988971927.0,2416296710155.3,354008245838.87
2022,3,Banten,11205654716542.0,8203139526542.0,2996963150000.0,11278684481863.0,1660220698204.1
2022,3,Bengkulu,2953744560516.2,1088415649978.2,1864171870538.0,3016495454738.9,417023457013.72
2022,3,DI Yogyakarta,5531194851402.3,2263431316669.6,3256850196484.0,5449935625661.6,704882049066.74
2022,3,DKI Jakarta,67290479172308.0,45608404729501.0,18860858779549.0,64865121220296.0,8808194842704.0
2022,3,Gorontalo,1848593656987.8,510337164773.83,1334494317475.0,1947925731695.2,318331031107.98
2022,3,Jambi,4705588357947.4,2163585918787.4,2527282623260.0,4755416354857.9,906797776480.8
2022,3,Jawa Barat,33232271411803.0,23249622253957.0,9860664924368.0,32644213921729.0,2381568888911.0
2022,3,Jawa Tengah,24167935634127.0,16264618853852.0,7810882578787.0,23950240497405.0,1713641630081.0
2022,3,Jawa Timur,31904776417444.0,21256651207716.0,10563739586218.0,31502993060591.0,2505994499065.6
2022,3,Kalimantan Barat,6103471493098.2,3217812121331.2,2826541835787.0,5726863899071.0,1003966698357.8
2022,3,Kalimantan Selatan,8155596924194.3,4558042727438.3,3526413444092.0,7341779488457.9,1070308780572.5
2022,3,Kalimantan Tengah,5466828340418.1,2523597744203.6,2924625230475.0,5147570980714.3,1091793384959.0
2022,3,Kalimantan Timur,16804693779013.0,8997262540257.7,7790284158755.0,12393745833368.0,1980010052267.6
2022,3,Kalimantan Utara,2731491817451.5,815664188996.5,1908970208199.0,2553577991131.0,496619274367.07
2022,3,Kepulauan Riau,3918136426614.0,1675729889079.9,2241141497534.0,3842586411976.2,552161762368.05
2022,3,Lampung,6836946972193.7,3678302294580.7,3100575550394.0,6786374070612.9,1025325883958.3
2022,3,Maluku,2915515472447.9,637948959230.93,2273932596444.0,3053175364420.4,561815853461.0
2022,3,Maluku Utara,3088705718662.5,779231797125.54,2309310841537.0,3200974790169.7,850388781669.33
2022,3,NTB,5302613771985.8,2292065852874.8,2976614420050.0,5873545697437.6,1313667766855.0
2022,3,NTT,4426473562255.2,1363737981851.2,3053836755861.0,4816652654356.8,1216802446597.3
2022,3,Papua,11040109011239.0,2226754654927.4,8808887290115.0,11454657535166.0,2029533805428.7
2022,3,Papua Barat,7764412862005.8,620304274755.79,7138640580141.0,7536640015209.4,2198753599029.1
2022,3,Riau,8818669764115.2,4696769079910.2,4113106484205.0,9102467422821.4,1508534414100.6
2022,3,Sulawesi Barat,1894618795334.4,457411610500.39,1434593300534.0,2089718217226.3,547546846841.0
2022,3,Sulawesi Selatan,8992799689251.2,4865959663141.1,4096755656038.0,8958791076580.4,1100866806729.3
2022,3,Sulawesi Tengah,4895740491702.5,1559706290296.4,3319202639678.0,4825333666427.4,617282123075.52
2022,3,Sulawesi Tenggara,4497953162940.1,1419667152161.1,2979353296423.0,4862530576022.0,1599982654743.0
2022,3,Sulawesi Utara,3726578804936.2,1464716968806.2,2198585567740.0,3858758102783.8,818966382272.71
2022,3,Sumatera Barat,6130023203347.6,2851966014892.6,3164494555418.0,6304434742047.8,941069948131.89
2022,3,Sumatera Selatan,10036955961133.0,4930954855677.7,5090093999526.0,9663575726750.7,1536370414095.3
2022,3,Sumatera Utara,12594412688862.0,7258018251932.5,5250014270033.0,12509062821349.0,1776116503367.0
2022,4,Aceh,13713584703596.0,2917145003052.0,10775168990686.0,15773078722046.0,2868705757385.0
2022,4,Bali,5885778601466.3,3863191406848.2,2017662417846.0,6749443182109.6,1452064568386.9
2022,4,Bangka Belitung,2881466811892.1,1090477839965.1,1790988971927.0,2416296710155.3,354008245838.87
2022,4,Banten,11205654716542.0,8203139526542.0,2996963150000.0,11278684481863.0,1660220698204.1
2022,4,Bengkulu,2953744560516.2,1088415649978.2,1864171870538.0,3016495454738.9,417023457013.72
2022,4,DI Yogyakarta,5531194851402.3,2263431316669.6,3256850196484.0,5449935625661.6,704882049066.74
2022,4,DKI Jakarta,67290479172308.0,45608404729501.0,18860858779549.0,64865121220296.0,8808194842704.0
2022,4,Gorontalo,1848593656987.8,510337164773.83,1334494317475.0,1947925731695.2,318331031107.98
2022,4,Jambi,4705588357947.4,2163585918787.4,2527282623260.0,4755416354857.9,906797776480.8
2022,4,Jawa Barat,33232271411803.0,23249622253957.0,9860664924368.0,32644213921729.0,2381568888911.0
2022,4,Jawa Tengah,24167935634127.0,16264618853852.0,7810882578787.0,23950240497405.0,1713641630081.0
2022,4,Jawa Timur,31904776417444.0,21256651207716.0,10563739586218.0,31502993060591.0,2505994499065.6
2022,4,Kalimantan Barat,6103471493098.2,3217812121331.2,2826541835787.0,5726863899071.0,1003966698357.8
2022,4,Kalimantan Selatan,8155596924194.3,4558042727438.3,3526413444092.0,7341779488457.9,1070308780572.5
2022,4,Kalimantan Tengah,5466828340418.1,2523597744203.6,2924625230475.0,5147570980714.3,1091793384959.0
2022,4,Kalimantan Timur,16804693779013.0,8997262540257.7,7790284158755.0,12393745833368.0,1980010052267.6
2022,4,Kalimantan Utara,2731491817451.5,815664188996.5,1908970208199.0,2553577991131.0,496619274367.07
2022,4,Kepulauan Riau,3918136426614.0,1675729889079.9,2241141497534.0,3842586411976.2,552161762368.05
2022,4,Lampung,6836946972193.7,3678302294580.7,3100575550394.0,6786374070612.9,1025325883958.3
2022,4,Maluku,2915515472447.9,637948959230.93,2273932596444.0,3053175364420.4,561815853461.0
2022,4,Maluku Utara,3088705718662.5,779231797125.54,2309310841537.0,3200974790169.7,850388781669.33
2022,4,NTB,5302613771985.8,2292065852874.8,2976614420050.0,5873545697437.6,1313667766855.0
2022,4,NTT,4426473562255.2,1363737981851.2,3053836755861.0,4816652654356.8,1216802446597.3
2022,4,Papua,11040109011239.0,2226754654927.4,8808887290115.0,11454657535166.0,2029533805428.7
2022,4,Papua Barat,7764412862005.8,620304274755.79,7138640580141.0,7536640015209.4,2198753599029.1
2022,4,Riau,8818669764115.2,4696769079910.2,4113106484205.0,9102467422821.4,1508534414100.6
2022,4,Sulawesi Barat,1894618795334.4,457411610500.39,1434593300534.0,2089718217226.3,547546846841.0
2022,4,Sulawesi Selatan,8992799689251.2,4865959663141.1,4096755656038.0,8958791076580.4,1100866806729.3
2022,4,Sulawesi Tengah,4895740491702.5,1559706290296.4,3319202639678.0,4825333666427.4,617282123075.52
2022,4,Sulawesi Tenggara,4497953162940.1,1419667152161.1,2979353296423.0,4862530576022.0,1599982654743.0
2022,4,Sulawesi Utara,3726578804936.2,1464716968806.2,2198585567740.0,3858758102783.8,818966382272.71
2022,4,Sumatera Barat,6130023203347.6,2851966014892.6,3164494555418.0,6304434742047.8,941069948131.89
2022,4,Sumatera Selatan,10036955961133.0,4930954855677.7,5090093999526.0,9663575726750.7,1536370414095.3
2022,4,Sumatera Utara,12594412688862.0,7258018251932.5,5250014270033.0,12509062821349.0,1776116503367.0
2022,5,Aceh,13713584703596.0,2917145003052.0,10775168990686.0,15773078722046.0,2868705757385.0
2022,5,Bali,5885778601466.3,3863191406848.2,2017662417846.0,6749443182109.6,1452064568386.9
2022,5,Bangka Belitung,2881466811892.1,1090477839965.1,1790988971927.0,2416296710155.3,354008245838.87
2022,5,Banten,11205654716542.0,8203139526542.0,2996963150000.0,11278684481863.0,1660220698204.1
2022,5,Bengkulu,2953744560516.2,1088415649978.2,1864171870538.0,3016495454738.9,417023457013.72
2022,5,DI Yogyakarta,5531194851402.3,2263431316669.6,3256850196484.0,5449935625661.6,704882049066.74
2022,5,DKI Jakarta,67290479172308.0,45608404729501.0,18860858779549.0,64865121220296.0,8808194842704.0
2022,5,Gorontalo,1848593656987.8,510337164773.83,1334494317475.0,1947925731695.2,318331031107.98
2022,5,Jambi,4705588357947.4,2163585918787.4,2527282623260.0,4755416354857.9,906797776480.8
2022,5,Jawa Barat,33232271411803.0,23249622253957.0,9860664924368.0,32644213921729.0,2381568888911.0
2022,5,Jawa Tengah,24167935634127.0,16264618853852.0,7810882578787.0,23950240497405.0,1713641630081.0
2022,5,Jawa Timur,31904776417444.0,21256651207716.0,10563739586218.0,31502993060591.0,2505994499065.6
2022,5,Kalimantan Barat,6103471493098.2,3217812121331.2,2826541835787.0,5726863899071.0,1003966698357.8
2022,5,Kalimantan Selatan,8155596924194.3,4558042727438.3,3526413444092.0,7341779488457.9,1070308780572.5
2022,5,Kalimantan Tengah,5466828340418.1,2523597744203.6,2924625230475.0,5147570980714.3,1091793384959.0
2022,5,Kalimantan Timur,16804693779013.0,8997262540257.7,7790284158755.0,12393745833368.0,1980010052267.6
2022,5,Kalimantan Utara,2731491817451.5,815664188996.5,1908970208199.0,2553577991131.0,496619274367.07
2022,5,Kepulauan Riau,3918136426614.0,1675729889079.9,2241141497534.0,3842586411976.2,552161762368.05
2022,5,Lampung,6836946972193.7,3678302294580.7,3100575550394.0,6786374070612.9,1025325883958.3
2022,5,Maluku,2915515472447.9,637948959230.93,2273932596444.0,3053175364420.4,561815853461.0
2022,5,Maluku Utara,3088705718662.5,779231797125.54,2309310841537.0,3200974790169.7,850388781669.33
2022,5,NTB,5302613771985.8,2292065852874.8,2976614420050.0,5873545697437.6,1313667766855.0
2022,5,NTT,4426473562255.2,1363737981851.2,3053836755861.0,4816652654356.8,1216802446597.3
2022,5,Papua,11040109011239.0,2226754654927.4,8808887290115.0,11454657535166.0,2029533805428.7
2022,5,Papua Barat,7764412862005.8,620304274755.79,7138640580141.0,7536640015209.4,2198753599029.1
2022,5,Riau,8818669764115.2,4696769079910.2,4113106484205.0,9102467422821.4,1508534414100.6
2022,5,Sulawesi Barat,1894618795334.4,457411610500.39,1434593300534.0,2089718217226.3,547546846841.0
2022,5,Sulawesi Selatan,8992799689251.2,4865959663141.1,4096755656038.0,8958791076580.4,1100866806729.3
2022,5,Sulawesi Tengah,4895740491702.5,1559706290296.4,3319202639678.0,4825333666427.4,617282123075.52
2022,5,Sulawesi Tenggara,4497953162940.1,1419667152161.1,2979353296423.0,4862530576022.0,1599982654743.0
2022,5,Sulawesi Utara,3726578804936.2,1464716968806.2,2198585567740.0,3858758102783.8,818966382272.71
2022,5,Sumatera Barat,6130023203347.6,2851966014892.6,3164494555418.0,6304434742047.8,941069948131.89
2022,5,Sumatera Selatan,10036955961133.0,4930954855677.7,5090093999526.0,9663575726750.7,1536370414095.3
2022,5,Sumatera Utara,12594412688862.0,7258018251932.5,5250014270033.0,12509062821349.0,1776116503367.0
2022,6,Aceh,13713584703596.0,2917145003052.0,10775168990686.0,15773078722046.0,2868705757385.0
2022,6,Bali,5885778601466.3,3863191406848.2,2017662417846.0,6749443182109.6,1452064568386.9
2022,6,Bangka Belitung,2881466811892.1,1090477839965.1,1790988971927.0,2416296710155.3,354008245838.87
2022,6,Banten,11205654716542.0,8203139526542.0,2996963150000.0,11278684481863.0,1660220698204.1
2022,6,Bengkulu,2953744560516.2,1088415649978.2,1864171870538.0,3016495454738.9,417023457013.72
2022,6,DI Yogyakarta,5531194851402.3,2263431316669.6,3256850196484.0,5449935625661.6,704882049066.74
2022,6,DKI Jakarta,67290479172308.0,45608404729501.0,18860858779549.0,64865121220296.0,8808194842704.0
2022,6,Gorontalo,1848593656987.8,510337164773.83,1334494317475.0,1947925731695.2,318331031107.98
2022,6,Jambi,4705588357947.4,2163585918787.4,2527282623260.0,4755416354857.9,906797776480.8
2022,6,Jawa Barat,33232271411803.0,23249622253957.0,9860664924368.0,32644213921729.0,2381568888911.0
2022,6,Jawa Tengah,24167935634127.0,16264618853852.0,7810882578787.0,23950240497405.0,1713641630081.0
2022,6,Jawa Timur,31904776417444.0,21256651207716.0,10563739586218.0,31502993060591.0,2505994499065.6
2022,6,Kalimantan Barat,6103471493098.2,3217812121331.2,2826541835787.0,5726863899071.0,1003966698357.8
2022,6,Kalimantan Selatan,8155596924194.3,4558042727438.3,3526413444092.0,7341779488457.9,1070308780572.5
2022,6,Kalimantan Tengah,5466828340418.1,2523597744203.6,2924625230475.0,5147570980714.3,1091793384959.0
2022,6,Kalimantan Timur,16804693779013.0,8997262540257.7,7790284158755.0,12393745833368.0,1980010052267.6
2022,6,Kalimantan Utara,2731491817451.5,815664188996.5,1908970208199.0,2553577991131.0,496619274367.07
2022,6,Kepulauan Riau,3918136426614.0,1675729889079.9,2241141497534.0,3842586411976.2,552161762368.05
2022,6,Lampung,6836946972193.7,3678302294580.7,3100575550394.0,6786374070612.9,1025325883958.3
2022,6,Maluku,2915515472447.9,637948959230.93,2273932596444.0,3053175364420.4,561815853461.0
2022,6,Maluku Utara,3088705718662.5,779231797125.54,2309310841537.0,3200974790169.7,850388781669.33
2022,6,NTB,5302613771985.8,2292065852874.8,2976614420050.0,5873545697437.6,1313667766855.0
2022,6,NTT,4426473562255.2,1363737981851.2,3053836755861.0,4816652654356.8,1216802446597.3
2022,6,Papua,11040109011239.0,2226754654927.4,8808887290115.0,11454657535166.0,2029533805428.7
2022,6,Papua Barat,7764412862005.8,620304274755.79,7138640580141.0,7536640015209.4,2198753599029.1
2022,6,Riau,8818669764115.2,4696769079910.2,4113106484205.0,9102467422821.4,1508534414100.6
2022,6,Sulawesi Barat,1894618795334.4,457411610500.39,1434593300534.0,2089718217226.3,547546846841.0
2022,6,Sulawesi Selatan,8992799689251.2,4865959663141.1,4096755656038.0,8958791076580.4,1100866806729.3
2022,6,Sulawesi Tengah,4895740491702.5,1559706290296.4,3319202639678.0,4825333666427.4,617282123075.52
2022,6,Sulawesi Tenggara,4497953162940.1,1419667152161.1,2979353296423.0,4862530576022.0,1599982654743.0
2022,6,Sulawesi Utara,3726578804936.2,1464716968806.2,2198585567740.0,3858758102783.8,818966382272.71
2022,6,Sumatera Barat,6130023203347.6,2851966014892.6,3164494555418.0,6304434742047.8,941069948131.89
2022,6,Sumatera Selatan,10036955961133.0,4930954855677.7,5090093999526.0,9663575726750.7,1536370414095.3
2022,6,Sumatera Utara,12594412688862.0,7258018251932.5,5250014270033.0,12509062821349.0,1776116503367.0
2022,7,Aceh,13713584703596.0,2917145003052.0,10775168990686.0,15773078722046.0,2868705757385.0
2022,7,Bali,5885778601466.3,3863191406848.2,2017662417846.0,6749443182109.6,1452064568386.9
2022,7,Bangka Belitung,2881466811892.1,1090477839965.1,1790988971927.0,2416296710155.3,354008245838.87
2022,7,Banten,11205654716542.0,8203139526542.0,2996963150000.0,11278684481863.0,1660220698204.1
2022,7,Bengkulu,2953744560516.2,1088415649978.2,1864171870538.0,3016495454738.9,417023457013.72
2022,7,DI Yogyakarta,5531194851402.3,2263431316669.6,3256850196484.0,5449935625661.6,704882049066.74
2022,7,DKI Jakarta,67290479172308.0,45608404729501.0,18860858779549.0,64865121220296.0,8808194842704.0
2022,7,Gorontalo,1848593656987.8,510337164773.83,1334494317475.0,1947925731695.2,318331031107.98
2022,7,Jambi,4705588357947.4,2163585918787.4,2527282623260.0,4755416354857.9,906797776480.8
2022,7,Jawa Barat,33232271411803.0,23249622253957.0,9860664924368.0,32644213921729.0,2381568888911.0
2022,7,Jawa Tengah,24167935634127.0,16264618853852.0,7810882578787.0,23950240497405.0,1713641630081.0
2022,7,Jawa Timur,31904776417444.0,21256651207716.0,10563739586218.0,31502993060591.0,2505994499065.6
2022,7,Kalimantan Barat,6103471493098.2,3217812121331.2,2826541835787.0,5726863899071.0,1003966698357.8
2022,7,Kalimantan Selatan,8155596924194.3,4558042727438.3,3526413444092.0,7341779488457.9,1070308780572.5
2022,7,Kalimantan Tengah,5466828340418.1,2523597744203.6,2924625230475.0,5147570980714.3,1091793384959.0
2022,7,Kalimantan Timur,16804693779013.0,8997262540257.7,7790284158755.0,12393745833368.0,1980010052267.6
2022,7,Kalimantan Utara,2731491817451.5,815664188996.5,1908970208199.0,2553577991131.0,496619274367.07
2022,7,Kepulauan Riau,3918136426614.0,1675729889079.9,2241141497534.0,3842586411976.2,552161762368.05
2022,7,Lampung,6836946972193.7,3678302294580.7,3100575550394.0,6786374070612.9,1025325883958.3
2022,7,Maluku,2915515472447.9,637948959230.93,2273932596444.0,3053175364420.4,561815853461.0
2022,7,Maluku Utara,3088705718662.5,779231797125.54,2309310841537.0,3200974790169.7,850388781669.33
2022,7,NTB,5302613771985.8,2292065852874.8,2976614420050.0,5873545697437.6,1313667766855.0
2022,7,NTT,4426473562255.2,1363737981851.2,3053836755861.0,4816652654356.8,1216802446597.3
2022,7,Papua,11040109011239.0,2226754654927.4,8808887290115.0,11454657535166.0,2029533805428.7
2022,7,Papua Barat,7764412862005.8,620304274755.79,7138640580141.0,7536640015209.4,2198753599029.1
2022,7,Riau,8818669764115.2,4696769079910.2,4113106484205.0,9102467422821.4,1508534414100.6
2022,7,Sulawesi Barat,1894618795334.4,457411610500.39,1434593300534.0,2089718217226.3,547546846841.0
2022,7,Sulawesi Selatan,8992799689251.2,4865959663141.1,4096755656038.0,8958791076580.4,1100866806729.3
2022,7,Sulawesi Tengah,4895740491702.5,1559706290296.4,3319202639678.0,4825333666427.4,617282123075.52
2022,7,Sulawesi Tenggara,4497953162940.1,1419667152161.1,2979353296423.0,4862530576022.0,1599982654743.0
2022,7,Sulawesi Utara,3726578804936.2,1464716968806.2,2198585567740.0,3858758102783.8,818966382272.71
2022,7,Sumatera Barat,6130023203347.6,2851966014892.6,3164494555418.0,6304434742047.8,941069948131.89
2022,7,Sumatera Selatan,10036955961133.0,4930954855677.7,5090093999526.0,9663575726750.7,1536370414095.3
2022,7,Sumatera Utara,12594412688862.0,7258018251932.5,5250014270033.0,12509062821349.0,1776116503367.0
2022,8,Aceh,13713584703596.0,2917145003052.0,10775168990686.0,15773078722046.0,2868705757385.0
2022,8,Bali,5885778601466.3,3863191406848.2,2017662417846.0,6749443182109.6,1452064568386.9
2022,8,Bangka Belitung,2881466811892.1,1090477839965.1,1790988971927.0,2416296710155.3,354008245838.87
2022,8,Banten,11205654716542.0,8203139526542.0,2996963150000.0,11278684481863.0,1660220698204.1
2022,8,Bengkulu,2953744560516.2,1088415649978.2,1864171870538.0,3016495454738.9,417023457013.72
2022,8,DI Yogyakarta,5531194851402.3,2263431316669.6,3256850196484.0,5449935625661.6,704882049066.74
2022,8,DKI Jakarta,67290479172308.0,45608404729501.0,18860858779549.0,64865121220296.0,8808194842704.0
2022,8,Gorontalo,1848593656987.8,510337164773.83,1334494317475.0,1947925731695.2,318331031107.98
2022,8,Jambi,4705588357947.4,2163585918787.4,2527282623260.0,4755416354857.9,906797776480.8
2022,8,Jawa Barat,33232271411803.0,23249622253957.0,9860664924368.0,32644213921729.0,2381568888911.0
2022,8,Jawa Tengah,24167935634127.0,16264618853852.0,7810882578787.0,23950240497405.0,1713641630081.0
2022,8,Jawa Timur,31904776417444.0,21256651207716.0,10563739586218.0,31502993060591.0,2505994499065.6
2022,8,Kalimantan Barat,6103471493098.2,3217812121331.2,2826541835787.0,5726863899071.0,1003966698357.8
2022,8,Kalimantan Selatan,8155596924194.3,4558042727438.3,3526413444092.0,7341779488457.9,1070308780572.5
2022,8,Kalimantan Tengah,5466828340418.1,2523597744203.6,2924625230475.0,5147570980714.3,1091793384959.0
2022,8,Kalimantan Timur,16804693779013.0,8997262540257.7,7790284158755.0,12393745833368.0,1980010052267.6
2022,8,Kalimantan Utara,2731491817451.5,815664188996.5,1908970208199.0,2553577991131.0,496619274367.07
2022,8,Kepulauan Riau,3918136426614.0,1675729889079.9,2241141497534.0,3842586411976.2,552161762368.05
2022,8,Lampung,6836946972193.7,3678302294580.7,3100575550394.0,6786374070612.9,1025325883958.3
2022,8,Maluku,2915515472447.9,637948959230.93,2273932596444.0,3053175364420.4,561815853461.0
2022,8,Maluku Utara,3088705718662.5,779231797125.54,2309310841537.0,3200974790169.7,850388781669.33
2022,8,NTB,5302613771985.8,2292065852874.8,2976614420050.0,5873545697437.6,1313667766855.0
2022,8,NTT,4426473562255.2,1363737981851.2,3053836755861.0,4816652654356.8,1216802446597.3
2022,8,Papua,11040109011239.0,2226754654927.4,8808887290115.0,11454657535166.0,2029533805428.7
2022,8,Papua Barat,7764412862005.8,620304274755.79,7138640580141.0,7536640015209.4,2198753599029.1
2022,8,Riau,8818669764115.2,4696769079910.2,4113106484205.0,9102467422821.4,1508534414100.6
2022,8,Sulawesi Barat,1894618795334.4,457411610500.39,1434593300534.0,2089718217226.3,547546846841.0
2022,8,Sulawesi Selatan,8992799689251.2,4865959663141.1,4096755656038.0,8958791076580.4,1100866806729.3
2022,8,Sulawesi Tengah,4895740491702.5,1559706290296.4,3319202639678.0,4825333666427.4,617282123075.52
2022,8,Sulawesi Tenggara,4497953162940.1,1419667152161.1,2979353296423.0,4862530576022.0,1599982654743.0
2022,8,Sulawesi Utara,3726578804936.2,1464716968806.2,2198585567740.0,3858758102783.8,818966382272.71
2022,8,Sumatera Barat,6130023203347.6,2851966014892.6,3164494555418.0,6304434742047.8,941069948131.89
2022,8,Sumatera Selatan,10036955961133.0,4930954855677.7,5090093999526.0,9663575726750.7,1536370414095.3
2022,8,Sumatera Utara,12594412688862.0,7258018251932.5,5250014270033.0,12509062821349.0,1776116503367.0
2022,9,Aceh,13713584703596.0,2917145003052.0,10775168990686.0,15773078722046.0,2868705757385.0
2022,9,Bali,5885778601466.3,3863191406848.2,2017662417846.0,6749443182109.6,1452064568386.9
2022,9,Bangka Belitung,2881466811892.1,1090477839965.1,1790988971927.0,2416296710155.3,354008245838.87
2022,9,Banten,11205654716542.0,8203139526542.0,2996963150000.0,11278684481863.0,1660220698204.1
2022,9,Bengkulu,2953744560516.2,1088415649978.2,1864171870538.0,3016495454738.9,417023457013.72
2022,9,DI Yogyakarta,5531194851402.3,2263431316669.6,3256850196484.0,5449935625661.6,704882049066.74
2022,9,DKI Jakarta,67290479172308.0,45608404729501.0,18860858779549.0,64865121220296.0,8808194842704.0
2022,9,Gorontalo,1848593656987.8,510337164773.83,1334494317475.0,1947925731695.2,318331031107.98
2022,9,Jambi,4705588357947.4,2163585918787.4,2527282623260.0,4755416354857.9,906797776480.8
2022,9,Jawa Barat,33232271411803.0,23249622253957.0,9860664924368.0,32644213921729.0,2381568888911.0
2022,9,Jawa Tengah,24167935634127.0,16264618853852.0,7810882578787.0,23950240497405.0,1713641630081.0
2022,9,Jawa Timur,31904776417444.0,21256651207716.0,10563739586218.0,31502993060591.0,2505994499065.6
2022,9,Kalimantan Barat,6103471493098.2,3217812121331.2,2826541835787.0,5726863899071.0,1003966698357.8
2022,9,Kalimantan Selatan,8155596924194.3,4558042727438.3,3526413444092.0,7341779488457.9,1070308780572.5
2022,9,Kalimantan Tengah,5466828340418.1,2523597744203.6,2924625230475.0,5147570980714.3,1091793384959.0
2022,9,Kalimantan Timur,16804693779013.0,8997262540257.7,7790284158755.0,12393745833368.0,1980010052267.6
2022,9,Kalimantan Utara,2731491817451.5,815664188996.5,1908970208199.0,2553577991131.0,496619274367.07
2022,9,Kepulauan Riau,3918136426614.0,1675729889079.9,2241141497534.0,3842586411976.2,552161762368.05
2022,9,Lampung,6836946972193.7,3678302294580.7,3100575550394.0,6786374070612.9,1025325883958.3
2022,9,Maluku,2915515472447.9,637948959230.93,2273932596444.0,3053175364420.4,561815853461.0
2022,9,Maluku Utara,3088705718662.5,779231797125.54,2309310841537.0,3200974790169.7,850388781669.33
2022,9,NTB,5302613771985.8,2292065852874.8,2976614420050.0,5873545697437.6,1313667766855.0
2022,9,NTT,4426473562255.2,1363737981851.2,3053836755861.0,4816652654356.8,1216802446597.3
2022,9,Papua,11040109011239.0,2226754654927.4,8808887290115.0,11454657535166.0,2029533805428.7
2022,9,Papua Barat,7764412862005.8,620304274755.79,7138640580141.0,7536640015209.4,2198753599029.1
2022,9,Riau,8818669764115.2,4696769079910.2,4113106484205.0,9102467422821.4,1508534414100.6
2022,9,Sulawesi Barat,1894618795334.4,457411610500.39,1434593300534.0,2089718217226.3,547546846841.0
2022,9,Sulawesi Selatan,8992799689251.2,4865959663141.1,4096755656038.0,8958791076580.4,1100866806729.3
2022,9,Sulawesi Tengah,4895740491702.5,1559706290296.4,3319202639678.0,4825333666427.4,617282123075.52
2022,9,Sulawesi Tenggara,4497953162940.1,1419667152161.1,2979353296423.0,4862530576022.0,1599982654743.0
2022,9,Sulawesi Utara,3726578804936.2,1464716968806.2,2198585567740.0,3858758102783.8,818966382272.71
2022,9,Sumatera Barat,6130023203347.6,2851966014892.6,3164494555418.0,6304434742047.8,941069948131.89
2022,9,Sumatera Selatan,10036955961133.0,4930954855677.7,5090093999526.0,9663575726750.7,1536370414095.3
2022,9,Sumatera Utara,12594412688862.0,7258018251932.5,5250014270033.0,12509062821349.0,1776116503367.0
2022,10,Aceh,13713584703596.0,2917145003052.0,10775168990686.0,15773078722046.0,2868705757385.0
2022,10,Bali,5885778601466.3,3863191406848.2,2017662417846.0,6749443182109.6,1452064568386.9
2022,10,Bangka Belitung,2881466811892.1,1090477839965.1,1790988971927.0,2416296710155.3,354008245838.87
2022,10,Banten,11205654716542.0,8203139526542.0,2996963150000.0,11278684481863.0,1660220698204.1
2022,10,Bengkulu,2953744560516.2,1088415649978.2,1864171870538.0,3016495454738.9,417023457013.72
2022,10,DI Yogyakarta,5531194851402.3,2263431316669.6,3256850196484.0,5449935625661.6,704882049066.74
2022,10,DKI Jakarta,67290479172308.0,45608404729501.0,18860858779549.0,64865121220296.0,8808194842704.0
2022,10,Gorontalo,1848593656987.8,510337164773.83,1334494317475.0,1947925731695.2,318331031107.98
2022,10,Jambi,4705588357947.4,2163585918787.4,2527282623260.0,4755416354857.9,906797776480.8
2022,10,Jawa Barat,33232271411803.0,23249622253957.0,9860664924368.0,32644213921729.0,2381568888911.0
2022,10,Jawa Tengah,24167935634127.0,16264618853852.0,7810882578787.0,23950240497405.0,1713641630081.0
2022,10,Jawa Timur,31904776417444.0,21256651207716.0,10563739586218.0,31502993060591.0,2505994499065.6
2022,10,Kalimantan Barat,6103471493098.2,3217812121331.2,2826541835787.0,5726863899071.0,1003966698357.8
2022,10,Kalimantan Selatan,8155596924194.3,4558042727438.3,3526413444092.0,7341779488457.9,1070308780572.5
2022,10,Kalimantan Tengah,5466828340418.1,2523597744203.6,2924625230475.0,5147570980714.3,1091793384959.0
2022,10,Kalimantan Timur,16804693779013.0,8997262540257.7,7790284158755.0,12393745833368.0,1980010052267.6
2022,10,Kalimantan Utara,2731491817451.5,815664188996.5,1908970208199.0,2553577991131.0,496619274367.07
2022,10,Kepulauan Riau,3918136426614.0,1675729889079.9,2241141497534.0,3842586411976.2,552161762368.05
2022,10,Lampung,6836946972193.7,3678302294580.7,3100575550394.0,6786374070612.9,1025325883958.3
2022,10,Maluku,2915515472447.9,637948959230.93,2273932596444.0,3053175364420.4,561815853461.0
2022,10,Maluku Utara,3088705718662.5,779231797125.54,2309310841537.0,3200974790169.7,850388781669.33
2022,10,NTB,5302613771985.8,2292065852874.8,2976614420050.0,5873545697437.6,1313667766855.0
2022,10,NTT,4426473562255.2,1363737981851.2,3053836755861.0,4816652654356.8,1216802446597.3
2022,10,Papua,11040109011239.0,2226754654927.4,8808887290115.0,11454657535166.0,2029533805428.7
2022,10,Papua Barat,7764412862005.8,620304274755.79,7138640580141.0,7536640015209.4,2198753599029.1
2022,10,Riau,8818669764115.2,4696769079910.2,4113106484205.0,9102467422821.4,1508534414100.6
2022,10,Sulawesi Barat,1894618795334.4,457411610500.39,1434593300534.0,2089718217226.3,547546846841.0
2022,10,Sulawesi Selatan,8992799689251.2,4865959663141.1,4096755656038.0,8958791076580.4,1100866806729.3
2022,10,Sulawesi Tengah,4895740491702.5,1559706290296.4,3319202639678.0,4825333666427.4,617282123075.52
2022,10,Sulawesi Tenggara,4497953162940.1,1419667152161.1,2979353296423.0,4862530576022.0,1599982654743.0
2022,10,Sulawesi Utara,3726578804936.2,1464716968806.2,2198585567740.0,3858758102783.8,818966382272.71
2022,10,Sumatera Barat,6130023203347.6,2851966014892.6,3164494555418.0,6304434742047.8,941069948131.89
2022,10,Sumatera Selatan,10036955961133.0,4930954855677.7,5090093999526.0,9663575726750.7,1536370414095.3
2022,10,Sumatera Utara,12594412688862.0,7258018251932.5,5250014270033.0,12509062821349.0,1776116503367.0
2022,11,Aceh,13713584703596.0,2917145003052.0,10775168990686.0,15773078722046.0,2868705757385.0
2022,11,Bali,5885778601466.3,3863191406848.2,2017662417846.0,6749443182109.6,1452064568386.9
2022,11,Bangka Belitung,2881466811892.1,1090477839965.1,1790988971927.0,2416296710155.3,354008245838.87
2022,11,Banten,11205654716542.0,8203139526542.0,2996963150000.0,11278684481863.0,1660220698204.1
2022,11,Bengkulu,2953744560516.2,1088415649978.2,1864171870538.0,3016495454738.9,417023457013.72
2022,11,DI Yogyakarta,5531194851402.3,2263431316669.6,3256850196484.0,5449935625661.6,704882049066.74
2022,11,DKI Jakarta,67290479172308.0,45608404729501.0,18860858779549.0,64865121220296.0,8808194842704.0
2022,11,Gorontalo,1848593656987.8,510337164773.83,1334494317475.0,1947925731695.2,318331031107.98
2022,11,Jambi,4705588357947.4,2163585918787.4,2527282623260.0,4755416354857.9,906797776480.8
2022,11,Jawa Barat,33232271411803.0,23249622253957.0,9860664924368.0,32644213921729.0,2381568888911.0
2022,11,Jawa Tengah,24167935634127.0,16264618853852.0,7810882578787.0,23950240497405.0,1713641630081.0
2022,11,Jawa Timur,31904776417444.0,21256651207716.0,10563739586218.0,31502993060591.0,2505994499065.6
2022,11,Kalimantan Barat,6103471493098.2,3217812121331.2,2826541835787.0,5726863899071.0,1003966698357.8
2022,11,Kalimantan Selatan,8155596924194.3,4558042727438.3,3526413444092.0,7341779488457.9,1070308780572.5
2022,11,Kalimantan Tengah,5466828340418.1,2523597744203.6,2924625230475.0,5147570980714.3,1091793384959.0
2022,11,Kalimantan Timur,16804693779013.0,8997262540257.7,7790284158755.0,12393745833368.0,1980010052267.6
2022,11,Kalimantan Utara,2731491817451.5,815664188996.5,1908970208199.0,2553577991131.0,496619274367.07
2022,11,Kepulauan Riau,3918136426614.0,1675729889079.9,2241141497534.0,3842586411976.2,552161762368.05
2022,11,Lampung,6836946972193.7,3678302294580.7,3100575550394.0,6786374070612.9,1025325883958.3
2022,11,Maluku,2915515472447.9,637948959230.93,2273932596444.0,3053175364420.4,561815853461.0
2022,11,Maluku Utara,3088705718662.5,779231797125.54,2309310841537.0,3200974790169.7,850388781669.33
2022,11,NTB,5302613771985.8,2292065852874.8,2976614420050.0,5873545697437.6,1313667766855.0
2022,11,NTT,4426473562255.2,1363737981851.2,3053836755861.0,4816652654356.8,1216802446597.3
2022,11,Papua,11040109011239.0,2226754654927.4,8808887290115.0,11454657535166.0,2029533805428.7
2022,11,Papua Barat,7764412862005.8,620304274755.79,7138640580141.0,7536640015209.4,2198753599029.1
2022,11,Riau,8818669764115.2,4696769079910.2,4113106484205.0,9102467422821.4,1508534414100.6
2022,11,Sulawesi Barat,1894618795334.4,457411610500.39,1434593300534.0,2089718217226.3,547546846841.0
2022,11,Sulawesi Selatan,8992799689251.2,4865959663141.1,4096755656038.0,8958791076580.4,1100866806729.3
2022,11,Sulawesi Tengah,4895740491702.5,1559706290296.4,3319202639678.0,4825333666427.4,617282123075.52
2022,11,Sulawesi Tenggara,4497953162940.1,1419667152161.1,2979353296423.0,4862530576022.0,1599982654743.0
2022,11,Sulawesi Utara,3726578804936.2,1464716968806.2,2198585567740.0,3858758102783.8,818966382272.71
2022,11,Sumatera Barat,6130023203347.6,2851966014892.6,3164494555418.0,6304434742047.8,941069948131.89
2022,11,Sumatera Selatan,10036955961133.0,4930954855677.7,5090093999526.0,9663575726750.7,1536370414095.3
2022,11,Sumatera Utara,12594412688862.0,7258018251932.5,5250014270033.0,12509062821349.0,1776116503367.0
2022,12,Aceh,13713584703596.0,2917145003052.0,10775168990686.0,15773078722046.0,2868705757385.0
2022,12,Bali,5885778601466.3,3863191406848.2,2017662417846.0,6749443182109.6,1452064568386.9
2022,12,Bangka Belitung,2881466811892.1,1090477839965.1,1790988971927.0,2416296710155.3,354008245838.87
2022,12,Banten,11205654716542.0,8203139526542.0,2996963150000.0,11278684481863.0,1660220698204.1
2022,12,Bengkulu,2953744560516.2,1088415649978.2,1864171870538.0,3016495454738.9,417023457013.72
2022,12,DI Yogyakarta,5531194851402.3,2263431316669.6,3256850196484.0,5449935625661.6,704882049066.74
2022,12,DKI Jakarta,67290479172308.0,45608404729501.0,18860858779549.0,64865121220296.0,8808194842704.0
2022,12,Gorontalo,1848593656987.8,510337164773.83,1334494317475.0,1947925731695.2,318331031107.98
2022,12,Jambi,4705588357947.4,2163585918787.4,2527282623260.0,4755416354857.9,906797776480.8
2022,12,Jawa Barat,33232271411803.0,23249622253957.0,9860664924368.0,32644213921729.0,2381568888911.0
2022,12,Jawa Tengah,24167935634127.0,16264618853852.0,7810882578787.0,23950240497405.0,1713641630081.0
2022,12,Jawa Timur,31904776417444.0,21256651207716.0,10563739586218.0,31502993060591.0,2505994499065.6
2022,12,Kalimantan Barat,6103471493098.2,3217812121331.2,2826541835787.0,5726863899071.0,1003966698357.8
2022,12,Kalimantan Selatan,8155596924194.3,4558042727438.3,3526413444092.0,7341779488457.9,1070308780572.5
2022,12,Kalimantan Tengah,5466828340418.1,2523597744203.6,2924625230475.0,5147570980714.3,1091793384959.0
2022,12,Kalimantan Timur,16804693779013.0,8997262540257.7,7790284158755.0,12393745833368.0,1980010052267.6
2022,12,Kalimantan Utara,2731491817451.5,815664188996.5,1908970208199.0,2553577991131.0,496619274367.07
2022,12,Kepulauan Riau,3918136426614.0,1675729889079.9,2241141497534.0,3842586411976.2,552161762368.05
2022,12,Lampung,6836946972193.7,3678302294580.7,3100575550394.0,6786374070612.9,1025325883958.3
2022,12,Maluku,2915515472447.9,637948959230.93,2273932596444.0,3053175364420.4,561815853461.0
2022,12,Maluku Utara,3088705718662.5,779231797125.54,2309310841537.0,3200974790169.7,850388781669.33
2022,12,NTB,5302613771985.8,2292065852874.8,2976614420050.0,5873545697437.6,1313667766855.0
2022,12,NTT,4426473562255.2,1363737981851.2,3053836755861.0,4816652654356.8,1216802446597.3
2022,12,Papua,11040109011239.0,2226754654927.4,8808887290115.0,11454657535166.0,2029533805428.7
2022,12,Papua Barat,7764412862005.8,620304274755.79,7138640580141.0,7536640015209.4,2198753599029.1
2022,12,Riau,8818669764115.2,4696769079910.2,4113106484205.0,9102467422821.4,1508534414100.6
2022,12,Sulawesi Barat,1894618795334.4,457411610500.39,1434593300534.0,2089718217226.3,547546846841.0
2022,12,Sulawesi Selatan,8992799689251.2,4865959663141.1,4096755656038.0,8958791076580.4,1100866806729.3
2022,12,Sulawesi Tengah,4895740491702.5,1559706290296.4,3319202639678.0,4825333666427.4,617282123075.52
2022,12,Sulawesi Tenggara,4497953162940.1,1419667152161.1,2979353296423.0,4862530576022.0,1599982654743.0
2022,12,Sulawesi Utara,3726578804936.2,1464716968806.2,2198585567740.0,3858758102783.8,818966382272.71
2022,12,Sumatera Barat,6130023203347.6,2851966014892.6,3164494555418.0,6304434742047.8,941069948131.89
2022,12,Sumatera Selatan,10036955961133.0,4930954855677.7,5090093999526.0,9663575726750.7,1536370414095.3
2022,12,Sumatera Utara,12594412688862.0,7258018251932.5,5250014270033.0,12509062821349.0,1776116503367.0
2023,1,Aceh,445676306487.28,194954458195.28,250673930800.0,139422965300.78,0.0
2023,1,Bali,464325156596.33,277346494596.33,186978368000.0,131914699862.16,0.0
2023,1,Bangka Belitung,236526955541.86,71668848341.86,164858107200.0,69326226311.0,0.0
2023,1,Banten,785846607081.73,642232837481.73,143613769600.0,350255463637.0,0.0
2023,1,Bengkulu,238515755657.0,72198478257.0,166317277400.0,128963934074.0,0.0
2023,1,DI Yogyakarta,377113833680.6,175726597680.6,201017597000.0,102323613058.0,2650000.0
2023,1,DKI Jakarta,2809066587800.0,2792113431420.0,887476000.0,1579568979383.0,35728421500.0
2023,1,Gorontalo,141106976524.0,31403837324.0,109703139200.0,47570404568.0,453047200.0
2023,1,Jambi,342666655068.29,157648966468.29,185017688600.0,31997152555.0,1251000.0
2023,1,Jawa Barat,1749103599202.2,1749103599202.2,0.0,441877238068.0,152399000.0
2023,1,Jawa Tengah,1383747780557.0,1136683617557.0,247062163000.0,521380024747.0,942239452.0
2023,1,Jawa Timur,2101133980482.8,1564528717218.0,530989663000.0,823742854787.74,257068990.0
2023,1,Kalimantan Barat,443869228291.88,225492037891.88,218357870400.0,67456632396.0,0.0
2023,1,Kalimantan Selatan,903245739205.2,379205778051.2,523577647800.0,260319531358.86,10201327218.0
2023,1,Kalimantan Tengah,599013531957.08,193218447022.08,403110429000.0,75104161467.0,176867353.0
2023,1,Kalimantan Timur,1617555271102.5,773007534902.52,843187036200.0,167507420083.49,3102890709.58
2023,1,Kalimantan Utara,279976897011.47,58268949473.47,221522935400.0,14771988459.0,10925717518.0
2023,1,Kepulauan Riau,281661440593.61,116431607993.61,165229832600.0,29402809615.0,906827620.0
2023,1,Lampung,456951950898.27,235872175698.27,220499395200.0,248643865288.0,0.0
2023,1,Maluku,180787125668.76,39607287568.76,141179838100.0,61154445811.0,0.0
2023,1,Maluku Utara,248502007311.68,32347001911.68,216155005400.0,38288657812.0,0.0
2023,1,NTB,387750078575.46,148387068375.46,239363010200.0,158169970756.41,345082500.0
2023,1,NTT,302258225964.39,73203155964.39,228912320000.0,105998857988.0,18734820.0
2023,1,Papua,194901402448.49,51183252420.49,143588551800.0,40631160108.0,0.0
2023,1,Papua Barat,0.0,0.0,0.0,0.0,0.0
2023,1,Papua Barat Daya,77234449883.0,6415883.0,72228034000.0,1500000000.0,0.0
2023,1,Papua Pegunungan,81383512800.0,378288000.0,81003624800.0,0.0,0.0
2023,1,Papua Selatan,112834533387.0,29911587.0,112804621800.0,0.0,0.0
2023,1,Papua Tengah,101254924279.0,9981697879.0,91189926400.0,168183900.0,0.0
2023,1,Riau,529764546769.22,379353122169.22,149859494600.0,117877524543.0,0.0
2023,1,Sulawesi Barat,141519368571.65,21478912067.65,119988264000.0,86118409004.0,0.0
2023,1,Sulawesi Selatan,624011273334.29,338246957144.29,285623771000.0,144680961222.0,0.0
2023,1,Sulawesi Tengah,302567644799.46,103271830059.46,199199377400.0,59946122860.0,0.0
2023,1,Sulawesi Tenggara,373526915898.53,111464264698.53,262062651200.0,99953594071.0,0.0
2023,1,Sulawesi Utara,218393694938.0,81447879947.0,136945814991.0,133614187784.0,0.0
2023,1,Sumatera Barat,436197037040.39,183947223440.39,252105477600.0,107967494887.0,641961008.0
2023,1,Sumatera Selatan,678725311476.56,350609119276.56,328116192200.0,170091309973.0,0.0
2023,1,Sumatera Utara,788052417006.53,428394953545.53,351363826400.0,459975305859.45,157420430420.0
2023,2,Aceh,799550963193.71,384729687701.71,414773358000.0,513331872342.95,1572981291.0
2023,2,Bali,863332851774.23,569770129302.23,293561478472.0,415459487807.16,75856418231.0
2023,2,Bangka Belitung,368443347801.3,138988507201.3,229454840600.0,138072216813.0,1575550000.0
2023,2,Banten,1625062685855.4,1206259721755.4,418802964100.0,1002189833767.0,4105725750.0
2023,2,Bengkulu,380700799726.64,136469537326.64,244231262400.0,271657124245.85,658742907.0
2023,2,DI Yogyakarta,743775891657.93,429498352657.93,313572520000.0,312560048176.0,2572043539.0
2023,2,DKI Jakarta,5605336547161.0,5579912685981.0,6638606000.0,4106367908976.0,44143467360.0
2023,2,Gorontalo,242517401752.0,74056341057.0,168461060695.0,114607962757.0,1133534350.0
2023,2,Jambi,563282703821.6,273572002599.6,289710701222.0,363260258680.0,1673741840.0
2023,2,Jawa Barat,4272060802285.8,3273499167885.8,998561634400.0,1977067687772.0,6764304992.0
2023,2,Jawa Tengah,3146087716110.0,2162573248206.0,983512467904.0,1946094276734.0,12212708660.0
2023,2,Jawa Timur,3859402722859.9,2895825978769.8,955769176282.0,1487399255025.7,3132826181.0
2023,2,Kalimantan Barat,895921714307.01,429579410907.01,466322983400.0,491945398121.92,59282000383.0
2023,2,Kalimantan Selatan,1380402673277.8,785345911068.82,594179467200.0,1070704682875.3,15265960120.0
2023,2,Kalimantan Tengah,863282953536.08,364369378471.08,495674378200.0,215949470878.0,42397215630.0
2023,2,Kalimantan Timur,2620496128677.2,1550506493782.2,1067540194895.0,1348252512300.2,86993506962.5
2023,2,Kalimantan Utara,434214551317.42,127002049555.42,306863229200.0,161096792948.0,49512302872.0
2023,2,Kepulauan Riau,566275073471.81,228304914926.81,337970158545.0,102656899722.0,1120307620.0
2023,2,Lampung,789726850910.66,446847806610.66,341017574300.0,360690784713.0,633630400.0
2023,2,Maluku,326103447554.59,77121496904.59,248981950650.0,175787744067.07,25550000.0
2023,2,Maluku Utara,299676827581.95,83521822181.95,216155005400.0,111674058999.48,8258431216.0
2023,2,NTB,667535536373.48,297289981173.48,370245555200.0,398089096998.03,2315989148.0
2023,2,NTT,696684178521.46,139433669742.46,556972783779.0,212068720635.0,56716145.0
2023,2,Papua,288749667484.31,88743581456.31,199679937800.0,85134972710.0,0.0
2023,2,Papua Barat,355591735910.0,39012772510.0,316456258400.0,45158186329.0,0.0
2023,2,Papua Barat Daya,372656028822.0,82550222.0,357573478600.0,6566597343.0,2916000.0
2023,2,Papua Pegunungan,135041417800.0,378288000.0,134661529800.0,1000000000.0,0.0
2023,2,Papua Selatan,172645602801.0,106273001.0,172539329800.0,0.0,0.0
2023,2,Papua Tengah,172132455834.0,20514684434.0,151462871400.0,293972870.0,0.0
2023,2,Riau,1076381131029.8,723790995029.84,351566376000.0,360592554773.0,17842344193.0
2023,2,Sulawesi Barat,218223270181.65,38045103037.65,179976648000.0,142893604143.0,4538456.0
2023,2,Sulawesi Selatan,1324166449792.2,700452413477.21,623326762000.0,493109593968.0,616957000.0
2023,2,Sulawesi Tengah,494212122125.37,200703853561.37,293371976224.0,190289525496.0,32148584175.0
2023,2,Sulawesi Tenggara,657122839266.62,220317518066.62,436805321200.0,264166630986.0,19533167350.0
2023,2,Sulawesi Utara,512791532748.16,251700475634.16,261063141614.0,287150832957.0,14088298132.0
2023,2,Sumatera Barat,746424775649.28,349833435049.28,396311644600.0,263418162275.0,7138441216.0
2023,2,Sumatera Selatan,1228703591344.6,688592626689.61,540110964655.0,461384575164.0,156959000.0
2023,2,Sumatera Utara,1652539503914.2,845928030802.23,797832977600.0,976344384072.87,159291011042.0
2023,3,Aceh,1277502843920.7,606538144302.87,668492836699.0,1094330315005.5,38601186355.78
2023,3,Bali,1604973914378.6,1061875629910.6,543096657968.0,954129921644.87,187787861979.0
2023,3,Bangka Belitung,521638726574.8,218298203295.8,303340523279.0,342363033530.0,21508589821.0
2023,3,Banten,2704152905978.6,1845609549119.6,858543356859.0,2007123500555.0,18193489731.0
2023,3,Bengkulu,538597736293.36,204674687484.36,333923048809.0,480201032630.59,25210786701.79
2023,3,DI Yogyakarta,1308591800294.6,594623711960.55,712072072914.0,716105477723.0,108707248133.0
2023,3,DKI Jakarta,11716112314890.0,8980898507710.0,2716428552000.0,6762449161032.0,91065749730.0
2023,3,Gorontalo,375284100281.0,104764919707.0,270519180574.0,184578508130.0,2072118860.0
2023,3,Jambi,895197538961.79,441216336969.79,453981201992.0,527818915033.0,53338565020.0
2023,3,Jawa Barat,7157981933018.8,4893087817017.8,2264894116001.0,3495319523171.0,123345591042.0
2023,3,Jawa Tengah,5390180260598.0,3181681393051.0,2208496867547.0,3866863819889.0,49704309616.0
2023,3,Jawa Timur,5781387512433.0,4389082596078.0,1383697966304.0,2781181261651.7,14033280896.0
2023,3,Kalimantan Barat,1540731367600.9,773231415199.9,767480632401.0,973335544141.21,94891840636.0
2023,3,Kalimantan Selatan,1890104602276.6,1138690505017.6,749988299268.0,1481807961609.7,96647025845.0
2023,3,Kalimantan Tengah,1233962124340.9,553389676633.36,675687282210.0,436290327788.0,107191313198.0
2023,3,Kalimantan Timur,3720430440014.4,2431483535983.4,1215930339031.0,2282490305354.9,174794788091.5
2023,3,Kalimantan Utara,637972076358.99,211921805407.99,425697780964.0,313344890225.0,50772814450.0
2023,3,Kepulauan Riau,813829100069.09,360903761930.09,452925338139.0,504311028481.98,13391299047.98
2023,3,Lampung,1339476102767.5,762003715367.49,571868815400.0,886216397799.0,41276594531.0
2023,3,Maluku,485700885843.5,116285108075.5,369415777768.0,355921772177.07,1246409664.0
2023,3,Maluku Utara,505508196797.06,146259627697.06,359248569100.0,345077520948.76,61929608264.78
2023,3,NTB,1193592054416.0,479315415385.97,714266405762.0,710248712563.26,46589292800.0
2023,3,NTT,1054629136931.5,261270174914.55,792719623270.0,431003002223.0,12382245930.0
2023,3,Papua,431418100479.7,172335339480.7,257970146050.0,313227298396.0,0.0
2023,3,Papua Barat,499349374170.0,107725633391.0,391374900779.0,168255074462.0,198278600.0
2023,3,Papua Barat Daya,415151728533.0,317631733.0,397334096800.0,9764036335.0,4166000.0
2023,3,Papua Pegunungan,136489931200.0,378288000.0,136110043200.0,2563484000.0,0.0
2023,3,Papua Selatan,209532667794.0,223981494.0,209308686300.0,0.0,0.0
2023,3,Papua Tengah,238003560043.0,39339118843.0,198444841200.0,2012352004.0,0.0
2023,3,Riau,1673941849807.3,1101122721179.3,571253128628.0,1026201677758.0,81041966093.0
2023,3,Sulawesi Barat,320984575596.65,67263843960.65,253343420692.0,220802799722.0,12013661863.0
2023,3,Sulawesi Selatan,2021394238330.2,1167395595766.2,851468736320.0,991656427676.75,15435453182.0
2023,3,Sulawesi Tengah,909111270292.07,303591245543.07,603371949273.0,354050095675.39,41296944048.0
2023,3,Sulawesi Tenggara,970682824621.3,437566599914.3,532182451107.0,419315441582.0,37308133756.0
2023,3,Sulawesi Utara,691203536027.16,351053159855.16,339990424370.0,496556901122.0,20446446907.0
2023,3,Sumatera Barat,1248305906629.3,537344729356.27,696363453773.0,510539699824.0,12481365623.0
2023,3,Sumatera Selatan,2069374305200.3,1136210179415.3,933024692109.0,712179415658.0,15369844816.0
2023,3,Sumatera Utara,2596391905686.5,1612055901463.5,975519336711.0,1842741147928.4,176229972037.85
2023,4,Aceh,3389175185774.1,1148170773804.6,2237473451076.0,2035716422520.5,138667900193.17
2023,4,Bali,2243206251354.1,1494919232171.1,748285392683.0,1664680834874.0,260221643302.0
2023,4,Bangka Belitung,791384819269.76,329313021076.76,462071798193.0,613732401429.0,45159137976.0
2023,4,Banten,3682595483624.9,2695271018280.9,987324465344.0,2695676497829.3,56860099359.0
2023,4,Bengkulu,888861882133.36,327148421163.36,561713460970.0,769068610134.93,44178910932.79
2023,4,DI Yogyakarta,1738773510011.3,843414898414.32,893203846177.0,1224519185684.2,124167528073.0
2023,4,DKI Jakarta,16447014766884.0,12262983736704.0,4165245775000.0,11416466004193.0,138904887790.0
2023,4,Gorontalo,527936625353.0,169959008538.0,357977616815.0,421868999051.0,4060845435.0
2023,4,Jambi,1383036450771.3,747645057970.34,635391392801.0,896100973625.0,156948627550.0
2023,4,Jawa Barat,10940264047861.0,7700708396042.8,3239555651818.0,7266730577546.0,290727431575.0
2023,4,Jawa Tengah,8263032136314.0,5337947637699.0,2925082498615.0,6915827095429.0,133917597939.0
2023,4,Jawa Timur,9427588404158.5,6945649135917.6,2471926334493.0,5320249596028.3,45651517283.0
2023,4,Kalimantan Barat,2038418840031.2,1119326739094.2,919072780937.0,1404876468667.8,149774852249.0
2023,4,Kalimantan Selatan,3372157403767.3,1606376865729.3,1763971676847.0,2064573298105.2,174331549514.0
2023,4,Kalimantan Tengah,2171450230039.6,812743294146.11,1352568070396.0,1198893094381.0,301566279697.0
2023,4,Kalimantan Timur,5881455092965.5,3328253409547.5,2478998543418.0,3771697951240.4,348110260584.5
2023,4,Kalimantan Utara,935647772409.44,313450419171.44,621835272651.0,504987296864.0,78088107149.0
2023,4,Kepulauan Riau,1115097875077.4,530289621686.44,584808253391.0,875651024524.87,30769736581.98
2023,4,Lampung,1929974601202.4,1210456651704.4,710992192900.0,1285572111848.0,62424237331.0
2023,4,Maluku,705258177358.01,214231748569.01,491026428789.0,555175138491.06,2873455464.0
2023,4,Maluku Utara,841445342360.41,186499962540.41,654945379820.0,672002067420.12,142842310026.16
2023,4,NTB,1759042430225.3,785979889822.35,973052307135.0,1086925727627.6,58564043820.0
2023,4,NTT,1561593878385.1,494402006284.09,1066448906354.0,776612317779.0,19968649343.0
2023,4,Papua,783672368456.07,411696293811.07,340791481696.0,578088032117.0,94350000.0
2023,4,Papua Barat,571114280723.0,176726588194.0,394050342529.0,296746133347.0,555246761.0
2023,4,Papua Barat Daya,457517539670.0,527393870.0,434490145800.0,157148263054.0,4166000.0
2023,4,Papua Pegunungan,222665835200.0,378288000.0,222285947200.0,33040980791.0,59500000.0
2023,4,Papua Selatan,304318066959.0,362485409.0,299955581550.0,3693250384.0,0.0
2023,4,Papua Tengah,318581478330.0,56693868630.0,261619609700.0,23219362830.0,2894939710.0
2023,4,Riau,2662526972985.4,1649717042611.4,1010790780374.0,2206201413247.0,182297974917.0
2023,4,Sulawesi Barat,589877003738.65,135148575069.65,454178229645.0,369413293636.0,21915075297.0
2023,4,Sulawesi Selatan,3110183511042.0,1777666707951.0,1329832919897.0,1740219882245.8,64062178494.0
2023,4,Sulawesi Tengah,1317195640709.2,500692714254.24,814341499279.0,698343310590.54,55553275306.19
2023,4,Sulawesi Tenggara,1473343099646.2,532269428529.19,940139897517.0,796753515194.0,53486773268.0
2023,4,Sulawesi Utara,993795341831.86,511800464947.86,481834925082.0,836074008293.0,39115118480.0
2023,4,Sumatera Barat,1996986175498.3,980901104241.3,987787531757.0,1044573619629.0,34669146779.0
2023,4,Sumatera Selatan,2860906355525.0,1455702150281.0,1405064771568.0,1415799676954.3,38370060099.31
2023,4,Sumatera Utara,4185173737409.5,2419373887222.5,1756981332675.0,3462068121821.4,233682598893.85
2023,5,Aceh,3389175185774.1,1148170773804.6,2237473451076.0,2035716422520.5,138667900193.17
2023,5,Bali,2243206251354.1,1494919232171.1,748285392683.0,1664680834874.0,260221643302.0
2023,5,Bangka Belitung,791384819269.76,329313021076.76,462071798193.0,613732401429.0,45159137976.0
2023,5,Banten,3682595483624.9,2695271018280.9,987324465344.0,2695676497829.3,56860099359.0
2023,5,Bengkulu,888861882133.36,327148421163.36,561713460970.0,769068610134.93,44178910932.79
2023,5,DI Yogyakarta,1738773510011.3,843414898414.32,893203846177.0,1224519185684.2,124167528073.0
2023,5,DKI Jakarta,16447014766884.0,12262983736704.0,4165245775000.0,11416466004193.0,138904887790.0
2023,5,Gorontalo,527936625353.0,169959008538.0,357977616815.0,421868999051.0,4060845435.0
2023,5,Jambi,1383036450771.3,747645057970.34,635391392801.0,896100973625.0,156948627550.0
2023,5,Jawa Barat,10940264047861.0,7700708396042.8,3239555651818.0,7266730577546.0,290727431575.0
2023,5,Jawa Tengah,8263032136314.0,5337947637699.0,2925082498615.0,6915827095429.0,133917597939.0
2023,5,Jawa Timur,9427588404158.5,6945649135917.6,2471926334493.0,5320249596028.3,45651517283.0
2023,5,Kalimantan Barat,2038418840031.2,1119326739094.2,919072780937.0,1404876468667.8,149774852249.0
2023,5,Kalimantan Selatan,3372157403767.3,1606376865729.3,1763971676847.0,2064573298105.2,174331549514.0
2023,5,Kalimantan Tengah,2171450230039.6,812743294146.11,1352568070396.0,1198893094381.0,301566279697.0
2023,5,Kalimantan Timur,5881455092965.5,3328253409547.5,2478998543418.0,3771697951240.4,348110260584.5
2023,5,Kalimantan Utara,935647772409.44,313450419171.44,621835272651.0,504987296864.0,78088107149.0
2023,5,Kepulauan Riau,1115097875077.4,530289621686.44,584808253391.0,875651024524.87,30769736581.98
2023,5,Lampung,1929974601202.4,1210456651704.4,710992192900.0,1285572111848.0,62424237331.0
2023,5,Maluku,705258177358.01,214231748569.01,491026428789.0,555175138491.06,2873455464.0
2023,5,Maluku Utara,841445342360.41,186499962540.41,654945379820.0,672002067420.12,142842310026.16
2023,5,NTB,1759042430225.4,785979889822.35,973052307135.0,1086925727627.6,58564043820.0
2023,5,NTT,1561593878385.1,494402006284.09,1066448906354.0,776612317779.0,19968649343.0
2023,5,Papua,783672368456.07,411696293811.07,340791481696.0,578088032117.0,94350000.0
2023,5,Papua Barat,571114280723.0,176726588194.0,394050342529.0,296746133347.0,555246761.0
2023,5,Papua Barat Daya,457517539670.0,527393870.0,434490145800.0,157148263054.0,4166000.0
2023,5,Papua Pegunungan,222665835200.0,378288000.0,222285947200.0,33040980791.0,59500000.0
2023,5,Papua Selatan,304318066959.0,362485409.0,299955581550.0,3693250384.0,0.0
2023,5,Papua Tengah,318581478330.0,56693868630.0,261619609700.0,23219362830.0,2894939710.0
2023,5,Riau,2662526972985.4,1649717042611.4,1010790780374.0,2206201413247.0,182297974917.0
2023,5,Sulawesi Barat,589877003738.65,135148575069.65,454178229645.0,369413293636.0,21915075297.0
2023,5,Sulawesi Selatan,3110183511042.0,1777666707951.0,1329832919897.0,1740219882245.8,64062178494.0
2023,5,Sulawesi Tengah,1317195640709.2,500692714254.24,814341499279.0,698343310590.54,55553275306.19
2023,5,Sulawesi Tenggara,1473343099646.2,532269428529.19,940139897517.0,796753515194.0,53486773268.0
2023,5,Sulawesi Utara,993795341831.86,511800464947.86,481834925082.0,836074008293.0,39115118480.0
2023,5,Sumatera Barat,1996986175498.3,980901104241.3,987787531757.0,1044573619629.0,34669146779.0
2023,5,Sumatera Selatan,2860906355525.0,1455702150281.0,1405064771568.0,1415799676954.3,38370060099.31
2023,5,Sumatera Utara,4185173737409.5,2419373887222.5,1756981332675.0,3462068121821.4,233682598893.85
2023,6,Aceh,3799745056681.4,1339897789936.9,2455411589761.0,2790344835472.1,231265443833.62
2023,6,Bali,2791861682519.7,1826106505332.7,965752971687.0,2208901749508.0,325757168768.0
2023,6,Bangka Belitung,951302988410.22,398608757417.22,552694230993.0,895163024050.0,64018216699.0
2023,6,Banten,4584410688765.6,3260488473583.6,1323922215182.0,3430264279334.4,89733643485.0
2023,6,Bengkulu,981447316231.36,392799665918.36,588063235313.0,1029337038061.8,65751171281.79
2023,6,DI Yogyakarta,1926044507714.7,994269783717.72,929301483577.0,1790632307640.2,179294208951.0
2023,6,DKI Jakarta,26619418805704.0,19377456392524.0,7223177158000.0,15789947032109.0,349474604740.0
2023,6,Gorontalo,681706747606.0,202194844141.0,479511903465.0,596125396678.32,22570220987.0
2023,6,Jambi,1854605257737.0,875370022433.0,978386085304.0,1092072584211.0,177397333494.0
2023,6,Jawa Barat,14301292733751.0,9896174913686.0,4340517269274.0,11979998141954.0,684005063690.0
2023,6,Jawa Tengah,9586306743981.0,6403531025537.0,3171035468444.0,8777595905782.0,230642143232.0
2023,6,Jawa Timur,12209822480015.0,8458018152678.2,3734474929247.0,6896996391172.3,162054694339.0
2023,6,Kalimantan Barat,2457611309815.2,1334824306178.2,1122571213637.0,1897107524848.8,253275243812.0
2023,6,Kalimantan Selatan,4051024926902.4,1944535237970.4,2102872796764.0,3261276899688.9,289741764945.0
2023,6,Kalimantan Tengah,2421063470702.6,976490609309.11,1437272895896.0,1586562818359.0,351098892517.0
2023,6,Kalimantan Timur,6811292403053.6,4112646830044.6,2623032693009.0,5065044696576.9,598269351438.5
2023,6,Kalimantan Utara,1126290936904.4,376526131116.43,749402725201.0,730609404811.0,108107617064.0
2023,6,Kepulauan Riau,1466583317092.4,672643827267.35,793939489825.0,1200719360805.7,81390937903.38
2023,6,Lampung,2337465315419.8,1448883124767.8,876105046750.0,1706416965906.6,109581124148.38
2023,6,Maluku,898458772254.99,250897084517.99,647561687737.0,857953251840.21,29316663480.15
2023,6,Maluku Utara,1176631583582.3,227809455562.26,948822128020.0,1015390657258.1,217125745686.16
2023,6,NTB,2164864422693.7,964950602204.7,1199903587221.0,1540532569365.6,106072520213.0
2023,6,NTT,1752459591848.0,564914274146.97,1186690526954.0,1106953337552.0,98260735402.0
2023,6,Papua,855136097902.63,449404141165.63,374450780788.0,767931244094.5,3074203669.0
2023,6,Papua Barat,810272908984.3,209935984433.3,599902829551.0,1045313093981.0,97898111493.0
2023,6,Papua Barat Daya,469684635214.0,746642214.0,438937993000.0,377218713376.0,4171484050.0
2023,6,Papua Pegunungan,224114348600.0,378288000.0,223734460600.0,146650360067.0,28005397000.0
2023,6,Papua Selatan,308003920856.0,647984806.0,303355936050.0,32522834154.0,2223683672.0
2023,6,Papua Tengah,342222334288.0,67063450138.0,274837284150.0,89355783988.0,10775381859.0
2023,6,Riau,3299706389168.5,1970507637076.5,1325962107092.0,2892886749680.0,315277353749.0
2023,6,Sulawesi Barat,735203332875.51,181907197051.51,552134980112.0,555837867560.0,33219154525.0
2023,6,Sulawesi Selatan,3771225524712.1,2085972691475.1,1680075827547.0,2662937910255.8,131898327339.0
2023,6,Sulawesi Tengah,1646478016801.6,599186032906.65,1045078216719.0,989808711858.63,82961055775.19
2023,6,Sulawesi Tenggara,1800472762582.4,679601501572.44,1119937487410.0,1207453654313.0,183988411302.0
2023,6,Sulawesi Utara,1250421972021.9,593290891674.86,656971128545.0,1185012919163.0,72245221076.0
2023,6,Sumatera Barat,2481375741903.1,1135158890696.1,1317174539207.0,1502128763517.0,90736185898.0
2023,6,Sumatera Selatan,3706662762743.3,2022756293649.3,1683767035418.0,1866926578170.3,140400164557.31
2023,6,Sumatera Utara,5018862520474.7,2890348459862.7,2118239711100.0,4768808427127.8,376136923031.24
2023,7,Aceh,4540747820645.6,1626590615701.2,2908216629961.0,3749398802048.5,335558037369.57
2023,7,Bali,3501725332794.2,2276003033376.3,1225719121918.0,2924159431114.6,394449883374.9
2023,7,Bangka Belitung,1133816316694.8,497474114601.82,636342202093.0,1097838784535.0,96413083661.0
2023,7,Banten,5900147548642.4,4107137319409.4,1789630279233.0,4613422119996.8,199841483161.0
2023,7,Bengkulu,1311138432116.2,502559980503.25,807994036613.0,1293416140752.1,91683432891.79
2023,7,DI Yogyakarta,2556215484620.9,1229790823498.9,1322568505702.0,2361876641241.2,205154397398.0
2023,7,DKI Jakarta,31002722958999.0,23760760545819.0,7223177158000.0,20391681067761.0,751038419670.0
2023,7,Gorontalo,944850988183.0,257695136335.0,686641537465.0,818214187068.32,42823089966.0
2023,7,Jambi,2221499306341.0,1084730093887.0,1135778537454.0,1520458578093.0,282110161752.0
2023,7,Jawa Barat,14303323074551.0,9898205254486.0,4340517269274.0,14628310275628.0,855301341357.0
2023,7,Jawa Tengah,13437336120517.0,8265054887576.0,5158558757941.0,11929342783826.0,660971063756.0
2023,7,Jawa Timur,14987675290189.0,10836958270020.0,4127011580747.0,11658536765399.0,257264070922.0
2023,7,Kalimantan Barat,3079900545671.3,1665270280584.3,1413825065087.0,2364233769000.6,343502672151.0
2023,7,Kalimantan Selatan,5280517695770.1,2373279146762.1,2902918162114.0,3805961169287.0,457328823390.1
2023,7,Kalimantan Tengah,3306423765077.8,1220728598307.3,2076239668476.0,1977996410340.0,431582997463.0
2023,7,Kalimantan Timur,7785865535813.0,4966820989277.0,2741219279536.0,6714037347284.9,973786745721.5
2023,7,Kalimantan Utara,1292475264548.2,442946168260.17,849110029701.0,941087155233.0,135953194852.0
2023,7,Kepulauan Riau,1817207637684.0,827156918109.01,989411359575.0,1663952388276.6,113605306375.06
2023,7,Lampung,3187958495171.6,1829967898570.6,1336347510750.0,2358883998187.6,158623442702.38
2023,7,Maluku,1313647108096.6,289974510589.58,1023522747507.0,1093676660857.7,61100936847.3
2023,7,Maluku Utara,1424382665943.6,257696948811.63,1166685717132.0,1272931171740.1,257681724897.16
2023,7,NTB,2716677240829.6,1243470902230.6,1473196105331.0,2069375872416.9,149922579197.0
2023,7,NTT,2685652304252.4,747434341228.42,1937183252267.0,1595070848666.0,129250310771.0
2023,7,Papua,1261699993943.4,504533350126.39,725739004768.0,991388339651.19,11839698311.83
2023,7,Papua Barat,1577252750860.3,210043659693.3,1366774996167.0,1381546175846.0,124725644456.0
2023,7,Papua Barat Daya,873008412985.0,953690685.0,842054722300.0,412465335193.0,4899169330.0
2023,7,Papua Pegunungan,586285075550.0,378288000.0,585905187550.0,189115155971.0,31100773200.0
2023,7,Papua Selatan,491559663760.0,988134850.0,486571528910.0,80598045392.0,9119973958.0
2023,7,Papua Tengah,611405611125.0,78441227665.0,529581633460.0,271318921530.0,17462590234.0
2023,7,Riau,4048673108575.0,2433621608233.0,1610594990342.0,3806405493335.0,507693212527.0
2023,7,Sulawesi Barat,958216594488.45,233078917684.45,723623736112.0,728596722029.0,52034719099.0
2023,7,Sulawesi Selatan,4870154440175.4,2641068655958.4,2222100282297.0,3499975377035.8,197167010754.0
2023,7,Sulawesi Tengah,1987367186627.7,756542649895.67,1227423127916.0,1296963669437.5,102158155786.19
2023,7,Sulawesi Tenggara,2129910229693.1,807443998933.09,1321532457160.0,1607372055708.0,279679270701.0
2023,7,Sulawesi Utara,1563888288343.0,741163666456.99,822065468084.0,1446390380890.0,94208149751.0
2023,7,Sumatera Barat,3244035536084.1,1448843441195.1,1755076216389.0,1915758001171.0,163091381047.0
2023,7,Sumatera Selatan,4745961669438.5,2499598886600.5,2244351722662.0,2807929836311.5,245680179383.01
2023,7,Sumatera Utara,6510262676399.8,3651001467355.8,2847055459532.0,6063436976881.7,534165754336.17
2023,8,Aceh,4907579760231.5,1873270066287.1,3028182394461.0,4553549740412.3,518281236279.26
2023,8,Bali,4041902675014.9,2700787239273.9,1338080958241.0,3422795466948.0,486033686638.9
2023,8,Bangka Belitung,1480806257553.8,579866958460.84,900939299093.0,1314586111424.0,161776830778.0
2023,8,Banten,6632172494261.6,4760419114778.6,1867890579483.0,5470903904570.7,359749043423.0
2023,8,Bengkulu,1607582680366.9,588105317503.9,1018892947863.0,1548451370119.4,144669348795.8
2023,8,DI Yogyakarta,2860501573486.4,1406922109764.4,1448390533302.0,2678891675744.2,258664405147.0
2023,8,DKI Jakarta,34900429718965.0,27651378113285.0,7223196430500.0,24698046205453.0,1287327577060.0
2023,8,Gorontalo,1046275725058.8,299548578466.8,746212832209.0,960179265058.32,59594738877.0
2023,8,Jambi,2476548022987.4,1231239124557.4,1225235666954.0,2007955556609.0,372048563841.0
2023,8,Jawa Barat,14306973807491.0,9901855987426.0,4340517269274.0,16788687445880.0,1027747971135.0
2023,8,Jawa Tengah,14904489687186.0,9415983821295.0,5472827015891.0,14189256031215.0,773150334549.0
2023,8,Jawa Timur,17744950850340.0,12447863600292.0,5268489814947.0,13668078742644.0,405034819891.0
2023,8,Kalimantan Barat,3716142429238.2,1902130583795.2,1812813705443.0,3036148318011.6,533118296015.0
2023,8,Kalimantan Selatan,5753262147744.2,2751041589303.2,2997202231364.0,4303390786411.4,595639478647.1
2023,8,Kalimantan Tengah,3656434350254.1,1431402647233.6,2214240814726.0,2675054531817.0,604967294279.0
2023,8,Kalimantan Timur,10118182387489.0,5751909101659.1,4283377058886.0,8258296685766.3,1323313505873.0
2023,8,Kalimantan Utara,1594752058703.2,530915391065.17,1063360158051.0,1196555234595.2,196362778240.0
2023,8,Kepulauan Riau,2191394850104.9,959517116529.85,1231131813575.0,1926996003476.6,181063188595.13
2023,8,Lampung,3567801173839.9,2090341515008.9,1448961722804.0,2929179099496.5,279768720696.55
2023,8,Maluku,1492281861225.5,363824081468.49,1128307929757.0,1385841692461.2,157157116299.3
2023,8,Maluku Utara,1514593883540.1,293701996592.07,1220891886948.0,1539198808637.6,339111853153.86
2023,8,NTB,3219654890479.8,1438153579737.8,1781491077474.0,2435752131731.8,201060472710.0
2023,8,NTT,2901216473623.3,833129757596.33,2066708505270.0,1864035434755.5,191011923001.5
2023,8,Papua,1831479020056.9,1048815377897.9,751100786110.0,1472157397773.6,41003764360.62
2023,8,Papua Barat,1679819749674.3,232417787889.3,1446948802535.0,1906823223964.0,168699976898.0
2023,8,Papua Barat Daya,987885542680.0,10211796336.0,947673746344.0,752441077859.0,37226074881.0
2023,8,Papua Pegunungan,681149316550.0,378288000.0,680769428550.0,391925775252.36,137303300029.36
2023,8,Papua Selatan,535196598606.0,1358584946.0,529838013660.0,144564731535.0,34146186406.0
2023,8,Papua Tengah,1012465057102.0,94134199513.0,568433187210.0,404575900538.0,49612762353.0
2023,8,Riau,4687279998081.3,2837466023689.3,1844291914392.0,4893378633406.0,737022669749.0
2023,8,Sulawesi Barat,1069363007660.6,259722903245.55,807916016328.0,908424790970.0,92270596478.0
2023,8,Sulawesi Selatan,5471939785131.0,2997818995929.0,2466557490047.0,4472123031183.3,318780228987.0
2023,8,Sulawesi Tengah,2527623670033.1,930919877401.15,1593064640816.0,1843464761852.4,180499465219.43
2023,8,Sulawesi Tenggara,2537602813958.0,914366271548.0,1622302768810.0,2112993201800.0,353043185807.0
2023,8,Sulawesi Utara,1766920194983.6,845115397914.65,921073715267.0,1678918482586.0,118457197761.0
2023,8,Sumatera Barat,3638887499034.5,1648697105745.5,1949957604789.0,2522953869079.0,243758255573.0
2023,8,Sumatera Selatan,5229636333951.0,2862862185186.0,2361283165412.0,3518585589735.1,388425661457.29
2023,8,Sumatera Utara,7462796562544.6,4211947679118.6,3238145283914.0,6968017052673.0,882100134170.1
2023,9,Aceh,6797939801579.4,2069106526350.5,4722497175796.0,5328045294357.8,626342366356.68
2023,9,Bali,4558153470354.0,3048692759960.0,1505992332894.0,3888762390428.7,542450769561.9
2023,9,Bangka Belitung,1632827328542.2,657776138184.16,975051190358.0,1554400525868.0,189287889589.0
2023,9,Banten,7581408873787.0,5421893632254.0,2155169591533.0,6168997090570.7,440056662604.0
2023,9,Bengkulu,1848400280953.9,660169086152.9,1187354572301.0,1733963650565.3,170075818326.8
2023,9,DI Yogyakarta,3236224856386.6,1598892951935.6,1630827294031.0,3042026241432.2,327270992436.0
2023,9,DKI Jakarta,41944207139723.0,31936328162043.0,9981013812500.0,29367024953062.0,1924566591515.0
2023,9,Gorontalo,1198703098543.8,330261110943.8,867607793035.0,1062268272978.2,81697858628.91
2023,9,Jambi,2860007453431.4,1388550332518.4,1451100839437.0,2445694412989.0,497775060661.0
2023,9,Jawa Barat,14311178944721.0,9906061124656.0,4340517269274.0,18734238419798.0,1147929608878.0
2023,9,Jawa Tengah,16573027326747.0,10603550818106.0,5951841283641.0,15888343331402.0,892528476787.0
2023,9,Jawa Timur,20793103450351.0,14006905008247.0,6755126401297.0,15779043765339.0,696206043954.0
2023,9,Kalimantan Barat,4116629770899.5,2117381367004.5,1997657323895.0,3515104719830.6,666193415700.0
2023,9,Kalimantan Selatan,6440038719164.6,3129109232159.6,3289870343814.0,4968185400782.3,687308351106.1
2023,9,Kalimantan Tengah,4231763020738.5,1634328819441.0,2585861693003.0,3078373768093.9,718809531252.0
2023,9,Kalimantan Timur,11638710984167.0,6622055809983.3,4615462817342.0,9722736318481.9,1762321639682.0
2023,9,Kalimantan Utara,1833467189156.5,608821113263.5,1224111535341.0,1377163048839.2,236612830831.0
2023,9,Kepulauan Riau,2467361193508.5,1123996926638.5,1342511786870.0,2155686607902.8,207151282587.12
2023,9,Lampung,4318987599711.8,2425455922946.8,1862228229488.0,3572837625776.4,425827910223.55
2023,9,Maluku,1970849151137.8,402318946734.84,1568305429403.0,1554488615125.2,197088867112.3
2023,9,Maluku Utara,1831120234155.9,364662295107.86,1466457939048.0,1809398487015.0,434372775748.06
2023,9,NTB,3598326420024.0,1635850093768.0,1962466092988.0,2792213299775.9,246611619511.0
2023,9,NTT,3321596462808.0,918994697388.98,2400384138970.0,2140288901552.5,252042578760.5
2023,9,Papua,1995848035344.8,1096547933680.8,867634511615.0,1830828538611.0,76916327938.2
2023,9,Papua Barat,1705289942878.3,256536471193.3,1448300312435.0,3116114239116.0,271590269018.0
2023,9,Papua Barat Daya,1066230039329.0,20141747335.0,1016088291994.0,879141102444.25,101909177997.0
2023,9,Papua Pegunungan,1125314173160.0,378288000.0,1124934285160.0,472660496908.86,163288248682.86
2023,9,Papua Selatan,626114649221.0,1705750161.0,610408899060.0,226228838881.0,78884558060.0
2023,9,Papua Tengah,1314354556788.0,306836466449.0,657533569960.0,546485973525.0,58341861196.0
2023,9,Riau,5478592397269.2,3167789054289.2,2304551447980.0,5687104038125.0,933906363954.0
2023,9,Sulawesi Barat,1179244977072.3,283970203113.31,893143764121.0,1030637927105.0,132342022604.0
2023,9,Sulawesi Selatan,6061267514840.6,3345757621129.6,2706793739647.0,5152633747631.9,451861872801.39
2023,9,Sulawesi Tengah,2811437142278.2,1060274920096.2,1746999534171.0,2084482982418.5,211256333647.43
2023,9,Sulawesi Tenggara,2966619169722.9,1104350539511.9,1860725395211.0,2417033351470.0,429199859446.0
2023,9,Sulawesi Utara,2005087124012.3,953653178967.27,1050695239243.0,1915215245232.0,172982920754.0
2023,9,Sumatera Barat,4109047657011.2,1837724826860.2,2230338699151.0,2900686513818.0,308425953525.0
2023,9,Sumatera Selatan,6085339945892.4,3377789310627.4,2701435776412.0,4584066218327.5,609633433283.28
2023,9,Sumatera Utara,8343721646288.0,4705189062897.0,3625346133879.0,7755148700028.9,1093235655745.0
2023,10,Aceh,7481195370341.6,2349790672633.7,5125068064975.0,6355318949378.5,826447705199.24
2023,10,Bali,5173167892377.0,3498984735705.0,1670281879172.0,4364996659279.9,629646291803.9
2023,10,Bangka Belitung,1927197286815.2,764342656385.22,1162854630430.0,1735500608593.0,223733331359.0
2023,10,Banten,8668703417945.4,6288829850423.4,2375045067522.0,6928919326192.4,607558796225.75
2023,10,Bengkulu,2223472927363.9,783044076240.9,1439552228623.0,1942148343697.3,219389550182.8
2023,10,DI Yogyakarta,3691683796042.7,1826526897948.6,1858318647674.0,3623200641211.7,402752896569.0
2023,10,DKI Jakarta,46785106116223.0,35875174927543.0,10882056033500.0,34385510132529.0,2698260619575.0
2023,10,Gorontalo,1392903000240.8,382869316887.76,1009199488788.0,1278287279662.2,122436104143.91
2023,10,Jambi,3374663384764.7,1578933836555.7,1775373266733.0,2871974066920.0,629557462729.0
2023,10,Jawa Barat,15883055797453.0,11477937977388.0,4340517269274.0,21887390165565.0,1347660279652.0
2023,10,Jawa Tengah,19303359234327.0,12367258351685.0,6916494282642.0,17521834997241.0,1071833654621.0
2023,10,Jawa Timur,24460376135837.0,16380375941665.0,8046553222745.0,17382371809985.0,857919595185.0
2023,10,Kalimantan Barat,4794910791956.6,2438479046653.6,2354840665303.0,4010806397267.6,837809669893.0
2023,10,Kalimantan Selatan,7937287377279.2,3584909312299.2,4314893483279.0,5813074117765.2,874880441744.1
2023,10,Kalimantan Tengah,5165173032463.9,1877322598524.4,3275227805645.0,3495692187375.9,840446757739.0
2023,10,Kalimantan Timur,13757141750501.0,7572944019136.5,5781341134523.0,12260375236993.0,2291717161809.7
2023,10,Kalimantan Utara,2154035467391.1,685080131787.11,1468358277638.0,1609676640284.1,292465453251.0
2023,10,Kepulauan Riau,2929721371498.6,1312148234641.6,1616614096857.0,2492383624784.1,284909196219.13
2023,10,Lampung,5043430268973.5,2794606277312.5,2216659901134.0,4094045880840.7,551148243574.84
2023,10,Maluku,2225321446500.7,471248886897.66,1753847784603.0,1794437813366.3,275342989085.3
2023,10,Maluku Utara,2029181940955.9,402084618246.93,1627097322709.0,2035914581563.4,500724870469.06
2023,10,NTB,4303906143820.4,1910968847852.4,2391525062660.0,3379068973873.4,307762885806.5
2023,10,NTT,3749627122552.8,1084099279566.8,2662962816537.0,2542402213116.9,341051998604.5
2023,10,Papua,2274800699735.8,1214328265745.8,1028687263829.0,2179933295533.4,113815820004.89
2023,10,Papua Barat,1918773317119.3,293993056423.3,1624327101446.0,3335212992008.0,332621964368.0
2023,10,Papua Barat Daya,1423867994577.0,30478389033.0,1363389605544.0,993530905454.95,140486175601.7
2023,10,Papua Pegunungan,1243807090438.0,27122970528.0,1211682519910.0,697007012329.79,276618046274.79
2023,10,Papua Selatan,767256453437.0,12472381477.0,740784071960.0,386583163279.0,142968730296.0
2023,10,Papua Tengah,1548226865763.0,363850168874.0,834337026510.0,736804829137.0,102364818147.0
2023,10,Riau,6597136425420.3,3679619745777.3,2910539729643.0,6474161441152.0,1166496998093.0
2023,10,Sulawesi Barat,1576365568325.3,337410608575.31,1236702849174.0,1223292773000.0,183111481254.0
2023,10,Sulawesi Selatan,7140438702433.0,3877978898597.0,3252971567922.0,5804552113594.4,532240763802.39
2023,10,Sulawesi Tengah,3422852630507.3,1230628270647.3,2187769188849.0,2563297141383.8,297203514262.14
2023,10,Sulawesi Tenggara,3547609639802.3,1213229156829.3,2332837247973.0,2730336233016.0,556345225025.0
2023,10,Sulawesi Utara,2417759055188.5,1056148008236.5,1360655733150.0,2179085991779.0,216487607914.0
2023,10,Sumatera Barat,4826044088341.0,2115736106590.1,2668996873251.0,3274378745688.0,404132066469.0
2023,10,Sumatera Selatan,7624768370533.5,3772281343698.5,3846060230232.0,5572158995753.8,714975437606.28
2023,10,Sumatera Utara,9562368938435.0,5420707012961.0,4127992625962.0,8759244242715.4,1459553577661.7
2023,11,Aceh,9376471108816.5,2506601657193.6,6863218540570.0,7520954243436.9,999529761154.24
2023,11,Bali,5825088970180.7,3886700281810.7,1934054510870.0,5202232866870.8,692589241510.9
2023,11,Bangka Belitung,2167279992637.6,837675559571.62,1329604433066.0,2198556588019.0,290900920536.0
2023,11,Banten,9726787900513.9,6944992731036.9,2776483819477.0,8641253381490.9,845173114710.23
2023,11,Bengkulu,2434130841478.9,858030314805.9,1575223904173.0,2294827333386.7,297372434749.8
2023,11,DI Yogyakarta,4278752203518.9,1989958262083.9,2280959201999.0,4148799845995.7,512558354003.0
2023,11,DKI Jakarta,57088033274994.0,39766673599814.0,17292474530000.0,42674049575929.0,3922641901817.0
2023,11,Gorontalo,1515760054533.8,412253112070.76,1102672747898.0,1463573894586.6,147847662377.91
2023,11,Jambi,3770788172644.3,1736669752785.3,2013479088383.0,3429345010121.0,726519094592.0
2023,11,Jawa Barat,26013309679730.0,20414638613454.0,5534070515485.0,24491728992583.0,1498982706947.0
2023,11,Jawa Tengah,20917063644531.0,13526612855282.0,7368887814249.0,20078214824158.0,1262977796943.0
2023,11,Jawa Timur,26991400727092.0,17995377486087.0,8960241240201.0,21523706516117.0,1160998760263.0
2023,11,Kalimantan Barat,5225055882947.6,2673868759692.6,2549203103255.0,4836496127836.5,976988433138.0
2023,11,Kalimantan Selatan,8563199561925.0,4001539404038.0,4523509282246.0,7205092695647.2,1150355891242.1
2023,11,Kalimantan Tengah,5704354335973.4,2090128480928.9,3599407596750.0,4294365865042.9,1025735864818.0
2023,11,Kalimantan Timur,14285136059492.0,8100938328127.5,5781341134523.0,13710497303677.0,2842227383327.7
2023,11,Kalimantan Utara,2408673943879.7,790628783350.66,1617384859563.0,2002286507134.5,380866798148.0
2023,11,Kepulauan Riau,3225239815909.9,1459079477131.9,1765094738778.0,3086653861260.3,360311797646.83
2023,11,Lampung,5511985269050.1,3011386521288.1,2466289333600.0,4827703570227.4,768681153641.4
2023,11,Maluku,2435868259947.9,513658766852.92,1921984718095.0,2103187786058.3,341878494630.3
2023,11,Maluku Utara,2194901109722.1,414461960389.11,1780439149333.0,2285098186924.4,554589169616.06
2023,11,NTB,4873816523153.6,2266658605698.6,2605745684147.0,3926461624264.1,355435725962.5
2023,11,NTT,4036041764896.2,1172174115698.2,2861160497749.0,2851652517369.9,382695116643.5
2023,11,Papua,2884440660136.8,1261919300364.8,1590582368321.0,2933500210752.1,170926187451.4
2023,11,Papua Barat,2426335029428.3,294008167423.3,2131873702755.0,3661714016499.0,446301399777.0
2023,11,Papua Barat Daya,2045847802701.0,39871414601.0,1974613188100.0,1318538579363.2,202377055874.77
2023,11,Papua Pegunungan,1755417244428.0,27122970528.0,1723292673900.0,981645637442.42,408817567657.42
2023,11,Papua Selatan,1212812900285.0,12992382135.0,1175782609650.0,550659424115.0,198852979100.0
2023,11,Papua Tengah,1548226865763.0,363850168874.0,834337026510.0,736804829137.0,102364818147.0
2023,11,Riau,7282387725578.0,4028460511980.0,3246210948598.0,7431170349485.0,1360232840516.0
2023,11,Sulawesi Barat,1684177113776.3,362732332312.31,1318880990371.0,1411834163890.0,236681402612.0
2023,11,Sulawesi Selatan,7743385132810.2,4227395076666.2,3504220580850.0,6744637241288.3,610228861453.39
2023,11,Sulawesi Tengah,3677207741639.8,1355815222718.8,2316693639910.0,3169487536872.3,430270195073.92
2023,11,Sulawesi Tenggara,3778797329861.1,1329752860243.1,2447501234618.0,3315142131685.0,726546285503.0
2023,11,Sulawesi Utara,2706992306414.0,1215442818511.0,1490473333101.0,2569324565480.0,288606858774.0
2023,11,Sumatera Barat,5193486819941.0,2302111291256.0,2849759060685.0,3897659667021.0,502801993575.0
2023,11,Sumatera Selatan,8386702951872.8,4289684166337.8,4090280051182.0,6794530317112.8,924238113848.63
2023,11,Sumatera Utara,10448061206462.0,5918720434492.7,4515188622457.0,9920754550044.2,1670094451089.5
2023,12,Aceh,10216314903979.0,2786591350745.6,7425442195283.0,10489045298734.0,1608543335667.4
2023,12,Bali,6334801892401.6,4293687115981.6,2035914798920.0,5951088810929.2,887106308053.99
2023,12,Bangka Belitung,2343159116813.2,942244720053.21,1400914396760.0,3010348935897.0,573537999406.0
2023,12,Banten,10775404950380.0,7785573384748.6,2984037365631.0,10748357472418.0,1503128370864.2
2023,12,Bengkulu,2817950121343.6,938699634491.65,1878081656852.0,2923281043408.6,563603519386.8
2023,12,DI Yogyakarta,4609261603617.9,2205548888028.9,2395253801153.0,5314326681288.4,707266880049.0
2023,12,DKI Jakarta,66231173287384.0,44312573704896.0,20152445762034.0,61338688261517.0,8748473486785.0
2023,12,Gorontalo,1712523887319.7,470851220125.68,1231380326086.0,1799474521621.7,227925891005.51
2023,12,Jambi,4351138643399.9,1938980250402.6,2379490974976.4,4549999865198.0,979704645306.0
2023,12,Jawa Barat,32991080497046.0,22678456420738.0,10170326116670.0,32679127875275.0,2392382732282.0
2023,12,Jawa Tengah,23418859558821.0,15354121433392.0,7986721202121.0,24146114520354.0,1711903619371.0
2023,12,Jawa Timur,30081917798397.0,20322564839599.0,9721103541470.0,30241653025885.0,2589471803742.7
2023,12,Kalimantan Barat,5972169146560.8,3000758713998.8,2911149607298.0,6360454033459.1,1381915658296.6
2023,12,Kalimantan Selatan,9444191448766.1,4499217832794.0,4886273445931.0,8808872537204.7,1966732214036.7
2023,12,Kalimantan Tengah,6463573909419.5,2416994020310.0,4031002108915.0,5831767678307.4,1478639326167.0
2023,12,Kalimantan Timur,16840885064282.0,9635873672771.5,6797505528669.0,18499947826904.0,4740627131159.2
2023,12,Kalimantan Utara,2844832480872.9,907311769091.9,1931598892815.0,3013743686545.8,618270847186.0
2023,12,Kepulauan Riau,3866751901526.2,1669080159043.2,2196393022483.0,3981178790741.1,601335959896.26
2023,12,Lampung,6516635126927.1,3461360002545.1,3018188690754.0,6402446701933.6,1140273129201.0
2023,12,Maluku,2764589851989.1,577668138446.15,2186622013543.0,2775600417620.6,495393746058.41
2023,12,Maluku Utara,2996636801344.0,758168498469.01,2238257928043.0,2903457356895.0,668550269272.04
2023,12,NTB,5453415740380.4,2568222972144.4,2882068464418.0,5081535565147.2,513867447065.5
2023,12,NTT,4413325232173.6,1332053880269.6,3078227500455.0,4159891453202.8,610383862010.5
2023,12,Papua,3347261776638.0,736735048356.05,2092773907629.0,4815544459534.8,493111652569.8
2023,12,Papua Barat,3609556854634.1,530335919164.13,3077692982470.0,5095112928706.8,1044620070388.0
2023,12,Papua Barat Daya,2232820155084.0,74725801184.0,2122501553900.0,2225759771508.6,659307880520.88
2023,12,Papua Pegunungan,1916302355269.4,85868487901.39,1812345376350.0,1795961350697.5,802280193528.56
2023,12,Papua Selatan,1450809887747.1,133243224583.0,1292952123664.0,1190311777521.0,434474174288.0
2023,12,Papua Tengah,2341378302380.8,520740406479.82,1460238960922.0,2084891910481.8,609912892765.0
2023,12,Riau,9184418138301.7,5376425650756.7,3799501907545.0,9867684585857.0,2009492924307.0
2023,12,Sulawesi Barat,1932010663497.8,438353624525.81,1490627775557.0,1885292965048.0,410727792069.0
2023,12,Sulawesi Selatan,9014823789853.0,4834732234028.0,4167611906491.0,8790308691466.9,936994073316.39
2023,12,Sulawesi Tengah,4308233171844.0,1580999185028.0,2721658427255.0,4596049709978.9,813523659892.96
2023,12,Sulawesi Tenggara,4346975747041.8,1496601676152.8,2848331048289.0,4642404287216.0,1202683035404.0
2023,12,Sulawesi Utara,3363221482738.4,1363138758706.4,1998838183230.0,3166739057273.0,413966339027.0
2023,12,Sumatera Barat,5935235653526.0,2596583642391.0,3296728725635.0,5808384845778.0,959129374754.0
2023,12,Sumatera Selatan,9336279409648.0,4828127949885.0,4504268773087.0,8480326211918.8,1165173103232.0
2023,12,Sumatera Utara,11988177534660.0,6723939606644.2,5175289076057.0,12951391976974.0,2564573489653.0
2024,1,Aceh,739138924411.28,258890127317.78,480121407800.0,123210703452.42,0.0
2024,1,Bali,722512579270.98,337390558470.98,385122020800.0,205465432193.46,2437820505.0
2024,1,Bangka Belitung,229630306680.15,65449077480.15,164181229200.0,64690455885.0,0.0
2024,1,Banten,1210472133167.7,666327163767.74,544144969400.0,504350944464.0,0.0
2024,1,Bengkulu,271480876571.0,82732520571.0,188748356000.0,135625080559.0,0.0
2024,1,DI Yogyakarta,526564270368.09,182752158568.09,343444441800.0,72347938392.0,0.0
2024,1,DKI Jakarta,3010577198116.0,3009741912116.0,835286000.0,1555023296803.0,980729500.0
2024,1,Gorontalo,211994687521.17,38266586121.17,173728101400.0,102420379666.0,43576000.0
2024,1,Jambi,264853878490.29,153524639551.29,111320689400.0,53495300419.0,0.0
2024,1,Jawa Barat,5996767458324.0,3338727339277.0,2649033829038.0,1448470666925.0,7048712234.0
2024,1,Jawa Tengah,2829434783559.0,1184683674985.0,1644748101000.0,1620371768615.0,1085912217.0
2024,1,Jawa Timur,2317338189397.3,1621213137081.5,693861443200.0,481143814281.0,376517917.0
2024,1,Kalimantan Barat,685658028940.16,237104733340.16,448553295600.0,125481468918.0,1977466101.0
2024,1,Kalimantan Selatan,1131181675065.3,397496563976.33,733154693000.0,783519184235.47,4887350571.0
2024,1,Kalimantan Tengah,694929941245.43,204680384545.15,488509153200.0,59080271134.0,0.0
2024,1,Kalimantan Timur,2021923842978.8,809837091578.8,1210268671400.0,231186142039.36,6218322474.0
2024,1,Kalimantan Utara,357221874902.81,80419442594.81,276599997600.0,87781620854.0,0.0
2024,1,Kepulauan Riau,323989816256.3,145914654056.3,178075162200.0,56730416011.0,7912500.0
2024,1,Lampung,351518811186.89,217763966786.89,133260164400.0,99550383282.0,46980785.0
2024,1,Maluku,342357912646.35,40237701599.35,302120211047.0,61724100285.0,14296000.0
2024,1,Maluku Utara,0.0,0.0,0.0,0.0,0.0
2024,1,NTB,508426791784.76,193922879784.76,314503912000.0,145813124670.44,3036000.0
2024,1,NTT,607478965943.03,75855117543.03,531485973400.0,104568986097.0,299959224.0
2024,1,Papua,120208692287.39,45599602737.39,74455619000.0,70495516947.0,0.0
2024,1,Papua Barat,945352229603.0,27046702803.0,918234046800.0,24221302506.0,0.0
2024,1,Papua Barat Daya,115473183997.0,23960888947.0,91512295050.0,8048450471.0,0.0
2024,1,Papua Pegunungan,0.0,0.0,0.0,0.0,0.0
2024,1,Papua Selatan,35134161541.0,356457541.0,34777704000.0,8479903816.0,0.0
2024,1,Papua Tengah,181838325827.0,38146547827.0,143593028000.0,6438646535.0,0.0
2024,1,Riau,581047478602.16,360071369002.16,220504829600.0,200684001366.0,0.0
2024,1,Sulawesi Barat,172994818315.0,30770618466.0,142065483600.0,39105856223.0,293549666.0
2024,1,Sulawesi Selatan,876318226543.75,359717302880.75,516398285483.0,211433219945.0,106893250.0
2024,1,Sulawesi Tengah,362959036499.23,101695525699.23,261205195800.0,22711280.0,0.0
2024,1,Sulawesi Tenggara,436162667260.36,118333553460.36,317829113800.0,22696276551.0,0.0
2024,1,Sulawesi Utara,348025170731.05,100918021619.05,247107149112.0,128711645520.0,0.0
2024,1,Sumatera Barat,683486159850.9,191561251050.9,491803234800.0,114172172997.0,628894600.0
2024,1,Sumatera Selatan,962599569629.47,378244734829.47,584354834800.0,133071711749.0,0.0
2024,1,Sumatera Utara,627243803864.14,415696523439.14,206840174400.0,385212780724.67,0.0
2024,2,Aceh,1049778839630.2,399114057388.89,650376969400.0,245254137515.99,0.0
2024,2,Bali,1121565550255.2,628246803455.23,493318746800.0,565872377061.81,20974339182.03
2024,2,Bangka Belitung,359502046525.57,121135138062.57,238366908463.0,135635097535.0,0.0
2024,2,Banten,1869962345502.2,1243001725102.2,626960620400.0,1022524375442.0,202027500.0
2024,2,Bengkulu,409535863585.51,132472444785.51,277063418800.0,245529256514.0,4414469818.0
2024,2,DI Yogyakarta,791070009826.87,337042104026.87,453381985800.0,231168209905.7,4415334604.0
2024,2,DKI Jakarta,5737444607253.0,5733401530253.0,4043077000.0,3789065728016.0,-10241519785.0
2024,2,Gorontalo,327676902081.17,76731923681.17,250944978400.0,218436260574.0,269491080.0
2024,2,Jambi,625869138803.41,304033171864.41,321823487400.0,228291402890.35,90506890101.0
2024,2,Jawa Barat,8607643657316.0,5645764347946.0,2950473632638.0,2927923736035.0,63784375762.0
2024,2,Jawa Tengah,4568786203473.0,2621569511385.0,1947211931500.0,3009560643852.0,5711852740.0
2024,2,Jawa Timur,4197542605020.7,3072960824703.4,1121918017000.0,1171054783186.0,7352081677.0
2024,2,Kalimantan Barat,1110119271571.2,540246931701.2,569847339870.0,292038878817.4,11377026900.0
2024,2,Kalimantan Selatan,1709640951626.2,799747357010.16,908976829200.0,1223357795301.9,133084463022.0
2024,2,Kalimantan Tengah,987740166198.78,392135014498.5,593281448200.0,314852898531.53,139406713129.0
2024,2,Kalimantan Timur,2971478139235.4,1556980679035.4,1411334660200.0,1068936663396.5,17437109085.0
2024,2,Kalimantan Utara,495188469074.83,141054969863.83,353926690200.0,183834666973.0,2318902700.0
2024,2,Kepulauan Riau,646589547528.78,264541079872.78,382048467656.0,193929072118.0,1434916020.0
2024,2,Lampung,813239016245.4,412040567045.4,400183169200.0,445168505692.5,14756821365.0
2024,2,Maluku,604198181212.84,75202252365.84,528995928847.0,182606211773.15,14296000.0
2024,2,Maluku Utara,0.0,0.0,0.0,0.0,0.0
2024,2,NTB,931628131942.42,365311153892.42,566131334000.0,342793122062.59,3397732752.0
2024,2,NTT,817736735214.83,142770997814.83,674676962400.0,202683789873.0,770238147.0
2024,2,Papua,161913445944.08,87223156394.08,74455619000.0,386619452232.16,0.0
2024,2,Papua Barat,1274290997478.0,54329382828.0,1219742599650.0,99466998025.0,0.0
2024,2,Papua Barat Daya,204560259098.67,33996373448.67,170563885650.0,17945113130.0,0.0
2024,2,Papua Pegunungan,0.0,0.0,0.0,0.0,0.0
2024,2,Papua Selatan,118834866539.0,14466254539.0,104333112000.0,21042153529.0,0.0
2024,2,Papua Tengah,216691368219.0,72931240219.0,143593028000.0,91456627295.0,3467368000.0
2024,2,Riau,1060398665973.4,670484767532.42,389049178441.0,553196548315.0,1145794270.0
2024,2,Sulawesi Barat,267568535127.0,54267411390.0,213085916600.0,197591683930.0,23471082696.0
2024,2,Sulawesi Selatan,1511497784536.2,673064314406.18,838020535600.0,632188749607.0,375767334.0
2024,2,Sulawesi Tengah,592631125415.49,203877930215.49,388639944600.0,197730542176.0,32410627638.0
2024,2,Sulawesi Tenggara,758634788633.13,219356704833.13,539278083800.0,273281417286.0,14063950.0
2024,2,Sulawesi Utara,626186981145.97,269072257409.97,357114723736.0,292215340903.0,576621100.0
2024,2,Sumatera Barat,978910736725.9,340356546925.9,638346427800.0,287774166645.0,2702919906.0
2024,2,Sumatera Selatan,1577914380948.9,705346227548.92,872568153400.0,739914007218.0,482572500.0
2024,2,Sumatera Utara,1709052377749.9,1103661021375.9,599977172750.0,756928040060.96,3400418600.0
2024,3,Aceh,1460490036934.1,595261948342.79,864932075750.0,679402815734.98,2438846031.0
2024,3,Bali,1888117262640.2,1221090605973.2,667026656667.0,1029682509133.2,118647485495.03
2024,3,Bangka Belitung,568552916706.56,191532633766.56,377020282940.0,405050800986.91,888926250.0
2024,3,Banten,2907479390540.4,1905819850252.4,1001659540288.0,1945300640364.0,31655793933.0
2024,3,Bengkulu,635373268696.51,225386354753.51,409986913943.0,529747143858.0,16968926956.0
2024,3,DI Yogyakarta,1306194716991.8,611230204545.8,693869396836.0,706074709000.2,33772229595.0
2024,3,DKI Jakarta,9935042594993.0,8739012188993.0,1196030406000.0,7386266891261.0,93416209089.0
2024,3,Gorontalo,441280323929.17,111924229058.17,329356094871.0,376817996545.0,5616071080.0
2024,3,Jambi,887049798528.86,466104796425.86,420921929728.0,564241859122.35,134098099363.0
2024,3,Jawa Barat,11211456187331.0,7221902020916.0,3978148489683.0,6126881770660.0,138269527835.0
2024,3,Jawa Tengah,6232578681662.0,3728793367994.0,2503409410612.0,4949792443725.0,80189486877.0
2024,3,Jawa Timur,7301606650411.2,5023608186852.9,2275078661397.0,2664227984476.0,39746117730.0
2024,3,Kalimantan Barat,1609094658252.8,750799265682.84,858270392570.0,626505462973.4,60426464547.0
2024,3,Kalimantan Selatan,2320330753372.2,1159656257245.2,1159355546068.0,1921472449264.4,343041029595.0
2024,3,Kalimantan Tengah,1422654707151.3,591149413684.99,827859564966.0,1059333503316.9,550919485850.0
2024,3,Kalimantan Timur,3996462066173.2,2307639027329.2,1684271233844.0,2289487211398.4,158697753861.0
2024,3,Kalimantan Utara,721843439510.23,213244429839.23,508368199506.0,378649588547.92,11218498540.0
2024,3,Kepulauan Riau,897514997272.86,398623168036.86,498891829236.0,626709222204.95,12061596050.0
2024,3,Lampung,1340184474310.9,742537167960.91,595870738350.0,990758404830.9,91329050137.0
2024,3,Maluku,765037112358.99,108545509922.99,656491602436.0,334145555551.15,1141921900.0
2024,3,Maluku Utara,0.0,0.0,0.0,0.0,0.0
2024,3,NTB,1382322823396.0,532615706859.96,849521472486.0,753199669189.04,19811924070.0
2024,3,NTT,1054154253260.5,214740987745.49,839007740515.0,462816584320.25,2330593857.0
2024,3,Papua,422668288483.83,178460397478.83,228880320455.0,529964018538.91,0.0
2024,3,Papua Barat,1439605834660.0,116298623788.03,1322965920872.0,217978764452.0,2250946501.0
2024,3,Papua Barat Daya,284918980132.73,44483818351.73,240435161781.0,56273458749.0,0.0
2024,3,Papua Pegunungan,0.0,0.0,0.0,0.0,0.0
2024,3,Papua Selatan,170963721653.0,14990612192.0,155937609461.0,46629723650.0,0.0
2024,3,Papua Tengah,363761760197.0,110556626447.0,252967133750.0,177538208771.0,3467368000.0
2024,3,Riau,1791696504418.1,984255435025.14,806135409393.0,1046101242886.0,17931481165.0
2024,3,Sulawesi Barat,361937159034.05,71208965791.05,290457887967.0,280011540532.0,27369287005.0
2024,3,Sulawesi Selatan,2186767219312.3,999722038328.33,1186500375339.0,1381265033059.4,44159035995.0
2024,3,Sulawesi Tengah,1074037971821.4,327612595642.39,746246632304.0,480415842565.75,105359314818.0
2024,3,Sulawesi Tenggara,1076610288614.0,320320263534.0,756290025080.0,390134742959.0,6357764224.0
2024,3,Sulawesi Utara,841955546241.91,358265865159.91,483671864082.0,493620812757.0,5095150947.0
2024,3,Sumatera Barat,1308360240562.1,509609834708.06,792851505854.0,591499691869.48,18249981666.0
2024,3,Sumatera Selatan,2235981439277.7,1102207383340.7,1133774055937.0,1344796877825.9,36448514618.0
2024,3,Sumatera Utara,3026371401060.1,1568088246799.1,1452318711637.0,1657024219070.4,43159636484.59
2024,4,Aceh,3257733041151.7,936281044410.4,2321145800900.0,1577442756018.7,73771393512.0
2024,4,Bali,2501904026871.7,1727577474604.7,774326552267.0,1537749209198.1,143548945459.77
2024,4,Bangka Belitung,800201393066.26,295912504126.26,504288888940.0,598153742184.91,1611282550.0
2024,4,Banten,4009599467145.3,2840098936357.3,1169500530788.0,2703793966394.0,66202023310.0
2024,4,Bengkulu,935920748279.71,355198727836.71,580722020443.0,801354198333.36,32527536275.0
2024,4,DI Yogyakarta,1676491654365.2,873711093169.17,801420615586.0,1052721749722.6,61145544969.0
2024,4,DKI Jakarta,16472783494804.0,12122334703804.0,4350448791000.0,12453084813841.0,298799141494.0
2024,4,Gorontalo,632447528525.17,179708272066.17,452739256459.0,534721005457.9,6345290557.0
2024,4,Jambi,1234702935326.6,695842408226.33,538805255930.0,1103526198791.3,188283587672.0
2024,4,Jawa Barat,12894943274632.0,8461832279451.0,4421705318449.0,8282714544077.0,297841934380.0
2024,4,Jawa Tengah,8791874738897.0,5914581638937.0,2876917196904.0,6867281147470.0,163161672923.0
2024,4,Jawa Timur,10692172535972.0,7683176340279.4,3005671005097.0,4477644653081.0,57777750307.0
2024,4,Kalimantan Barat,2158272118042.5,1150491356421.6,1007755761621.0,1050271564887.0,87370532016.0
2024,4,Kalimantan Selatan,3454935010162.8,1525008617441.8,1928226052818.0,2548338788683.8,489700234462.0
2024,4,Kalimantan Tengah,2149829164455.8,862576484812.49,1282338351143.0,1604664300338.1,601160582790.94
2024,4,Kalimantan Timur,6266999896373.5,3333641987029.5,2927385544344.0,3899314411952.3,345733675292.5
2024,4,Kalimantan Utara,1076473634481.3,341046124558.25,735063497163.0,569024138688.92,15484067819.0
2024,4,Kepulauan Riau,1227707725801.9,607605534465.93,620102191336.0,1003809231447.9,24817999015.0
2024,4,Lampung,2041996712192.7,1235654177342.7,803799308850.0,1648224607592.3,129644773574.0
2024,4,Maluku,1018864706360.3,199759338428.34,819105367932.0,591011071590.65,7394161223.0
2024,4,Maluku Utara,0.0,0.0,0.0,0.0,0.0
2024,4,NTB,1944560543620.5,849278411334.49,1095096488236.0,1077545767845.5,37511870515.0
2024,4,NTT,1606159403024.0,454951180224.96,1150685197799.0,713308367677.25,2606587397.0
2024,4,Papua,502786376918.83,253560278126.83,230334779205.0,702812882339.28,0.0
2024,4,Papua Barat,1521839962815.0,158269755743.03,1363119467072.0,547649545304.0,5382629510.0
2024,4,Papua Barat Daya,348929856187.32,53383322756.32,290546533431.0,110199463287.0,0.0
2024,4,Papua Pegunungan,0.0,0.0,0.0,0.0,0.0
2024,4,Papua Selatan,236468451722.0,44788586561.0,191549965161.0,117820709632.0,997521540.0
2024,4,Papua Tengah,1423857077642.0,162100355323.0,422750145000.0,290066885113.0,10570443500.0
2024,4,Riau,2773563323474.5,1512885444816.4,1258989548658.0,2038908492288.0,89679980864.0
2024,4,Sulawesi Barat,584418957674.62,141395695934.62,442647216644.0,457025439851.0,36823436011.0
2024,4,Sulawesi Selatan,3200677162880.8,1623028914785.8,1575816978514.0,2126569112683.3,157105389714.89
2024,4,Sulawesi Tengah,1531161930730.9,539299111406.92,991404277504.0,867774592649.75,137330947135.0
2024,4,Sulawesi Tenggara,1480263375390.8,410589347960.8,1069541584730.0,664914089677.96,25649731468.0
2024,4,Sulawesi Utara,1223533453596.1,590352291697.12,633163344899.0,773515782241.0,7876333465.0
2024,4,Sumatera Barat,2074834932349.9,980613466295.91,1088247212054.0,1024514825126.9,37587667324.0
2024,4,Sumatera Selatan,3277124562466.1,1698836926011.1,1578287636455.0,2075806644714.5,108483660917.57
2024,4,Sumatera Utara,4317731863354.5,2443939118544.5,1867828302186.0,2509120128090.7,84990924259.59
2024,5,Aceh,4020053579556.8,1381099940054.4,2638532965854.0,2891192813452.7,93073268000.0
2024,5,Bali,3091928552337.1,2135914641364.1,956013910973.0,2176684843570.4,153229472454.77
2024,5,Bangka Belitung,1013910063806.4,357296194386.37,656613869420.0,920664013428.91,30461856550.0
2024,5,Banten,4844258127471.6,3548610124683.6,1295648002788.0,3659674181731.0,102774183777.0
2024,5,Bengkulu,1132181594475.0,412307511993.97,719874082481.0,1007955253620.4,57386472822.0
2024,5,DI Yogyakarta,3080444464712.6,1044255141084.6,2033795000428.0,1604806217299.0,86812667127.0
2024,5,DKI Jakarta,19901932219155.0,15135646758155.0,4766285461000.0,16871591408915.0,761677575159.0
2024,5,Gorontalo,779179968427.46,213818341618.46,565361626809.0,710426658099.9,7360802755.0
2024,5,Jambi,1576167395142.9,838675869178.25,737429309941.0,1526367304461.8,252546609314.0
2024,5,Jawa Barat,17702988552423.0,11927766463942.0,5763816411749.0,12208796394854.0,426712016370.0
2024,5,Jawa Tengah,10736139801853.0,7151078260794.0,3584545638003.0,9593839271774.0,398783097344.0
2024,5,Jawa Timur,12877091208691.0,9291099571289.5,3581950806847.0,9821327887822.4,152857029391.0
2024,5,Kalimantan Barat,2595934175687.0,1379454160066.0,1216455015621.0,1874485381010.8,122693418210.0
2024,5,Kalimantan Selatan,4003801690722.1,1907616049473.1,2093956958418.0,3925774674736.8,741636552761.0
2024,5,Kalimantan Tengah,3156656174800.7,1070378118597.4,2080403377703.0,2190169410317.4,718921312436.94
2024,5,Kalimantan Timur,9094013053998.8,4126213811760.8,4960023832238.0,5349987219505.3,537423422403.2
2024,5,Kalimantan Utara,1278003380637.7,403412205395.68,873313892863.0,848980372729.52,36680123106.0
2024,5,Kepulauan Riau,1501964806180.2,756374684301.22,745590121879.0,1455411450169.9,34577758915.0
2024,5,Lampung,2555244517269.5,1492652547697.5,1058881951572.0,2274401923898.4,168699102868.0
2024,5,Maluku,1289682433380.8,279178767403.83,1010503665977.0,816647641120.06,12571695400.0
2024,5,Maluku Utara,0.0,0.0,0.0,0.0,0.0
2024,5,NTB,2578655357404.9,1358117637318.9,1220352076036.0,1843706768461.4,61280289663.0
2024,5,NTT,1822915851282.4,531694292950.37,1290562858332.0,1006481049933.5,20904316886.0
2024,5,Papua,782284063570.83,311215918495.83,404725120205.0,819058440901.28,228800000.0
2024,5,Papua Barat,1575996631262.0,180262158478.03,1395174947784.0,762681665598.0,8574829116.0
2024,5,Papua Barat Daya,413440966928.32,71561180247.32,335085786681.0,151082193568.0,33750000.0
2024,5,Papua Pegunungan,0.0,0.0,0.0,0.0,0.0
2024,5,Papua Selatan,304508762456.74,64481439295.74,239871823161.0,165981166757.0,3515962840.0
2024,5,Papua Tengah,1913924140374.0,238442525655.0,836408787400.0,410709124768.0,15747627733.0
2024,5,Riau,3878724872759.7,2331771015539.7,1544744667220.0,2880038893567.5,206197889287.0
2024,5,Sulawesi Barat,709836032670.27,191668881846.27,517731186998.0,596459889567.0,43284525928.0
2024,5,Sulawesi Selatan,3994864706495.4,2116152382930.4,1876651928264.0,3130163809300.6,185950052072.89
2024,5,Sulawesi Tengah,1914033930804.3,704548402560.29,1208985606424.0,1450325629421.0,199079787320.0
2024,5,Sulawesi Tenggara,1743186744958.3,560726639618.31,1182327662640.0,1214437197561.6,85930543623.0
2024,5,Sulawesi Utara,1466143502784.1,691824243216.12,774301442568.0,1077557009232.0,14265663780.0
2024,5,Sumatera Barat,2466426785947.4,1176505708907.4,1265907949040.0,1708787975123.9,71725495242.0
2024,5,Sumatera Selatan,3945303297348.4,2047797921582.4,1897505375766.0,2998190387507.8,206328938493.46
2024,5,Sumatera Utara,4996068469291.6,2885803678535.6,2104300348132.0,3690975906592.2,129367826025.16
2024,6,Aceh,4648412043129.1,1578980453436.7,3069010916044.0,3709199301989.0,112992971337.16
2024,6,Bali,3701205022643.2,2518964381157.2,1182240641486.0,2940223202128.2,182238977693.03
2024,6,Bangka Belitung,1264843448305.2,410344860296.17,854498588009.0,1080505682468.9,33555452333.0
2024,6,Banten,5909601776521.6,4147054030644.6,1762547745877.0,4780210163603.0,184726272210.0
2024,6,Bengkulu,1253262508001.7,296772637055.71,956489870946.0,1314679475284.0,74171025558.0
2024,6,DI Yogyakarta,3435731583011.1,1199345289378.1,2233721449013.0,2256211346268.4,155865347221.0
2024,6,DKI Jakarta,28116176431672.0,19231595322341.0,8884581109331.0,24587126932699.0,1145025564682.0
2024,6,Gorontalo,732134875559.0,191711770359.0,540423105200.0,684079697608.9,7642476755.0
2024,6,Jambi,2104353665487.9,963260685361.02,1141048457529.0,1936128470856.2,405526417184.0
2024,6,Jawa Barat,17600318459996.0,11743575322310.0,5856743137686.0,14950750167627.0,515639741751.0
2024,6,Jawa Tengah,12677767444057.0,8273090825498.0,4404160715503.0,11396769481353.0,494769975484.0
2024,6,Jawa Timur,15711934252121.0,10887513607686.0,4820256339261.0,12354600393131.0,232034344710.0
2024,6,Kalimantan Barat,3037580502560.0,1598217867816.0,1439337634744.0,2429035704280.8,145113555652.0
2024,6,Kalimantan Selatan,4868887607135.2,2704321452839.2,2162032570172.0,4845432784285.4,998326484900.0
2024,6,Kalimantan Tengah,3837407580073.2,1420971927445.9,2409763874127.0,2939204819981.0,902766243048.6
2024,6,Kalimantan Timur,10017382400927.0,4874443212191.8,5133575513735.0,7689045852007.6,804020579279.92
2024,6,Kalimantan Utara,1365726200240.3,372285313975.26,992145108253.0,954304322759.0,62359922378.0
2024,6,Kepulauan Riau,1760088382141.0,845355441497.0,914732940644.0,1624172930414.7,44042622787.0
2024,6,Lampung,3101090856489.0,1683418175063.0,1416344394426.0,2780700836639.4,185308516845.2
2024,6,Maluku,1455879325248.4,311348452410.36,1144530872838.0,1195733959464.0,41549374792.0
2024,6,Maluku Utara,1757770446320.4,455736352532.36,1302026152911.0,1113608763271.0,57379603443.0
2024,6,NTB,2903397757441.6,1281261279775.6,1621950833616.0,2493385212288.8,108907895081.0
2024,6,NTT,2354674996776.3,620929122330.31,1732992317979.0,1681865582830.4,40979323339.0
2024,6,Papua,1252391700700.8,334953345531.83,824840017750.0,1040812016325.3,6606717470.0
2024,6,Papua Barat,1679823521073.8,149531003387.81,1529777527686.0,1153006503137.0,49561901955.0
2024,6,Papua Barat Daya,751511861822.0,78877357058.0,665840504764.0,248449847861.5,735265320.0
2024,6,Papua Pegunungan,0.0,0.0,0.0,0.0,0.0
2024,6,Papua Selatan,401499580772.74,66490254499.74,326031062368.0,271754210455.0,32817084782.0
2024,6,Papua Tengah,1381901086480.0,121426814161.0,421778395000.0,794085193740.0,72922890742.0
2024,6,Riau,4639306829880.8,2589757765706.8,2047302809254.0,3989195028268.0,401457512967.0
2024,6,Sulawesi Barat,764565265346.0,212884502174.0,551506541582.0,693457847854.0,50327582708.0
2024,6,Sulawesi Selatan,4745024985543.6,2472496383794.6,2270219954964.0,3957378636395.3,303930415200.89
2024,6,Sulawesi Tengah,2597916109509.1,872671564195.07,1724542776944.0,1916988019894.7,235244749068.0
2024,6,Sulawesi Tenggara,2027637431471.0,596567219083.0,1430799605688.0,1627904398713.0,117398317315.0
2024,6,Sulawesi Utara,1550622256924.3,730748720493.33,819805748431.0,1395017553204.0,25687849719.0
2024,6,Sumatera Barat,3024904845205.9,1351261537071.9,1647377420134.0,2480798736791.9,151172990542.0
2024,6,Sumatera Selatan,4969094453596.7,2423547300214.7,2545547153382.0,3832067901267.2,257477153113.46
2024,6,Sumatera Utara,6248613679289.7,3462855796271.7,2779793440394.0,5028758658127.5,424281926597.19
2024,7,Aceh,6946721006798.1,1930793266755.7,5015428266394.0,4742240500030.1,233246425540.27
2024,7,Bali,4316845161047.8,3015998937064.8,1300846223983.0,3577743891543.4,223193094306.88
2024,7,Bangka Belitung,1471995993384.3,506457614788.27,965538378596.0,1276024556266.4,50274144737.0
2024,7,Banten,6970681820750.1,5033456348123.1,1937225472627.0,5867649273929.0,224281471904.0
2024,7,Bengkulu,1734088565133.0,611099735792.97,1122988829340.0,1687883243371.8,116069883508.0
2024,7,DI Yogyakarta,3809029978278.0,1431015846427.0,2374890751621.0,2934898130631.5,179299018076.0
2024,7,DKI Jakarta,34454301071777.0,25490558340777.0,8963742731000.0,29272056355853.0,1551600248728.0
2024,7,Gorontalo,1065931213322.3,307569019533.32,758186861182.0,1071798173939.3,37569966171.94
2024,7,Jambi,2619950815055.5,1179362050520.8,1439416834341.0,2418848601345.7,464342920577.92
2024,7,Jawa Barat,24591742799729.0,16367459881069.0,8212877241928.0,18640693210069.0,731449751299.0
2024,7,Jawa Tengah,15066958992839.0,10146851078175.0,4919592011608.0,14652013710171.0,622515311250.0
2024,7,Jawa Timur,20003078519546.0,13358248783788.0,6640095577261.0,16572751216753.0,359736242303.0
2024,7,Kalimantan Barat,3673058323999.4,1948208993495.4,1724403418504.0,2749802450172.7,241820606384.0
2024,7,Kalimantan Selatan,6458157745109.7,2905874282180.7,3549155261056.0,5676278205455.4,1357617335188.0
2024,7,Kalimantan Tengah,4766839070491.9,1550611012014.6,3118212374977.0,3546363486175.7,1062125055317.0
2024,7,Kalimantan Timur,13337103478191.0,6005901534902.1,7320061773289.0,8934173905055.0,1272084046417.0
2024,7,Kalimantan Utara,1881270568053.3,588415209906.33,1291578075768.0,1421148634771.7,100052141764.09
2024,7,Kepulauan Riau,2166032798892.6,1105976098192.6,1060056700700.0,2117623625532.2,74260987894.58
2024,7,Lampung,3788299994290.3,2138356612825.3,1643877545465.0,3501034373049.8,209681383175.2
2024,7,Maluku,1816934325632.9,383001249143.89,1433933076489.0,1574985913673.0,53780661748.0
2024,7,Maluku Utara,1757770446320.4,455736352532.36,1302026152911.0,1113608763271.0,57379603443.0
2024,7,NTB,3777747524842.8,1910156283053.8,1867405597739.0,3240717820128.1,147272783121.0
2024,7,NTT,2740196253317.5,838827796627.49,1900440717690.0,1992153246991.8,101296955557.32
2024,7,Papua,1302700078762.8,385259575593.83,824840017750.0,1153629382014.9,7269807470.0
2024,7,Papua Barat,2301101341700.4,236282037207.35,2064149484493.0,1437018722344.0,111259553222.0
2024,7,Papua Barat Daya,876942681006.32,135187835242.32,734960845764.0,345386255944.5,3677672202.0
2024,7,Papua Pegunungan,0.0,0.0,0.0,0.0,0.0
2024,7,Papua Selatan,745992238897.74,97909172382.74,647875916515.0,372869256090.5,40093530484.0
2024,7,Papua Tengah,2347465209301.0,333533708860.0,1174724823122.0,1071883888050.2,158193570913.0
2024,7,Riau,5498582354363.2,3225723335460.2,2267986801903.0,4868956009506.6,622772698767.48
2024,7,Sulawesi Barat,1050244912784.2,283559014680.21,766130241875.0,938022266048.0,60614176466.0
2024,7,Sulawesi Selatan,5562463128556.2,2833898314579.2,2717097060608.0,5076143108882.9,354833336174.89
2024,7,Sulawesi Tengah,3089312604217.5,1066844789755.5,2021002961592.0,2305119928159.8,299223202732.0
2024,7,Sulawesi Tenggara,2608755525937.3,872547580477.31,1735937338760.0,2036215623873.0,190731418737.0
2024,7,Sulawesi Utara,2047522388062.2,952850181221.2,1094604418841.0,1694748002387.0,42329413648.0
2024,7,Sumatera Barat,3493809789449.3,1661181833914.3,1804525557535.0,2785715634062.4,144223975449.0
2024,7,Sumatera Selatan,5640939782686.9,2974415066705.9,2666524715981.0,4716335838047.8,322232202842.46
2024,7,Sumatera Utara,7255674563329.5,4211718503812.5,3037991616893.0,6669856166841.2,524381669772.36
2024,8,Aceh,7587099446802.5,2110101736673.1,5475420923127.0,6352644592783.2,297375786862.04
2024,8,Bali,5115409355425.2,3476877594567.2,1635180951858.0,4295056462281.5,291433368568.88
2024,8,Bangka Belitung,1620951422704.1,571990697693.09,1048960725011.0,1430974958650.4,67606600661.0
2024,8,Banten,8130202654889.1,5723256997644.1,2403194497245.0,6639365218388.0,309818667492.0
2024,8,Bengkulu,1940641100255.5,682464892525.52,1258176207730.0,1859442655380.8,154707281119.0
2024,8,DI Yogyakarta,4275222038902.0,1636294904378.0,2633345689294.0,3326804134119.9,245780988199.0
2024,8,DKI Jakarta,42479066885817.0,33462567954817.0,9016498931000.0,33141160129723.0,2323263769895.0
2024,8,Gorontalo,1226960518810.3,343616313875.32,882859832328.0,1190554092780.5,49963610427.94
2024,8,Jambi,3036212518169.4,1324699453746.8,1698355472590.0,2764815217706.2,563214250280.92
2024,8,Jawa Barat,36104197699020.0,25770333430876.0,10322458591412.0,22337207846113.0,943252927955.0
2024,8,Jawa Tengah,17678927535643.0,11307825780558.0,6353523604029.0,17406863747690.0,1006857074598.0
2024,8,Jawa Timur,22316367766512.0,15222797205279.0,7079110499883.0,18768930866937.0,496336539005.0
2024,8,Kalimantan Barat,4279689923426.2,2182458923708.2,2096364175718.0,3587683166817.7,349000423917.0
2024,8,Kalimantan Selatan,7091124929871.3,3335504571675.3,3739781825798.0,6862077942843.5,1589375872762.0
2024,8,Kalimantan Tengah,5135354488778.0,1768676098601.7,3266849912676.0,4165199116689.1,1229660909609.0
2024,8,Kalimantan Timur,14430936187183.0,6849443635467.8,7568676321715.0,10499402521773.0,1661702868573.7
2024,8,Kalimantan Utara,2286966038773.4,665738659628.39,1619950096766.0,1729657304506.7,175422473606.09
2024,8,Kepulauan Riau,2557396058839.1,1253537280134.1,1303858778705.0,2453611161541.1,100087398028.58
2024,8,Lampung,4493863682462.4,2393785852254.4,2073167854320.0,4263240299818.4,291629116128.39
2024,8,Maluku,2028975023059.4,420917169925.35,1608057853134.0,1779248259430.5,103041079847.0
2024,8,Maluku Utara,2541006897052.5,623859176546.48,1917015035091.0,2047272380940.1,185866098385.0
2024,8,NTB,4298909533507.2,2136252081951.2,2162471807506.0,3654228557261.3,201148292738.0
2024,8,NTT,3223756659086.4,921114933402.39,2301577011684.0,2388410981763.8,142124172527.32
2024,8,Papua,1302704488762.8,385263985593.83,824840017750.0,1306505625591.5,25101263739.52
2024,8,Papua Barat,3003985904179.4,255829521176.35,2747292479003.0,2248605070439.0,183613520436.0
2024,8,Papua Barat Daya,967951570156.45,156970201086.45,799187369070.0,510164796092.63,34444612522.95
2024,8,Papua Pegunungan,0.0,0.0,0.0,0.0,0.0
2024,8,Papua Selatan,807247547666.74,124260701151.74,682653620515.0,559359754643.5,69992835313.0
2024,8,Papua Tengah,2427252785821.0,373372254380.0,1214595904122.0,1329265635585.2,196027862580.0
2024,8,Riau,6360540637116.5,3609320251288.5,2745572787828.0,5950869190569.4,850166571815.24
2024,8,Sulawesi Barat,1298868980166.0,318598277177.01,979406696712.0,1102633785857.8,95268274803.0
2024,8,Sulawesi Selatan,6615095335485.8,3410019976371.8,3190537489903.0,5809356873965.8,514775577479.87
2024,8,Sulawesi Tengah,3519867327276.7,1286927823910.7,2231235503496.0,2890137137734.0,384423760344.0
2024,8,Sulawesi Tenggara,3102336790391.1,980198797304.1,2121867386387.0,2640972335358.0,283352099699.0
2024,8,Sulawesi Utara,2354066317386.2,1063486857132.2,1289852598254.0,2008983792431.0,78422688714.0
2024,8,Sumatera Barat,4117517531868.3,1864037691039.3,2225265554829.0,3298259472933.2,216960191244.0
2024,8,Sumatera Selatan,7051273951007.6,3371621157264.6,3677643309743.0,5755735991665.3,488269658007.09
2024,8,Sumatera Utara,8749779028829.3,4740907097870.3,4000407488335.0,7549992801559.3,644660784410.42
2024,9,Aceh,8160677089183.6,2320756326989.2,5836785110992.0,7093524416157.8,375889186047.12
2024,9,Bali,5747046662178.5,3951439346701.5,1791777819477.0,4773117088816.1,336257723061.14
2024,9,Bangka Belitung,1819325909078.7,637708788679.69,1181617120399.0,1652334697620.6,94304532053.15
2024,9,Banten,9023404437026.1,6381719753663.1,2636861763363.0,7273793257675.1,389067866224.0
2024,9,Bengkulu,2226534672190.5,797490260956.52,1429044411234.0,2113475587712.8,209034662507.0
2024,9,DI Yogyakarta,4597225119130.5,1812291020448.5,2778682873452.0,3724262527214.3,315792910932.0
2024,9,DKI Jakarta,50004334943413.0,37817862674653.0,12186472268760.0,37751744134853.0,2840208019947.0
2024,9,Gorontalo,1421930798933.2,381457800869.16,1039638759055.0,1314402071102.0,74256478391.42
2024,9,Jambi,3415358619500.5,1495896183838.8,1906145917179.0,3147457568947.2,612985631138.92
2024,9,Jawa Barat,36107760441270.0,25773896173126.0,10322458591412.0,24442113201884.0,1102876387954.0
2024,9,Jawa Tengah,19348356174808.0,12477903664895.0,6850567977857.0,19116240898720.0,1133993838187.0
2024,9,Jawa Timur,25820849260389.0,16783378523986.0,9013424442018.0,20989509613646.0,745690298540.0
2024,9,Kalimantan Barat,4702803275861.8,2417478484626.8,2284037055235.0,3968355567402.1,465052182605.0
2024,9,Kalimantan Selatan,7796974545724.5,3780350047350.5,3997614888502.0,7456348087848.3,1812808943317.0
2024,9,Kalimantan Tengah,5816100211512.7,1991909134430.4,3723630831582.0,5043013609728.3,1494655276680.4
2024,9,Kalimantan Timur,17168842569332.0,7703616376503.5,9450040207828.0,11944542549673.0,2020137117159.8
2024,9,Kalimantan Utara,2688770765298.6,753706644927.61,1933687820492.0,1958468577913.3,211999244205.09
2024,9,Kepulauan Riau,2916864044531.1,1404587995476.1,1511414249055.0,2747334287800.6,113518012869.58
2024,9,Lampung,5082752987889.1,2814199913793.1,2238144603208.0,4640512421619.4,325046435769.39
2024,9,Maluku,2312783395054.2,458954020673.19,1853615590381.0,2017655782560.1,145512006603.0
2024,9,Maluku Utara,1757770446320.4,455736352532.36,1302026152911.0,1113608763271.0,57379603443.0
2024,9,NTB,4845378483914.4,2355340638871.4,2489852200993.0,4024705377297.5,228249863413.0
2024,9,NTT,3529692589688.5,1010445679599.5,2517692921039.0,2670958313864.8,177449457115.32
2024,9,Papua,1304572327644.8,386476074221.83,825429021254.0,1443837892170.7,26747615471.52
2024,9,Papua Barat,3121083279010.4,279523504555.35,2840645385455.0,2531563456327.0,254473479974.0
2024,9,Papua Barat Daya,1072415617492.5,178008728201.45,882612889291.0,643585748905.85,68793618060.95
2024,9,Papua Pegunungan,0.0,0.0,0.0,0.0,0.0
2024,9,Papua Selatan,859085137816.74,136841827176.74,721868712640.0,647274123926.11,79466862328.0
2024,9,Papua Tengah,2652973896806.0,454499245111.0,1359129224376.0,1620105953695.0,299987109107.39
2024,9,Riau,7056612136496.1,3958162787026.1,3092064100470.0,6591413807528.1,1053841422778.0
2024,9,Sulawesi Barat,1428784920400.0,356789169841.01,1071034622425.0,1210490904230.8,111872118241.0
2024,9,Sulawesi Selatan,7167731964304.9,3764613450689.9,3387941558465.0,6335927681612.9,639101781081.0
2024,9,Sulawesi Tengah,4186762049935.1,1444147467926.1,2740638268889.0,3155423566329.0,443415047781.0
2024,9,Sulawesi Tenggara,3464539633844.8,1108083122189.8,2355900854459.0,2835683008703.0,333769838925.0
2024,9,Sulawesi Utara,2677310877947.2,1167903465143.2,1508544412804.0,2243958797650.0,83084430107.0
2024,9,Sumatera Barat,4634687459783.0,2071626096778.0,2533250471005.0,3657957764152.2,270160305260.0
2024,9,Sumatera Selatan,8042923259880.3,3763248673024.3,4276995274856.0,6610324152857.6,720472519860.83
2024,9,Sumatera Utara,9456279751630.0,5179091461901.0,4268723847105.0,8444957757379.4,797572899240.71
2024,10,Aceh,9016548843730.7,2618764860334.2,6394472053194.0,7723654349691.4,437894356155.63
2024,10,Bali,6477797772584.6,4474119432653.6,1999370156931.0,5315394527364.2,383682806070.9
2024,10,Bangka Belitung,2105444320629.1,740439801611.06,1365004519018.0,1786513970443.8,110706760147.35
2024,10,Banten,10274789716046.0,7360913630804.2,2908517285242.0,8301100315499.1,521469093258.0
2024,10,Bengkulu,2591898930774.0,903269639593.05,1687536221181.0,2336535509533.6,230590428567.0
2024,10,DI Yogyakarta,5070472651218.1,2047731405699.1,3015502872289.0,4331494957679.2,394934151154.0
2024,10,DKI Jakarta,54152958393529.0,41925017984329.0,12218245109200.0,43183561208228.0,3745373933944.0
2024,10,Gorontalo,1648418242002.2,444474183971.16,1203109819022.0,1488503546952.6,116490861553.02
2024,10,Jambi,3858904218289.2,1707383644039.5,2138045223967.0,3439143122707.2,678004552754.92
2024,10,Jawa Barat,38431700108509.0,27420483691758.0,10999810740019.0,27757657353241.0,1349250675342.0
2024,10,Jawa Tengah,22389089788776.0,14638633428454.0,7728435257202.0,21499087330286.0,1243329902983.0
2024,10,Jawa Timur,29610497281446.0,19329239263497.0,10254602588819.0,25544330208162.0,957158257084.0
2024,10,Kalimantan Barat,5455937663650.5,2759502252753.5,2694726762897.0,4432142973481.1,537533438848.0
2024,10,Kalimantan Selatan,9789390833913.8,4339762758446.8,5421076331679.0,8034386250305.0,1989684367767.0
2024,10,Kalimantan Tengah,7180408268871.2,2257673363586.9,4821142141784.0,5802190389269.8,1778504154102.7
2024,10,Kalimantan Timur,19385250730868.0,8571146959138.6,10796408091729.0,13744885240743.0,2365019077959.8
2024,10,Kalimantan Utara,3047924794653.0,843364573031.95,2203089016742.0,2257743278362.9,271231687487.09
2024,10,Kepulauan Riau,3324170089268.0,1607278094073.0,1715922470195.0,3110611829250.0,155082393838.2
2024,10,Lampung,5899153053571.1,3270521972759.1,2596075484924.0,5389246305420.3,410584764819.79
2024,10,Maluku,2671598836825.5,542094299678.51,2129290753147.0,2226692849966.7,182087231399.0
2024,10,Maluku Utara,1757770446320.4,455736352532.36,1302026152911.0,1113608763271.0,57379603443.0
2024,10,NTB,5532804860076.5,2680858549859.5,2851176899402.0,4659768804886.8,304532537438.0
2024,10,NTT,4114384362995.1,1196442249708.1,2916034274237.0,3088856523863.1,255162233876.55
2024,10,Papua,1548991571390.8,439461349896.83,988840468790.0,1916618033071.6,124034283184.58
2024,10,Papua Barat,3470286811727.4,317083241885.35,3152224800842.0,2889714790111.6,373624089068.82
2024,10,Papua Barat Daya,1235350519339.4,217554085611.45,1004002433728.0,901666053609.29,137211114117.95
2024,10,Papua Pegunungan,0.0,0.0,0.0,0.0,0.0
2024,10,Papua Selatan,991580578943.74,164923212824.74,826247196119.0,871224651881.11,188410651715.0
2024,10,Papua Tengah,3492650703495.0,520242954101.0,2132962672075.0,1840724671156.6,371991890574.03
2024,10,Riau,8013176972831.9,4444585221347.9,3561683772484.0,7438880020634.8,1266954791914.0
2024,10,Sulawesi Barat,1614035200998.2,418808798075.25,1194172337288.0,1380672677056.8,139644865544.0
2024,10,Sulawesi Selatan,8071423992908.8,4167190779885.8,3867713955130.0,6961324626804.6,757034403744.0
2024,10,Sulawesi Tengah,4647203144363.8,1666824980028.8,2978255375215.0,3715122733497.7,597001508462.18
2024,10,Sulawesi Tenggara,4085153440268.8,1259293074872.8,2825304708200.0,3162437878332.0,422903426637.0
2024,10,Sulawesi Utara,3192840548911.0,1401438717765.0,1790538831146.0,2512443115188.0,128483256991.0
2024,10,Sumatera Barat,5325147628629.2,2386155960364.1,2908325284265.0,4147110168090.2,340534404330.0
2024,10,Sumatera Selatan,9023581892023.4,4155804103794.4,4864763562229.0,7364429446980.4,825707383762.33
2024,10,Sumatera Utara,10805161173848.0,5963392265216.2,4833304466008.0,9695578659717.9,1002712964118.2
2024,11,Aceh,10357493845131.0,2832780378012.4,7521225789916.0,8797896158437.9,603682227954.51
2024,11,Bali,7099070001148.8,4900230286976.8,2194046244172.0,6350560890186.5,480094161636.35
2024,11,Bangka Belitung,2275910553029.0,808821458186.0,1467089094843.0,2058001439595.6,160981468063.1
2024,11,Banten,11284870736545.0,8007645732707.6,3271330323837.0,9264423282459.7,668200471798.66
2024,11,Bengkulu,2798277299133.7,976183620060.72,1821000609073.0,2633405128001.3,302095757986.0
2024,11,DI Yogyakarta,5671712854958.3,2214621259801.3,3449203401927.0,4799796208216.6,474994584767.0
2024,11,DKI Jakarta,64246141257660.0,45741941986660.0,18493426711000.0,49752124896633.0,5424434900172.0
2024,11,Gorontalo,1803121026757.5,479199698285.45,1322696449020.0,1631112840899.3,143690394133.65
2024,11,Jambi,4209410704543.2,1860873620506.6,2334902598886.0,4028556907889.9,817375838148.7
2024,11,Jawa Barat,38432747466515.0,27421531049764.0,10999810740019.0,30323822063983.0,1522487871108.0
2024,11,Jawa Tengah,24030603893015.0,15715732665613.0,8290717343282.0,23524649598495.0,1366764263572.0
2024,11,Jawa Timur,32338167852921.0,21083670031459.0,11225355998243.0,27988038102535.0,1349296267035.5
2024,11,Kalimantan Barat,5813550029979.8,2987214622656.8,2824205847323.0,5023536392887.0,672241608566.0
2024,11,Kalimantan Selatan,10581674259978.0,4750929636842.6,5798052426728.0,8698541208458.2,2118305492986.0
2024,11,Kalimantan Tengah,7739813782110.8,2507570294960.5,5129151004424.0,7187775976576.0,2233629712956.8
2024,11,Kalimantan Timur,20296206271385.0,9353913091809.8,10922376269575.0,16090317157065.0,2997382545229.4
2024,11,Kalimantan Utara,3241593835104.1,927485286990.05,2312542438235.0,2643459218704.7,373995566716.09
2024,11,Kepulauan Riau,3653479954316.3,1754914311404.3,1897488392912.0,3502509727245.1,183140181854.44
2024,11,Lampung,6429400953569.2,3539160750597.2,2855813941084.0,6143630289767.9,519445992695.63
2024,11,Maluku,2844028901846.9,579616364926.85,2264198752920.0,2438129821204.7,230617821066.0
2024,11,Maluku Utara,1757770446320.4,455736352532.36,1302026152911.0,1113608763271.0,57379603443.0
2024,11,NTB,6078606502395.2,2994089058458.2,3083748033122.0,5219294816623.4,352903353026.0
2024,11,NTT,4410948893243.2,1277664803548.1,3130812587995.0,3468430518330.1,275636586129.55
2024,11,Papua,2032451094780.8,440283942206.83,1460176979040.0,2325988182506.5,196235510876.93
2024,11,Papua Barat,0.0,0.0,0.0,0.0,0.0
2024,11,Papua Barat Daya,1635747937143.4,239657624765.45,1375296312378.0,1140677928569.4,200766323620.95
2024,11,Papua Pegunungan,1787905155327.0,148552258619.0,1639233914708.0,1377201820805.5,240671369700.0
2024,11,Papua Selatan,1053874710392.7,177962137273.74,875457331119.0,1051569675208.1,226548702514.0
2024,11,Papua Tengah,3729082484277.0,563047122913.0,2326515384045.0,2383703663013.9,463021698668.81
2024,11,Riau,8727699906336.9,4793679600188.9,3926667317148.0,8202786460499.2,1448638188539.4
2024,11,Sulawesi Barat,1782645492957.6,446585471620.6,1334911574426.0,1539751004234.8,169580080981.0
2024,11,Sulawesi Selatan,8757204867242.1,4727210289587.1,3970767694113.0,7881610382987.9,833708354045.68
2024,11,Sulawesi Tengah,5049233032289.7,1819185631494.6,3227407883425.0,4475477162743.5,693849960304.18
2024,11,Sulawesi Tenggara,4463495949396.9,1466416716868.9,2996291558440.0,3723764414426.0,542857675235.0
2024,11,Sulawesi Utara,3392567620852.0,1502327473613.0,1889187475239.0,2920542706863.0,189132233678.0
2024,11,Sumatera Barat,5808967324424.1,2582907677408.2,3193676933016.0,5051743037162.0,438354348018.04
2024,11,Sumatera Selatan,9723695020207.8,4670141641498.8,5049869324709.0,8591817175168.8,948275017127.21
2024,11,Sumatera Utara,11625359022133.0,6465615223744.3,5149701436765.0,10826966909783.0,1201327061404.5
2024,12,Aceh,11396038068930.0,3225685925856.0,8167778560238.0,11287148887852.0,1244417671176.2
2024,12,Bali,7824598583907.8,5535429679670.8,2283418060237.0,7293051849998.1,667689607145.41
2024,12,Bangka Belitung,2421902411336.7,915106055802.72,1506796355534.0,2496106034758.8,240245372354.84
2024,12,Banten,12404003125863.0,9024828260695.9,3372744305167.0,11907894911581.0,1130629758508.4
2024,12,Bengkulu,3191854148850.3,1085297962753.3,2070332029097.0,3140472406450.4,427113855904.0
2024,12,DI Yogyakarta,6025070171261.1,2481506565559.1,3534495647472.0,5680495088297.1,659153310940.95
2024,12,DKI Jakarta,72952092296153.0,50742019272748.0,21620905241381.0,70012717839886.0,11004785255543.0
2024,12,Gorontalo,1930340243696.2,538193288200.23,1385451449664.0,1983441271724.6,220354238401.45
2024,12,Jambi,4725732848352.3,2089306166951.9,2613755920792.0,4700276275903.4,992707466246.46
2024,12,Jawa Barat,36686793694469.0,25311062568010.0,11352536350459.0,35548799933035.0,2116137579713.0
2024,12,Jawa Tengah,26378719626419.0,17650936913504.0,8701438866795.0,27187126497803.0,1733084096994.0
2024,12,Jawa Timur,35479855679111.0,23454697630042.0,11956405112483.0,34561362004718.0,2307624349231.1
2024,12,Kalimantan Barat,6461154892490.2,3369786192929.2,3088818227561.0,6355042312056.7,969813261552.07
2024,12,Kalimantan Selatan,12409733239989.0,5537675932447.7,6586357007976.0,11138572486074.0,2969369658841.2
2024,12,Kalimantan Tengah,8339316303149.0,2824009317386.7,5326975950460.0,9135574788941.9,2957791111824.9
2024,12,Kalimantan Timur,22084696501917.0,10363075183577.0,11698786393340.0,20463583151616.0,4870009542681.0
2024,12,Kalimantan Utara,3459025374471.0,1033746861868.0,2417275881907.0,3570959018593.1,706181651526.09
2024,12,Kepulauan Riau,3958295361262.7,1980461763464.7,1976533066207.0,4071747457825.3,307344075589.86
2024,12,Lampung,7451703679830.8,4039218171476.8,3375496355190.0,7506927248825.2,797024095017.75
2024,12,Maluku,3086200017578.0,652248933754.0,2429052777544.0,3042434960285.7,384445739993.0
2024,12,Maluku Utara,3913925528950.3,1082091367034.3,2831543852916.0,3796867369788.4,649395528532.0
2024,12,NTB,6621160040387.1,3293972272001.1,3322615573146.0,6524655104542.3,520804751497.51
2024,12,NTT,4834529892496.7,1451440158100.7,3380193914696.0,4734422922878.3,533959803121.55
2024,12,Papua,2032451094780.8,440283942206.83,1460176979040.0,2325988182506.5,196235510876.93
2024,12,Papua Barat,4492227105667.1,405012832037.07,4086014509630.0,4725940177378.0,722518523410.68
2024,12,Papua Barat Daya,2090963535215.0,305972224384.02,1755247396624.0,2093879541736.2,661690449521.55
2024,12,Papua Pegunungan,2202783004813.0,171257668881.0,2031398053932.0,2180787073265.8,540558529111.0
2024,12,Papua Selatan,1718411492976.7,198659034606.74,1519254644370.0,1792504653996.7,470967252245.0
2024,12,Papua Tengah,4206324912971.5,644437600762.8,2720974213562.0,3725583867579.4,914393133865.19
2024,12,Riau,9499559746229.2,5432109238736.2,4058624325493.0,9586628436630.2,1887693923021.9
2024,12,Sulawesi Barat,1917849352273.8,503897367881.79,1390839473648.0,1841274266891.9,215143171721.72
2024,12,Sulawesi Selatan,9993473327773.6,5375772310934.6,4607941482306.0,9803828749340.3,1284274501375.4
2024,12,Sulawesi Tengah,5555534543556.5,2115134617384.5,3429876216802.0,5717963449168.6,1048818023742.6
2024,12,Sulawesi Tenggara,4918052847660.9,1644307401947.9,3272375355010.0,4776494108621.0,929627577933.0
2024,12,Sulawesi Utara,3653838603399.8,1521049403395.8,2131577594004.0,3707934255582.0,410830760409.0
2024,12,Sumatera Barat,6482418683405.2,2942563617866.2,3496315733539.0,6524664745124.0,765506194874.35
2024,12,Sumatera Selatan,10965288224935.0,5312548123256.2,5648721133679.0,10908424497431.0,1303072011451.4
2024,12,Sumatera Utara,13236899906825.0,7368763728579.3,5774784762671.0,13306890170297.0,2010844855277.0
2025,1,Aceh,633878561527.64,170135991517.76,463150736100.0,137806240391.0,9440000.0
2025,1,Bali,615452665254.72,234753167254.72,380695458000.0,212256933294.03,0.0
2025,1,Bangka Belitung,207188009934.07,51252912334.07,155935097600.0,71063124783.0,0.0
2025,1,Banten,907215172488.82,394284275688.82,512930896800.0,123095176188.0,881250000.0
2025,1,Bengkulu,212666209812.6,44469778812.6,168196431000.0,94319137924.0,0.0
2025,1,DI Yogyakarta,320117526291.25,119129201291.25,200813400000.0,127081913698.0,43132598.0
2025,1,DKI Jakarta,3043838474658.0,3028437874658.0,15400600000.0,1407477225687.0,329508200.0
2025,1,Gorontalo,209882229182.0,36382219582.0,173500009600.0,88582517218.0,0.0
2025,1,Jambi,326574871525.32,104802208085.32,221771236100.0,73663260895.17,0.0
2025,1,Jawa Barat,3216056535460.0,1030622852460.0,2185433683000.0,1809074423875.0,330647160.0
2025,1,Jawa Tengah,2547228089994.0,881279617894.0,1665948472100.0,1632365542830.0,258005475.0
2025,1,Jawa Timur,1830819991956.8,1110742715315.7,716906001500.0,521708170187.0,31914620.0
2025,1,Kalimantan Barat,656685063778.18,189542972978.18,467142090800.0,117945622959.0,0.0
2025,1,Kalimantan Selatan,825776810867.84,344163418375.84,481285472700.0,148803739944.0,2999703144.0
2025,1,Kalimantan Tengah,610707089970.8,168337843180.05,441788112450.0,71133675526.79,0.0
2025,1,Kalimantan Timur,1213662692368.0,638760755768.03,573587056600.0,147691912134.5,0.0
2025,1,Kalimantan Utara,234612671421.82,66944437853.82,167482265500.0,47415633790.0,0.0
2025,1,Kepulauan Riau,463912398170.48,188808327688.48,274936746700.0,60552840309.0,0.0
2025,1,Lampung,454463692128.69,158307618528.69,295742803600.0,196049776029.0,0.0
2025,1,Maluku,317400516162.57,33492654262.57,283907861900.0,59894773589.03,0.0
2025,1,Maluku Utara,338877819332.6,99928079632.6,238949739700.0,52727530791.0,0.0
2025,1,NTB,649930668341.5,173666275641.5,476264392700.0,165758425853.68,58821000.0
2025,1,NTT,520308437139.59,52687223506.59,467621213633.0,92647521672.0,16386930.0
2025,1,Papua,130382054237.34,29960353837.34,100231565400.0,4796890241.0,7880000.0
2025,1,Papua Barat,103706806485.42,11386173685.42,92286637800.0,35637947466.0,0.0
2025,1,Papua Barat Daya,99595187740.0,18939143740.0,80603954000.0,10654575283.0,0.0
2025,1,Papua Pegunungan,34229128264.0,2245740464.0,31983387800.0,17892104775.0,0.0
2025,1,Papua Selatan,72176182005.0,5450699705.0,66725482300.0,8024682335.0,0.0
2025,1,Papua Tengah,186559883858.0,35124932358.0,151368751500.0,11277993879.0,0.0
2025,1,Riau,504594823748.76,247093035748.76,257118868000.0,270759693119.0,0.0
2025,1,Sulawesi Barat,210865934918.0,23882541618.0,186983393300.0,52109299922.0,29520000.0
2025,1,Sulawesi Selatan,916253898647.07,258510251911.07,657660007800.0,364550191211.0,0.0
2025,1,Sulawesi Tengah,327776451004.51,112735691904.51,215040094100.0,85406948970.0,480871368.0
2025,1,Sulawesi Tenggara,482132938728.99,115513441228.99,366619497500.0,99431783278.0,0.0
2025,1,Sulawesi Utara,259213096889.64,58683715097.64,200529381792.0,140547617949.0,0.0
2025,1,Sumatera Barat,640850260208.34,139470094908.34,501319841300.0,123076125450.0,0.0
2025,1,Sumatera Selatan,605113652000.43,234946670500.43,370166981500.0,178866308533.0,0.0
2025,1,Sumatera Utara,1336588358695.1,325986495220.08,1005026665700.0,205113571811.0,0.0
2025,2,Aceh,922392142119.53,299281408792.87,622354852500.0,383178095487.0,46384500.0
2025,2,Bali,1209094427460.4,697019431285.4,512070956175.0,498339728243.28,4084474140.0
2025,2,Bangka Belitung,333220215237.41,96428826537.41,236791388700.0,148969477539.0,0.0
2025,2,Banten,1461442909522.6,771846707870.61,689596201652.0,897485449004.0,9632260077.0
2025,2,Bengkulu,307251404907.88,113112166491.88,194139238416.0,187157887807.0,5300400000.0
2025,2,DI Yogyakarta,546511453716.42,225044129379.42,321078309337.0,290317597050.95,2065217363.0
2025,2,DKI Jakarta,9841285413794.0,5944058085394.0,3897227328400.0,3613922492050.0,6922673580.0
2025,2,Gorontalo,318560513020.0,57912421045.0,260648091975.0,190783224298.0,54875000.0
2025,2,Jambi,516308880741.6,196480432241.6,319817334100.0,199714934369.31,1424987250.0
2025,2,Jawa Barat,4733494140012.0,2048126921414.0,2685367218598.0,3030103985676.0,75955268544.0
2025,2,Jawa Tengah,3676031985370.0,2009513604100.0,1666488643270.0,2517303564531.0,8056273420.0
2025,2,Jawa Timur,3494395688519.5,2227197618722.0,1262647696200.0,1363902722197.0,1999573328.0
2025,2,Kalimantan Barat,953714522417.29,330878540217.29,622835982200.0,262009799345.65,160751821.0
2025,2,Kalimantan Selatan,1319228007569.9,690927454501.88,627568307611.0,1155831470957.2,5961600644.0
2025,2,Kalimantan Tengah,953301413636.61,371665016665.86,580460603957.0,173264037774.83,0.0
2025,2,Kalimantan Timur,1827461157791.0,1251184771191.0,573587056600.0,599531293321.65,23229717691.0
2025,2,Kalimantan Utara,395893130401.38,119280543333.38,276421649000.0,155795579346.0,0.0
2025,2,Kepulauan Riau,654987307800.71,287700852899.15,367073605314.0,160750743597.0,6307997.0
2025,2,Lampung,812128554542.53,346580402977.53,464059795565.0,438199814970.0,248209889.0
2025,2,Maluku,317600516162.57,33692654262.57,283907861900.0,59894773589.03,0.0
2025,2,Maluku Utara,511690484742.88,193789813842.88,317900670900.0,192095787451.6,21403873365.0
2025,2,NTB,985522685659.19,344252981334.19,641155504220.0,378033997548.52,4844791570.0
2025,2,NTT,698356263424.58,99436307791.58,598919955633.0,214840452360.0,77395834.0
2025,2,Papua,158456203302.58,56889160402.58,101198907900.0,111758641509.0,36713800.0
2025,2,Papua Barat,114679433540.95,22315609740.95,92288888800.0,97789422816.0,10000000.0
2025,2,Papua Barat Daya,141125044196.08,31715896946.08,109305637250.0,46095457016.0,0.0
2025,2,Papua Pegunungan,67534920964.0,3555658964.0,63979262000.0,125048490292.0,28085700000.0
2025,2,Papua Selatan,104747886869.0,14308645569.0,90409141300.0,37906212161.0,0.0
2025,2,Papua Tengah,283534695806.0,67365991106.0,216034904700.0,22119667564.0,0.0
2025,2,Riau,1147727937924.2,464945705124.23,681973662800.0,565308996203.0,1140785000.0
2025,2,Sulawesi Barat,304080981068.73,45687511633.73,258288745277.0,161885662766.0,68805800.0
2025,2,Sulawesi Selatan,1388294055354.1,509939713151.07,878165309400.0,676690769067.12,39803750.0
2025,2,Sulawesi Tengah,689245522216.42,217808797016.42,471436060200.0,288506800105.0,20527737517.0
2025,2,Sulawesi Tenggara,689724863805.08,213010212305.08,476714651500.0,319612189034.0,0.0
2025,2,Sulawesi Utara,437780870393.06,141736777992.06,296044092401.0,296078519380.0,3389000000.0
2025,2,Sumatera Barat,954194917911.9,274043246254.9,680002415657.0,304221914145.0,216142400.0
2025,2,Sumatera Selatan,1348084652373.5,492937700312.46,855146952061.0,352730579211.98,3080988800.0
2025,2,Sumatera Utara,1778987322180.3,590643662165.28,1182768462240.0,962490791314.38,167378603466.22
2025,3,Aceh,1471974984955.6,674243104961.05,796415824117.0,1249795474705.2,27953763375.0
2025,3,Bali,1692875974392.5,1064617713587.5,628254220805.0,926810768385.78,11509909554.0
2025,3,Bangka Belitung,468584326403.59,147471616353.59,321112710050.0,399511280985.06,0.0
2025,3,Banten,1992411271447.3,1222897056167.3,769514215280.0,1677631036248.0,15589058399.0
2025,3,Bengkulu,588480933395.47,198429544001.47,390051389394.0,388172092243.0,6963392880.0
2025,3,DI Yogyakarta,1011959618331.3,463563543094.28,547619252703.0,699675652304.13,7642605586.0
2025,3,DKI Jakarta,13110942260576.0,9189181597176.0,3921760663400.0,10959790017372.0,65096926570.0
2025,3,Gorontalo,447418129240.0,94084884451.0,350262291849.0,320072221315.0,789608400.0
2025,3,Jambi,875540337077.7,366999330697.7,508529306860.0,496696115483.31,5708563686.0
2025,3,Jawa Barat,6557410932182.0,3242071264546.0,3315339667636.0,5379191145624.0,194879827876.0
2025,3,Jawa Tengah,5559729013069.0,2974957302149.0,2584725504499.0,4269177649486.0,24315355467.0
2025,3,Jawa Timur,5171368850853.0,3460797661094.6,1705555772815.0,3627407117762.5,31980864195.0
2025,3,Kalimantan Barat,1576311248107.2,714319143169.17,861992104938.0,645597563400.25,6785298526.0
2025,3,Kalimantan Selatan,2265496179184.5,1149562848883.5,1114825042461.0,1646873145876.5,25576849671.0
2025,3,Kalimantan Tengah,1547318162251.6,567043756661.86,978457500923.0,603434110698.06,119544175335.0
2025,3,Kalimantan Timur,3511615670325.2,2013610061089.2,1493914384236.0,1291839951542.8,31430687537.0
2025,3,Kalimantan Utara,627655950634.08,183612215721.08,443849625020.0,348924321840.0,1905014545.0
2025,3,Kepulauan Riau,901570820616.82,419312815669.75,482024927709.0,689016751735.58,16717179081.29
2025,3,Lampung,1280045778938.6,643017206078.6,634947511860.0,998762295557.88,125728916686.0
2025,3,Maluku,697653297918.07,146308753418.07,551344544500.0,254018394713.22,2485287500.0
2025,3,Maluku Utara,822454404837.09,286648827237.09,535805577600.0,432797478736.59,21408997959.0
2025,3,NTB,1400489334386.4,510108774324.42,890186645417.0,991914499042.46,9473021821.0
2025,3,NTT,862119157529.43,146878832235.43,715240325294.0,502878085547.0,245968449.0
2025,3,Papua,283546049459.72,83134040213.72,199892596771.0,351710797871.75,330085860.0
2025,3,Papua Barat,237108664114.95,33114097091.95,183462478000.0,220386329410.0,5739736782.0
2025,3,Papua Barat Daya,209483363649.75,55752670549.75,153567888100.0,105209208220.0,1870800000.0
2025,3,Papua Pegunungan,132822871213.0,4926779213.0,127896092000.0,234602297251.0,28085700000.0
2025,3,Papua Selatan,161777082552.0,31177177902.0,130512354650.0,92740523161.0,46350000.0
2025,3,Papua Tengah,466622135582.0,99997998132.0,366415137450.0,130146449983.34,28000000.0
2025,3,Riau,1676402783192.1,816405704204.06,858709468988.0,1158012369322.0,2194366576.0
2025,3,Sulawesi Barat,464840226806.73,80843771933.73,383785749971.0,315967870161.0,81405800.0
2025,3,Sulawesi Selatan,1910948729745.1,796243316045.07,1114427851800.0,1418771702883.4,244842950.0
2025,3,Sulawesi Tengah,978821984173.85,349512820123.85,629308499050.0,627066809471.0,58078782584.0
2025,3,Sulawesi Tenggara,1118243714114.2,466138669016.22,652105045098.0,539992739180.0,463185611.0
2025,3,Sulawesi Utara,629233927836.3,240077750234.3,389156177602.0,523259980925.0,6528276616.0
2025,3,Sumatera Barat,1418521419179.0,567348273063.96,850893816115.0,756307554533.0,27162127459.0
2025,3,Sumatera Selatan,2018706503864.8,811997589868.81,1206708913996.0,797473187312.89,9343930323.0
2025,3,Sumatera Utara,2706553669484.6,1201569773471.5,1499129242838.0,2122566689994.2,280517262980.22
2025,4,Aceh,2032493212048.2,1015664246809.6,1015507933652.0,1805309145307.2,28687066275.0
2025,4,Bali,2245351597022.9,1451289985502.9,794057571520.0,1489275607002.8,24396541564.0
2025,4,Bangka Belitung,667955346403.24,196122223212.24,471833123191.0,525722382721.23,40721000.0
2025,4,Banten,3286632829497.5,2203269020567.5,1083363808930.0,2164512252712.0,34979239766.0
2025,4,Bengkulu,800019986876.45,282412073382.45,517607913494.0,494651204846.0,6963392880.0
2025,4,DI Yogyakarta,1376479791269.9,687069457782.89,688421962953.0,1084141581912.7,73167046182.0
2025,4,DKI Jakarta,22701351156947.0,14000307201447.0,8701043955500.0,14068638258747.0,160474122530.0
2025,4,Gorontalo,651527948880.7,170715528725.7,472047335249.0,416463844333.0,1430975559.0
2025,4,Jambi,1240926262935.3,632116290959.28,608796495496.0,746466877818.31,10169906572.0
2025,4,Jawa Barat,9886547528431.0,5874011519495.0,4012536008936.0,6538860747951.0,237592703208.0
2025,4,Jawa Tengah,8205034890265.0,4997740223960.0,3207244409884.0,5413263351207.0,44217847515.0
2025,4,Jawa Timur,9314809667222.0,5762183400557.0,3547218363365.0,5641321504552.6,108160038508.0
2025,4,Kalimantan Barat,2147367618846.5,1119449900375.5,1027917718471.0,960392193950.25,12064773649.0
2025,4,Kalimantan Selatan,3147116302600.7,1653580336799.7,1473238425664.0,1988536636169.2,71825190809.0
2025,4,Kalimantan Tengah,2090186657457.3,818538021130.53,1155626759458.0,1290567961334.3,605682054435.0
2025,4,Kalimantan Timur,4821330176202.4,3094928850912.4,1721158160290.0,1717147876944.2,80039871791.0
2025,4,Kalimantan Utara,907760724786.44,277468044085.44,598932893896.0,477025123259.0,3865130460.0
2025,4,Kepulauan Riau,1234502850880.4,658317008460.28,575897692309.0,861649003440.44,18414035171.29
2025,4,Lampung,1950479753400.8,1090178682865.8,857473989535.0,1420599757309.6,251709195080.0
2025,4,Maluku,916197084587.43,243906427920.43,672290656667.0,387684190534.72,16695493377.0
2025,4,Maluku Utara,1110358090211.6,381900164699.65,728072425512.0,523501787502.03,21913186022.0
2025,4,NTB,1969669184881.2,871332331524.2,1098068838967.0,1262346089209.9,20604590018.0
2025,4,NTT,1322860139157.6,368949366084.64,953910773073.0,676324442561.0,543407461.0
2025,4,Papua,433885350240.66,201744227077.66,201142602771.0,432899123056.75,338838360.0
2025,4,Papua Barat,516010592060.95,105307932443.95,275815520970.0,301913432992.0,14307058782.0
2025,4,Papua Barat Daya,264530644096.75,82043877746.75,182269571350.0,142621820527.0,1870800000.0
2025,4,Papua Pegunungan,235545811757.0,50367302733.0,185178509024.0,271116533470.52,28085700000.0
2025,4,Papua Selatan,224553087873.0,45448050636.0,179017487237.0,130624753754.0,885300000.0
2025,4,Papua Tengah,1729836642862.0,132283203893.0,435940271880.0,189860985409.84,28000000.0
2025,4,Riau,2403321520347.2,1280957466135.2,1120692544212.0,1431479824492.0,2593155376.0
2025,4,Sulawesi Barat,604867905726.12,150461010153.12,454138589971.0,356990821793.0,2730871500.0
2025,4,Sulawesi Selatan,2776347642590.8,1358033947938.8,1417953505512.0,1555874478625.8,531772950.0
2025,4,Sulawesi Tengah,1420792050839.0,593716239787.98,827075146051.0,785676207065.0,60653877484.0
2025,4,Sulawesi Tenggara,1480762791561.3,580933214731.27,899829576830.0,755717927547.0,945785611.0
2025,4,Sulawesi Utara,944792342455.22,463105786026.22,481686556429.0,628251862115.0,8814635893.0
2025,4,Sumatera Barat,2003329883523.7,915338958918.66,1087680748605.0,1037326154578.8,36353361287.0
2025,4,Sumatera Selatan,3079171334888.2,1453840697512.2,1625330637376.0,1131222067749.4,16743022503.0
2025,4,Sumatera Utara,4022870503106.3,1971951698805.3,1728441534138.0,2629918185412.0,290587018154.22
2025,5,Aceh,3665083818093.5,1167806426504.9,2495937090552.0,2707520031944.2,97452443638.71
2025,5,Bali,2613919133313.3,1709207491798.3,904707601515.0,1844695814226.7,46084009740.4
2025,5,Bangka Belitung,918343859313.24,337497624072.24,580846235241.0,652709214908.23,821694500.0
2025,5,Banten,3842783069736.3,2682801454506.3,1159981615230.0,3023112540502.0,53034572867.0
2025,5,Bengkulu,1025055471331.9,402130688787.94,622924782544.0,670847713432.0,6963392880.0
2025,5,DI Yogyakarta,1591685933815.6,799148499853.56,790459529331.0,1435115075372.7,102742858736.0
2025,5,DKI Jakarta,31494111053300.0,22752934537800.0,8741176515500.0,18053109776171.0,417842696140.0
2025,5,Gorontalo,766784013289.51,198530240619.51,559186594349.0,534027592686.08,3151108500.0
2025,5,Jambi,1586396069390.1,784911237903.12,801470776787.0,939796202494.73,16583545642.0
2025,5,Jawa Barat,11781996981295.0,7351862449376.0,4430134531919.0,9512595332515.0,352222890328.0
2025,5,Jawa Tengah,9711566834000.0,6066575189694.0,3554058748004.0,7900163947577.0,57284366570.0
2025,5,Jawa Timur,10967328884990.0,6984903611803.1,3976982649139.0,8765197730129.9,179659665190.0
2025,5,Kalimantan Barat,2518888155540.2,1307819086019.2,1211069069521.0,1320767518667.2,22077894176.0
2025,5,Kalimantan Selatan,3998615562368.6,2037770115382.6,1931462873724.0,3092596133879.0,139354205773.0
2025,5,Kalimantan Tengah,2701065581985.7,1008330205454.9,1563775462268.0,1779604104279.8,821325021413.35
2025,5,Kalimantan Timur,6521455192512.9,3753132967115.9,2579478890940.0,3317770468023.4,168953467496.0
2025,5,Kalimantan Utara,1108327455928.1,333094954372.05,743870714751.0,637687444145.0,10977543160.0
2025,5,Kepulauan Riau,1450161932422.1,766546730559.51,683181371139.0,1211636791822.5,25591021495.68
2025,5,Lampung,2411751358819.9,1314594293318.9,1091468670365.0,1951847444545.6,377725387697.0
2025,5,Maluku,1070131882738.5,273124637461.52,797007245277.0,588688790041.55,26572519352.0
2025,5,Maluku Utara,1396920004001.9,491365929088.86,886337078593.0,783299175844.03,24811755559.0
2025,5,NTB,2421672642087.7,1037590177274.7,1383732153873.0,1759319879354.3,31330638125.0
2025,5,NTT,1597098138518.1,457735405503.12,1139362733015.0,975138926902.0,4275046398.0
2025,5,Papua,567462542413.4,238979391330.4,292770228821.0,577914195338.75,521057610.0
2025,5,Papua Barat,580433536317.95,115960705000.95,329553032670.0,400562766349.0,16532034776.0
2025,5,Papua Barat Daya,321834705989.75,94827672489.75,226743538500.0,189241010005.4,3974800000.0
2025,5,Papua Pegunungan,235545811757.0,50367302733.0,185178509024.0,271116533470.52,28085700000.0
2025,5,Papua Selatan,292360278052.0,65573599765.0,221651128287.0,204353691416.0,1295092000.0
2025,5,Papua Tengah,1923462715750.0,175428849331.0,586367999330.0,374511463989.77,14743111063.93
2025,5,Riau,3025581443927.6,1659673136215.6,1363740767712.0,1987022476072.0,3829226881.0
2025,5,Sulawesi Barat,704122244432.35,174424607545.35,529369160671.0,466492367914.0,6843084799.0
2025,5,Sulawesi Selatan,3455234050653.6,1806504778397.6,1648264504312.0,2195336257513.0,753207450.0
2025,5,Sulawesi Tengah,1792859432929.6,712583501247.61,1045929742201.0,1289657031791.9,97903689569.0
2025,5,Sulawesi Tenggara,1818852413998.8,747797810318.78,1071054603680.0,901995183739.0,4487885839.0
2025,5,Sulawesi Utara,964040038105.23,482353481676.23,481686556429.0,748699789925.0,10649577748.0
2025,5,Sumatera Barat,2424642380454.0,1079980999249.0,1344270043205.0,1505549538449.8,62922494132.0
2025,5,Sumatera Selatan,3735878647540.7,1739870732689.7,1996007914851.0,1512180621366.8,33560462385.0
2025,5,Sumatera Utara,4637954632291.7,2314385574244.7,1961033999138.0,3437495496181.1,294837905431.22
2025,6,Aceh,4235189410879.0,1376387535338.4,2857451617054.0,3805535916835.5,146566591094.71
2025,6,Bali,3150556406660.4,1991196758913.4,1159355607747.0,2511116326365.8,64399307910.32
2025,6,Bangka Belitung,1096774360373.7,399702909682.72,697071450691.0,809092506290.23,947033492.0
2025,6,Banten,4649846562908.5,3138555617697.5,1511290945211.0,4084219819603.0,136375196381.0
2025,6,Bengkulu,1188521075691.0,461690269696.96,726830805994.0,954056100415.22,10128715624.41
2025,6,DI Yogyakarta,2737445731033.9,906084408206.94,1829050573196.0,1918844210833.7,120208315855.0
2025,6,DKI Jakarta,41068241118840.0,26700091589390.0,14368149529450.0,25526193852802.0,995110516290.0
2025,6,Gorontalo,915232411497.0,236076659627.0,670088573549.0,714666266805.08,7265091512.0
2025,6,Jambi,1825395523703.6,851515603876.57,973867627987.0,1306228794715.7,17334366517.0
2025,6,Jawa Barat,14246261460481.0,8796705373462.0,5449556087019.0,12292936865269.0,546137086728.0
2025,6,Jawa Tengah,11340418873772.0,7266993482311.0,3982392495159.0,9661361194462.0,101684630354.0
2025,6,Jawa Timur,13521462414133.0,8575387022133.6,4943779616089.0,10945339330797.0,257111407051.0
2025,6,Kalimantan Barat,2954347767592.8,1508031432315.8,1446316335277.0,1861651891921.2,56946660475.0
2025,6,Kalimantan Selatan,4780701503979.2,2456085487936.2,2292329580076.0,3606513752423.0,270655019983.0
2025,6,Kalimantan Tengah,2889036820751.5,1160784814068.7,1583332893623.0,2304143900363.9,899887511194.42
2025,6,Kalimantan Timur,7723066202535.5,4576861243632.5,3138497843903.0,5376843412770.0,349631859717.0
2025,6,Kalimantan Utara,1264797047073.8,378336284557.75,858028238457.0,848365629046.0,15214723988.0
2025,6,Kepulauan Riau,1711031695886.4,870972842947.43,839519392939.0,1441906853197.7,40906414106.45
2025,6,Lampung,2692828419308.0,1526906960221.0,1158733477815.0,2417078359187.8,431143920014.1
2025,6,Maluku,1366612102737.7,329898248555.7,1036713854182.0,1008636731637.3,29832014376.0
2025,6,Maluku Utara,1543840937661.9,558641530338.87,985199407323.0,976099116398.05,28345140580.0
2025,6,NTB,2988438087432.4,1212843864423.4,1687411988144.0,2367614128512.3,47286590775.0
2025,6,NTT,2214488275975.2,749164681310.25,1464723846165.0,1649856632390.0,11097391774.0
2025,6,Papua,867950884788.0,223012585500.0,609047473515.0,847425975334.75,5514713528.0
2025,6,Papua Barat,522257850933.22,119076177293.22,402963528640.0,523844104069.0,25579748330.0
2025,6,Papua Barat Daya,456867655497.0,53938827700.0,402766022797.0,246363481109.99,4640944400.0
2025,6,Papua Pegunungan,299704949075.0,52691191601.0,247013757474.0,417945859154.52,30085700000.0
2025,6,Papua Selatan,554436992827.0,77687267473.0,471582575354.0,273603959114.0,2579564300.0
2025,6,Papua Tengah,1542700779665.0,164937299007.0,216034904700.0,604775359623.03,33999253515.69
2025,6,Riau,3793284331342.1,1938981479630.1,1851686571712.0,2916097966275.0,5213613084.0
2025,6,Sulawesi Barat,801872865234.73,194342321632.73,607528093602.0,607851496642.0,19817321758.0
2025,6,Sulawesi Selatan,4366108987722.3,2231705551639.3,2133660521579.0,2882740583373.2,787807450.0
2025,6,Sulawesi Tengah,2217276677226.9,863928139825.88,1319002347920.0,1508768839923.9,112248731669.0
2025,6,Sulawesi Tenggara,1671089881621.8,742062201973.76,929027679648.0,1350504637164.0,24453887177.0
2025,6,Sulawesi Utara,1585970131216.6,661676800802.65,924293330414.0,1245163755876.0,29254710398.0
2025,6,Sumatera Barat,2951596375583.8,1280947269476.8,1670163634107.0,2433603076266.8,132124331207.0
2025,6,Sumatera Selatan,4348175891611.5,2094988931860.5,2253186959751.0,2254721586566.8,67946796902.0
2025,6,Sumatera Utara,4730918017107.7,2630695830554.7,1737687127644.0,4076731647693.0,550370314213.22
2025,7,Aceh,6304674186664.7,1630910226498.2,4672413076180.0,4369967328740.5,202560992663.22
2025,7,Bali,3664563946973.8,2375143320480.8,1286207443299.0,2963551145349.2,124581459670.36
2025,7,Bangka Belitung,1280246360272.1,466873856090.12,813372504182.0,1081867277611.3,19251370423.0
2025,7,Banten,5358819765720.8,3776312612709.8,1579315351011.0,4192252325049.0,126811445697.0
2025,7,Bengkulu,1480504885280.6,557316684836.62,923188200444.0,1225443485210.4,90938513824.47
2025,7,DI Yogyakarta,2981527161286.8,1173154667574.8,1801470476081.0,2451253019427.7,165370713537.0
2025,7,DKI Jakarta,44682872928752.0,31587053566152.0,13095819362600.0,30157906377584.0,1567034924124.0
2025,7,Gorontalo,1037274257521.6,285449452651.59,742565801549.0,866810437037.37,12627442188.0
2025,7,Jambi,2465003136206.9,1099161792885.9,1364735787401.0,2104941906688.2,71492225882.0
2025,7,Jawa Barat,16501705727472.0,10573152567453.0,5928553160019.0,13976901954458.0,773082133568.0
2025,7,Jawa Tengah,13790358604300.0,8850146412450.0,4849042049228.0,11763823193078.0,261170037990.0
2025,7,Jawa Timur,16767807201123.0,10693029295761.0,6027924806109.0,13823310555999.0,560620168845.0
2025,7,Kalimantan Barat,3509555066993.0,1765555294214.0,1743563762779.0,2156758462825.2,78571383259.0
2025,7,Kalimantan Selatan,6027768889669.2,2859635033832.2,2999453228605.0,4648607842094.0,616762759188.0
2025,7,Kalimantan Tengah,3926139151320.3,1458288144736.3,2322135197047.0,2867624150724.6,1012677930236.6
2025,7,Kalimantan Timur,9413902268812.6,5131441288954.6,4002705230474.0,7271525108495.2,723922734375.23
2025,7,Kalimantan Utara,1541863952887.4,482822736859.42,1027679428737.0,1061302902829.3,24249039464.0
2025,7,Kepulauan Riau,2034547669895.2,1049608534666.6,983788788380.0,1822395019802.7,66961622115.45
2025,7,Lampung,3323638437719.0,1781022738497.0,1513579743320.0,2909098911326.5,467134871502.88
2025,7,Maluku,1495094997025.8,344092349039.77,1151002647986.0,1097262554561.1,45687754300.0
2025,7,Maluku Utara,2027936006037.1,679526680845.97,1329086187871.0,1204539081538.2,49502555776.0
2025,7,NTB,3612367072067.7,1603640355494.7,1919891112348.0,2831908490963.2,97912225476.0
2025,7,NTT,2618678097469.2,907685890254.15,1710392458715.0,1945268527685.0,23386510752.0
2025,7,Papua,1155963194326.1,327553267969.08,663603062315.0,1183048440145.4,23325910990.0
2025,7,Papua Barat,1624331912472.4,163164700025.45,1326163578800.0,732859844370.41,69152770799.41
2025,7,Papua Barat Daya,611913177652.57,137705380352.57,473835117300.0,332096629638.99,4750594400.0
2025,7,Papua Pegunungan,567454022057.0,54418397083.0,513035624974.0,573994520911.52,45751886000.0
2025,7,Papua Selatan,613995984188.0,91085088234.0,517663571954.0,434430382122.0,21082438300.0
2025,7,Papua Tengah,2525373080074.9,310911622299.9,1046204328249.0,1294891660843.0,34033937215.69
2025,7,Riau,4461210176008.0,2406255105296.0,2051310500712.0,3465265092140.0,14675762988.0
2025,7,Sulawesi Barat,1008784899553.2,262154918188.16,746159391633.0,872383707515.0,48812700499.0
2025,7,Sulawesi Selatan,4943561422881.4,2695954370598.4,2222668795579.0,3527340812223.7,15034970584.0
2025,7,Sulawesi Tengah,2588343062549.2,1049817027152.5,1503496877051.0,1974977368882.6,156016265055.0
2025,7,Sulawesi Tenggara,2734764340312.1,969048321300.07,1765401835012.0,1853102423777.0,84851788138.0
2025,7,Sulawesi Utara,1588615637187.7,715356480653.7,872785624534.0,1356856135464.0,36522941276.0
2025,7,Sumatera Barat,3536430822048.6,1583532170363.6,1946532111685.0,2581553036467.8,168347205772.0
2025,7,Sumatera Selatan,5384579364365.4,2616589437995.4,2766635618370.0,3068500592605.8,158607139122.0
2025,7,Sumatera Utara,6220351386540.3,3243152913093.3,2614632739538.0,4582405105212.0,352642183148.22
2025,8,Aceh,7062348028471.1,1801362674201.6,5258187430210.0,5389976690691.2,307592827730.1
2025,8,Bali,4219323640066.0,2674992520817.0,1540638500055.0,3452354277803.6,203764910044.65
2025,8,Bangka Belitung,1473682334222.2,548128477490.2,925553856732.0,1199888369850.5,27894215298.0
2025,8,Banten,6437383745811.4,4210056395500.4,2223603581311.0,4850009880429.0,180672006567.0
2025,8,Bengkulu,1857266275632.5,648804291097.45,1207611504535.0,1530631478468.4,141644723448.47
2025,8,DI Yogyakarta,3270332830412.9,1298695921556.9,1964105662225.0,2731587956720.5,192694953470.0
2025,8,DKI Jakarta,54155157065294.0,35565118756894.0,18590038308400.0,34289660651658.0,2256609258872.0
2025,8,Gorontalo,1165049511735.6,323060492610.59,832653285804.0,998750363408.37,25603284870.0
2025,8,Jambi,2812355296966.9,1217597403590.9,1585224587001.0,2329207777315.2,124367202781.0
2025,8,Jawa Barat,19986261703907.0,11669300230088.0,8316961473819.0,16941916053354.0,1054536362828.0
2025,8,Jawa Tengah,15919171421773.0,9790814302070.0,6022308792081.0,14606783936764.0,504930372650.0
2025,8,Jawa Timur,18996322609997.0,11948458308381.0,6998618451361.0,16742700545637.0,727918197909.0
2025,8,Kalimantan Barat,3937072563470.0,1933957618549.0,2002257524921.0,2544271245003.2,117386991093.0
2025,8,Kalimantan Selatan,7346799194237.1,3344472542502.1,3833026893085.0,5524172310650.8,796661457688.0
2025,8,Kalimantan Tengah,4766895607867.5,1669687582543.0,2680869376871.0,3509904604708.9,1132437595027.2
2025,8,Kalimantan Timur,11008311343480.0,5813520723462.5,4911441120634.0,8885213906622.2,1015746602899.9
2025,8,Kalimantan Utara,1794174279337.8,543775055483.75,1219037436563.0,1239076280565.3,32506451656.0
2025,8,Kepulauan Riau,2533024867430.5,1170990907582.9,1360775720999.0,2107094295491.7,74240037802.65
2025,8,Lampung,4140934996064.5,2137888713340.5,1969529137832.0,3671049420860.1,577699722806.88
2025,8,Maluku,1682531682966.9,414102418626.9,1268239291340.0,1238269844837.8,57274207244.0
2025,8,Maluku Utara,2459697765446.7,789375284257.64,1650984180869.0,1505325360976.8,78913854761.89
2025,8,NTB,4374068359362.8,1793907175126.8,2401972822466.0,3253868361719.5,144200145987.0
2025,8,NTT,3430822518791.1,968910983734.08,2259430115189.0,2202820223288.0,41313366570.0
2025,8,Papua,1291924732079.2,374112369006.22,723218935815.0,1407243870843.9,51430060238.67
2025,8,Papua Barat,1682940135301.2,182133370469.2,1365760201185.0,911577252532.41,94980903345.41
2025,8,Papua Barat Daya,690461513254.57,167267354954.57,522772043300.0,454714481435.99,7484015945.0
2025,8,Papua Pegunungan,750629688007.0,54418397083.0,696211290924.0,703920499727.52,71975814139.0
2025,8,Papua Selatan,689939820523.99,115934510768.99,568718435755.0,531413392522.6,37394304767.0
2025,8,Papua Tengah,2748601108509.1,350619443753.06,1229659635230.0,1621564942274.2,57494793503.81
2025,8,Riau,5272455493488.8,2735138318176.8,2532636525312.0,4345710542033.4,70046862134.51
2025,8,Sulawesi Barat,1102227494891.7,283182796173.66,818497404264.0,978701080820.0,63012896056.0
2025,8,Sulawesi Selatan,6028441700070.1,3244978211047.1,2758344400545.0,4299523311044.6,39619790461.0
2025,8,Sulawesi Tengah,3116100459585.1,1211082991336.4,1865549263546.0,2382803723533.7,178003058291.0
2025,8,Sulawesi Tenggara,3165903605159.3,1117966695647.3,2047570361512.0,2087035468773.0,118329953423.0
2025,8,Sulawesi Utara,1809213025003.5,803870519519.5,1004868973484.0,1550164004234.0,47767314876.0
2025,8,Sumatera Barat,4046568320584.3,1782542805654.3,2253818915930.0,2953577541512.8,215416944017.0
2025,8,Sumatera Selatan,6500737974679.0,2920437632403.0,3578268880276.0,3845808588979.4,252953433991.0
2025,8,Sumatera Utara,7097108011039.3,3562325031842.3,3172213995288.0,5685287549325.2,367706825649.52
2025,9,Aceh,7800743717741.6,1994809248591.1,5802958977841.0,6441268767234.9,385439454899.1
2025,9,Bali,4881047150198.3,3022811932823.3,1854063162181.0,3819926784355.5,253668138996.91
2025,9,Bangka Belitung,1654646169618.1,606941233378.05,1047704936240.0,1372800285952.9,39902445499.0
2025,9,Banten,7154588464687.6,4637559272003.6,2512773456684.0,5418302811113.2,242622576140.0
2025,9,Bengkulu,2130331774892.8,759881293249.78,1369493691643.0,1774388937975.8,190873312942.39
2025,9,DI Yogyakarta,3516692626611.9,1430584865705.9,2077936060275.0,3062391689828.4,256656034973.0
2025,9,DKI Jakarta,58050015920965.0,39411635139565.0,18638380781400.0,41506194351742.0,3105639965136.0
2025,9,Gorontalo,1360566950450.6,357168066536.59,994063150593.0,1104573800249.4,37192285299.03
2025,9,Jambi,3168217457501.5,1341218641507.5,1817309297649.0,2733634411706.1,177020297639.96
2025,9,Jawa Barat,21692695447876.0,12775840306358.0,8916855141518.0,18705110202069.0,1386720350708.0
2025,9,Jawa Tengah,17570268189567.0,10746828226395.0,6713140725550.0,16245415127046.0,725818033848.0
2025,9,Jawa Timur,20818757731176.0,13129510045661.0,7637595569361.0,18197835276554.0,879363703938.92
2025,9,Kalimantan Barat,4347382563773.3,2097330877765.3,2248772856008.0,2817822790194.2,161123244343.0
2025,9,Kalimantan Selatan,8417308084254.4,3769821653337.4,4477526476267.0,6116201764794.8,1004707060660.0
2025,9,Kalimantan Tengah,5480159040343.0,1907220880717.5,3155824534134.0,4161747553642.1,1256888452523.6
2025,9,Kalimantan Timur,13069592974062.0,6505850811821.0,6278840850280.0,10338399605060.0,1359177355743.9
2025,9,Kalimantan Utara,2062361942134.0,603176916842.95,1427538460000.0,1459830588020.6,52538665114.0
2025,9,Kepulauan Riau,2798090112965.1,1299749943230.6,1496974038886.0,2432569516252.0,101406873927.92
2025,9,Lampung,4650304278959.6,2352054252625.6,2263448377442.0,4217347858393.4,629423880473.73
2025,9,Maluku,1978924058798.0,442904621423.96,1535829464374.0,1400746928742.0,64443332890.0
2025,9,Maluku Utara,2582167411788.1,844954087526.97,1717859860941.0,1708548193710.8,130568588621.89
2025,9,NTB,4834809641673.3,1988359606510.3,2667839273483.0,3560248418052.8,162473367100.0
2025,9,NTT,3622785844493.2,1031987434236.2,2388316990389.0,2437398835884.0,70444537836.0
2025,9,Papua,1639019695954.7,420615502404.71,1023593721559.0,1620040401547.8,75429965341.06
2025,9,Papua Barat,1882219667512.0,207083892229.98,1540042916635.0,1552949598755.4,148371587263.41
2025,9,Papua Barat Daya,764109582304.57,184772258814.57,578848898490.0,547017951708.0,17190736768.0
2025,9,Papua Pegunungan,783454289857.0,54418397083.0,729035892774.0,851773175729.52,72411711381.0
2025,9,Papua Selatan,749899455878.99,127548408363.99,617007511515.0,642879688773.2,59716832617.0
2025,9,Papua Tengah,3026365961045.1,426949854389.06,1430971777130.0,2032101531865.2,207991462865.58
2025,9,Riau,6076688958930.8,3074345194232.8,2996623504698.0,5014493451608.8,166701123007.09
2025,9,Sulawesi Barat,1289431783605.3,315404238563.26,973136981997.0,1096349897639.0,71805898934.0
2025,9,Sulawesi Selatan,6755356695502.6,3746593780910.6,2964122090964.0,4803480941257.6,57135850506.0
2025,9,Sulawesi Tengah,3431491884648.7,1242086938192.9,2149822939753.0,2630265970163.0,203041255533.54
2025,9,Sulawesi Tenggara,3521932534660.3,1252003674878.3,2269509947782.0,2608849889977.0,205243465053.0
2025,9,Sulawesi Utara,2238478375141.3,901493719545.27,1336353279596.0,1756003092355.0,67496928062.0
2025,9,Sumatera Barat,4519281294229.7,1981133666451.7,2524106459778.0,3235038776739.5,251898751496.76
2025,9,Sumatera Selatan,7233706983632.1,3245716870250.1,3985281497382.0,5033445602981.0,480719395920.3
2025,9,Sumatera Utara,8180952912246.3,3945636221844.3,3872747706493.0,7111316221013.0,552564714292.52
2025,10,Aceh,8279817888811.5,2255967356661.0,6020700325841.0,6961876350880.3,449989349543.33
2025,10,Bali,5507635508373.8,3432211819744.8,2070772197435.0,4778266361389.8,348883588068.33
2025,10,Bangka Belitung,1857968900081.5,691372866891.49,1166596033190.0,1512632937768.2,52432990870.13
2025,10,Banten,8182839907079.2,5321089334074.1,2856962870005.0,6442112558376.8,332063746787.5
2025,10,Bengkulu,2357747419201.0,864319309259.02,1492365009942.0,2013946369820.8,325562924065.39
2025,10,DI Yogyakarta,3875875936506.2,1637692350639.2,2229376976236.0,3669575840616.4,391954460515.0
2025,10,DKI Jakarta,61868982113507.0,43161439482107.0,18707542631400.0,47207305683474.0,4295758340511.0
2025,10,Gorontalo,1508318938712.6,413202971506.59,1085665138885.0,1222607171231.4,55850451760.93
2025,10,Jambi,3537900829099.1,1530871665285.1,1997183519249.0,3021396352817.1,217536022961.95
2025,10,Jawa Barat,24789501629056.0,14815362106894.0,9974139522162.0,22563189230290.0,1803727036310.0
2025,10,Jawa Tengah,20113747534477.0,12442601642809.0,7558721199046.0,18466016852731.0,901137063327.0
2025,10,Jawa Timur,23702722976995.0,15173593174609.0,8474859008831.0,20288305378708.0,1045818496650.9
2025,10,Kalimantan Barat,4859453806397.6,2372985185527.6,2485189790870.0,3211741810500.2,245053617541.0
2025,10,Kalimantan Selatan,9196125496445.4,4277920431779.4,4747635589016.0,7121879277458.4,1292165907707.0
2025,10,Kalimantan Tengah,5964556782676.1,2121630691183.6,3425050569001.0,4683052439553.1,1450876233427.0
2025,10,Kalimantan Timur,13960100852570.0,7266593925329.8,6407143760279.0,12371522334273.0,1844561869707.9
2025,10,Kalimantan Utara,2062361942133.9,603176916842.95,1427538460000.0,1459830588020.6,52538665114.0
2025,10,Kepulauan Riau,3199617313718.2,1470516338319.6,1727626444464.0,2887205462364.1,143043035918.62
2025,10,Lampung,5227021556659.5,2738486880688.6,2450531778979.0,4593870203599.5,673205706789.68
2025,10,Maluku,2154469169839.0,477437070388.0,1676842126451.0,1624613272658.7,100929238209.68
2025,10,Maluku Utara,2681359172778.1,930007347266.97,1731998362191.0,1928799574276.7,192827979733.78
2025,10,NTB,5428695117774.3,2282596530569.3,2967411693460.0,4177476506400.1,210587502470.0
2025,10,NTT,3825201764898.7,1190455852760.7,2432264492270.0,2796413342298.0,94873736934.0
2025,10,Papua,1866384248056.1,473948085376.15,1197428350058.0,1812111021192.8,95494715044.58
2025,10,Papua Barat,2090223376342.6,234072164110.59,1720919926585.0,1794093851125.9,213146591633.41
2025,10,Papua Barat Daya,837820755464.57,201019070474.57,636252264990.0,827902120032.53,49452251522.0
2025,10,Papua Pegunungan,1418054913138.0,82919263214.0,1335135649924.0,1162226933887.4,164346221959.3
2025,10,Papua Selatan,1105021144967.0,149101986901.99,950553372065.0,771033173636.99,78942633351.0
2025,10,Papua Tengah,3399513483376.1,434347344320.06,1796570859530.0,2354910198536.4,226333423067.58
2025,10,Riau,6851922672923.5,3488031430125.5,3357141772798.0,5564418834869.8,360733458728.76
2025,10,Sulawesi Barat,1475179749002.8,369433883329.75,1104806752628.0,1228590746707.9,88996651594.0
2025,10,Sulawesi Selatan,7713285777923.4,4355081259473.4,3313486239462.0,5298841994513.7,106713663448.0
2025,10,Sulawesi Tengah,3882471802514.7,1505141652199.9,2337748143612.0,3142328982195.4,276689638390.54
2025,10,Sulawesi Tenggara,3867174831648.2,1455884090716.2,2410819464932.0,2994191136787.0,262001821740.0
2025,10,Sulawesi Utara,2561642749363.3,1029614795425.3,1531238733938.0,2123123532826.0,114095526904.0
2025,10,Sumatera Barat,5046327265619.2,2280814601543.2,2748109399076.0,4026288223538.5,307448107805.76
2025,10,Sumatera Selatan,8255047091598.7,3730911379319.7,4521427096279.0,6295434094866.4,672506525630.9
2025,10,Sumatera Utara,9970242040568.3,4682212243423.3,4925460813236.0,8194425502055.8,618082294115.17
2025,11,Aceh,9771508092323.8,2428877557083.2,7339293505212.0,8035983566823.3,552403517529.63
2025,11,Bali,6051971274868.5,3777679674764.5,2269160672910.0,5405451764500.7,459554627772.81
2025,11,Bangka Belitung,2050412613893.8,756599686825.84,1293812927068.0,1703179307112.5,68556026177.13
2025,11,Banten,8836985047272.8,5722876808314.7,3108256601958.0,7248725605021.7,420558113442.03
2025,11,Bengkulu,2526842818117.7,927620951875.65,1598158766242.0,2222008709196.5,378664440497.39
2025,11,DI Yogyakarta,4308975991649.7,1753387984182.7,2546152505836.0,4100163035150.1,468325518703.0
2025,11,DKI Jakarta,68419239661979.0,46102897593779.0,22305680268200.0,53552035524118.0,5603082074069.0
2025,11,Gorontalo,1676293354265.6,447519472802.59,1219323053142.0,1386260755214.3,72243803749.45
2025,11,Jambi,3832075712390.1,1643453451084.1,2178775922771.0,3245442754086.5,255406899522.28
2025,11,Jawa Barat,26630596783298.0,15873453433509.0,10757050809789.0,25245539117791.0,2310030487661.0
2025,11,Jawa Tengah,21377897482663.0,13339271101242.0,7926201688799.0,20425381068762.0,1165053337069.0
2025,11,Jawa Timur,26153724942892.0,16447178522743.0,9652205366483.0,24330951579734.0,1563961383742.0
2025,11,Kalimantan Barat,5320694610088.6,2548478013290.6,2770086446798.0,3731446484923.2,314680739012.0
2025,11,Kalimantan Selatan,10490877295920.0,4705356424332.0,5414324849938.0,8425659921468.8,1759493495987.0
2025,11,Kalimantan Tengah,6173423424501.1,2317062926313.6,3438484975696.0,5445884754751.6,1558637199060.8
2025,11,Kalimantan Timur,15648636266758.0,7840344724272.4,7520616895525.0,14259299184691.0,2182315467393.9
2025,11,Kalimantan Utara,2293479960160.2,645688830297.16,1616144564572.0,1651682896503.6,68413739717.0
2025,11,Kepulauan Riau,3479130989378.6,1585621373327.0,1891926556117.0,3154136251239.6,178776869243.87
2025,11,Lampung,5851142436747.1,2960481788154.1,2850304087485.0,5172862582700.1,818128432969.51
2025,11,Maluku,2431571561012.8,578487970010.77,1852893618002.0,1805637053403.8,124885481769.81
2025,11,Maluku Utara,2695936233567.1,937981869006.97,1738585738240.0,2157183823637.4,231674945944.78
2025,11,NTB,6012102401784.4,2475903166856.4,3356985038083.0,4787631827553.9,290476296083.0
2025,11,NTT,3827058664348.6,1192312752210.7,2432264492270.0,2927325012012.0,136037863509.0
2025,11,Papua,2106273306209.9,504702778593.89,1406384756958.0,2144457961140.0,144475015418.49
2025,11,Papua Barat,2839365349395.1,248276732770.09,2455816930978.0,2558280830164.9,273844974056.41
2025,11,Papua Barat Daya,1201980326155.6,244096733812.57,957283382343.0,1153967242652.5,88713762979.0
2025,11,Papua Pegunungan,1418054913138.0,82919263214.0,1335135649924.0,1162226933887.4,164346221959.3
2025,11,Papua Selatan,1162724150130.8,168018805465.76,989269700665.0,1005997255175.3,127970327250.0
2025,11,Papua Tengah,3588946785530.6,472115659474.63,1948161948530.0,2647853545356.0,246955145851.58
2025,11,Riau,7553884638569.4,3778372141671.4,3767759976898.0,6598188000462.4,432040753635.76
2025,11,Sulawesi Barat,1632812556875.8,396369941445.75,1235457778226.0,1418089439906.9,103627470538.0
2025,11,Sulawesi Selatan,8276453242767.5,4619908221537.5,3598858919492.0,6179025319850.9,219458938160.5
2025,11,Sulawesi Tengah,4202407612118.8,1635275745027.0,2527549860389.0,3503940160503.5,335093858572.74
2025,11,Sulawesi Tenggara,4391887369984.2,1577297282367.2,2814118811617.0,3476575523915.0,370248674906.0
2025,11,Sulawesi Utara,2790048189354.3,1136255130517.3,1653003838837.0,2376723233785.0,160777839430.0
2025,11,Sumatera Barat,5499551451129.2,2463652948741.2,3012316776388.0,4557942958045.5,389067382328.76
2025,11,Sumatera Selatan,9158739983473.7,4039699063325.7,5115655150148.0,7885867567974.3,892216906809.2
2025,11,Sumatera Utara,10563958097566.0,5018539215715.0,5182679068942.0,8962831021478.9,754241441412.17
2025,12,Aceh,10212013130755.0,2540607780764.1,7641042269762.0,9800508834360.6,877312930191.7
2025,12,Bali,7048315869271.6,4628083379382.6,2379317000326.0,6554652991551.6,773687032749.53
2025,12,Bangka Belitung,2108125832307.0,789037275230.04,1319088557077.0,2030530248990.3,120077936171.11
2025,12,Banten,9121736746412.4,5742338909341.4,3373014233071.0,8906464211502.6,905827348670.57
2025,12,Bengkulu,2778869819134.3,988326940350.33,1789479778784.0,2719501822223.6,588317985881.39
2025,12,DI Yogyakarta,5061500637896.2,1923041843035.2,3127990945230.0,4764406863484.5,617508790207.0
2025,12,DKI Jakarta,68420444948779.0,46104102880579.0,22305680268200.0,53552570062774.0,5603082074069.0
2025,12,Gorontalo,1816437276802.6,520837867618.59,1286148580863.0,1641110524271.1,98751704718.24
2025,12,Jambi,4059200351358.6,1802028001452.6,2241395823038.0,3694221454995.2,310671414863.08
2025,12,Jawa Barat,29409029921122.0,18088079295759.0,11297657293363.0,30365140496303.0,4232135385373.0
2025,12,Jawa Tengah,23761968977877.0,14973131878336.0,8625363756508.0,23871838129256.0,1795558675999.0
2025,12,Jawa Timur,26153868580292.0,16447322160143.0,9652205366483.0,25227935792373.0,1775399589218.0
2025,12,Kalimantan Barat,5760920514834.5,2814580950323.5,2944209414511.0,5248907845495.2,630914066130.0
2025,12,Kalimantan Selatan,11178673345387.0,5286221694094.2,5520530808643.0,11090554026417.0,3269031505446.5
2025,12,Kalimantan Tengah,6173423424501.1,2317062926313.6,3438484975696.0,5445884754751.6,1558637199060.8
2025,12,Kalimantan Timur,17525879026153.0,8635104208755.2,8601466975437.0,19092208886728.0,4122418356379.9
2025,12,Kalimantan Utara,2390742656462.4,691990383050.36,1667074066121.0,2268764539455.6,170407559928.0
2025,12,Kepulauan Riau,3712434360163.5,1736336133204.9,1974299383024.0,3715604258925.5,232159877710.16
2025,12,Lampung,6316219336324.7,3235824732296.7,3034380716970.0,6179675394691.9,1006818490920.9
2025,12,Maluku,2707309674413.2,623352610801.18,2083767090612.0,2498251280734.5,183366840778.81
2025,12,Maluku Utara,2876571494144.8,1017506741289.7,1839680963535.0,2845596147452.1,399482024646.33
2025,12,NTB,6857496679999.6,3001597337300.6,3671577666279.0,6490899187377.4,627521032684.0
2025,12,NTT,4428546254127.0,1280590729472.0,2945474104787.0,4320302330271.3,299130950588.07
2025,12,Papua,2358762238854.0,566826746541.95,1596465094031.0,2844773397680.3,298512007921.1
2025,12,Papua Barat,3379460216332.7,357582616251.72,2886529065434.0,3282304438685.2,446110292712.41
2025,12,Papua Barat Daya,1524942623151.6,278913384858.57,1245296768293.0,1557631781387.8,165702808375.0
2025,12,Papua Pegunungan,1418054913138.0,82919263214.0,1335135649924.0,1162226933887.4,164346221959.3
2025,12,Papua Selatan,1364220390149.8,187305973511.76,1171434268638.0,1300246331725.0,181279955692.0
2025,12,Papua Tengah,4041401236829.6,523517959965.63,2349126199338.0,3816984991090.6,462480785214.49
2025,12,Riau,8291852164565.4,4244566119409.4,4038723545156.0,7735805804592.4,684443242538.51
2025,12,Sulawesi Barat,1769552859128.0,452060239983.0,1316475331941.0,1707153699473.5,157705302718.0
2025,12,Sulawesi Selatan,8890247590527.7,5087454177547.7,3744702358992.0,7512784172900.2,424350577929.5
2025,12,Sulawesi Tengah,4584400003062.6,1860758691937.9,2683945502422.0,4460439468251.1,502430479654.12
2025,12,Sulawesi Tenggara,4687966061646.2,1653940174873.2,3033554610773.0,4216536956398.0,587716920085.0
2025,12,Sulawesi Utara,3060429548458.4,1255787627998.4,1803694856460.0,2948773893397.8,309302300410.83
2025,12,Sumatera Barat,6207996645654.6,2763868829028.6,3365500418626.0,6041051585846.2,719602262636.13
2025,12,Sumatera Selatan,9998316159262.2,4515568804114.2,5478684431148.0,9523213469574.0,1263755770699.4
2025,12,Sumatera Utara,12027332189656.0,5686579805629.3,5904028335885.0,11518437566854.0,1217259537771.5
2022,2,DI Yogyakarta,5531194851402.3,2263431316669.6,3256850196484.0,5449935625661.6,704882049066.74
2022,2,Jawa Timur,31904776417444.0,21256651207716.0,10563739586218.0,31502993060591.0,2505994499065.6
2022,2,Kalimantan Barat,6103471493098.2,3217812121331.2,2826541835787.0,5726863899071.0,1003966698357.8
2022,2,Kalimantan Timur,16804693779013.0,8997262540257.7,7790284158755.0,12393745833368.0,1980010052267.6
